Scenario,Barangay_ID,Barangay_Name,Hazard_Level,FA_Allocated,FA_Required,EFA_Allocated,EFA_Required,FA_Score,EFA_Score,Percentage_Change
1,ALICIA,Brgy. Alicia,Medium,140,7,244,7,19,33,73.68
1,AMIHAN,Brgy. Amihan,Medium,155,4,147,4,37,35,-5.41
1,APOLONIO_SAMSON,Brgy. Apolonio Samson,Medium,359,34,345,34,9,9,0.0
1,BAESA,Brgy. Baesa,Medium,434,56,394,56,6,6,0.0
1,BAGBAG,Brgy. Bagbag,None,0,0,0,0,1,1,0.0
1,BAGONG_LIPUNAN_NG_CRAME,Brgy. Bagong Lipunan ng Crame,Medium,190,14,192,14,12,12,0.0
1,BAGONG_PAG_ASA,Brgy. Bagong Pag-asa,Medium,347,30,40,30,10,0,-100.0
1,BAGONG_SILANGAN,Brgy. Bagong Silangan,Low,311,54,302,54,4,4,0.0
1,BAGUMBAYAN,Brgy. Bagumbayan,Low,183,12,272,12,14,21,50.0
1,BAGUMBUHAY,Brgy. Bagumbuhay,Low,158,4,57,4,38,13,-65.79
1,BAHAY_TORO,Brgy. Bahay Toro,Low,295,30,275,30,8,8,0.0
1,BALINGASA,Brgy. Balingasa,Medium,196,20,104,20,8,4,-50.0
1,BALUMBATO,Brgy. Balumbato,Medium,172,7,30,7,23,3,-86.96
1,BATASAN_HILLS,Brgy. Batasan Hills,Medium,396,167,279,167,1,0,-100.0
1,BAYANIHAN,Brgy. Bayanihan,Medium,145,1,40,1,144,39,-72.92
1,BLUE_RIDGE_A,Brgy. Blue Ridge A,Low,118,1,97,1,117,96,-17.95
1,BLUE_RIDGE_B,Brgy. Blue Ridge B,Medium,59,2,150,2,28,74,164.29
1,BOTOCAN,Brgy. Botocan,Medium,84,8,221,8,9,26,188.89
1,BUNGAD,Brgy. Bungad,Medium,151,8,191,8,17,22,29.41
1,CAMP_AGUINALDO,Brgy. Camp Aguinaldo,Medium,151,4,114,4,36,27,-25.0
1,CAPRI,Brgy. Capri,None,0,0,0,0,1,1,0.0
1,CENTRAL,Brgy. Central,Medium,72,20,279,20,2,12,500.0
1,COMMONWEALTH,Brgy. Commonwealth,Medium,571,214,692,214,1,2,100.0
1,CULIAT,Brgy. Culiat,Medium,412,68,360,68,5,4,-20.0
1,DAMAR,Brgy. Damar,Medium,119,1,154,1,118,153,29.66
1,DAMAYAN,Brgy. Damayan,Medium,259,7,128,7,36,17,-52.78
1,DAMAYANG_LAGI,Brgy. Damayang Lagi,Medium,69,20,229,20,2,10,400.0
1,DEL_MONTE,Brgy. Del Monte,Medium,174,11,114,11,14,9,-35.71
1,DIOQUINO_ZOBEL,Brgy. Dioquino Zobel,Medium,112,2,87,2,55,42,-23.64
1,DONA_AURORA,Brgy. Dona Aurora,Medium,28,5,229,5,4,44,1000.0
1,DONA_IMELDA,Brgy. Dona Imelda,Medium,185,12,226,12,14,17,21.43
1,DONA_JOSEFA,Brgy. Dona Josefa,Medium,43,2,71,2,20,34,70.0
1,DON_MANUEL,Brgy. Don Manuel,Medium,97,2,93,2,47,45,-4.26
1,DUYAN_DUYAN,Brgy. Duyan-Duyan,Medium,220,2,72,2,109,35,-67.89
1,EAST_KAMIAS,Brgy. East Kamias,Medium,127,7,163,7,17,22,29.41
1,ESCOBA_1,Brgy. Escopa 1,None,0,0,0,0,1,1,0.0
1,ESCOBA_2,Brgy. Escopa 2,Medium,42,2,153,2,20,75,275.0
1,ESCOBA_3,Brgy. Escopa 3,None,0,0,0,0,1,1,0.0
1,ESCOBA_4,Brgy. Escopa 4,Medium,46,2,152,2,22,75,240.91
1,E_RODRIGUEZ,Brgy. E. Rodriguez,Medium,277,18,237,18,14,12,-14.29
1,FAIRVIEW,Brgy. Fairview,Medium,332,62,381,62,4,5,25.0
1,GREATER_LAGRO,Brgy. Greater Lagro,Medium,267,24,152,24,10,5,-50.0
1,GULOD,Brgy. Gulod,Medium,231,63,529,63,2,7,250.0
1,HOLY_SPIRIT,Brgy. Holy Spirit,Medium,506,112,714,112,3,5,66.67
1,HORSESHOE,Brgy. Horseshoe,Medium,121,3,74,3,39,23,-41.03
1,IMMACULATE_CONCEPTION,Brgy. Immaculate Conception,Medium,244,9,238,9,26,25,-3.85
1,KALIGAYAHAN,Brgy. Kaligayahan,Medium,564,61,530,61,8,7,-12.5
1,KALUSUGAN,Brgy. Kalusugan,Medium,153,5,153,5,29,29,0.0
1,KAMUNING,Brgy. Kamuning,None,0,0,0,0,1,1,0.0
1,KATIPUNAN,Brgy. Katipunan,None,0,0,0,0,1,1,0.0
1,KAUNLARAN,Brgy. Kaunlaran,Low,297,7,166,7,41,22,-46.34
1,KRISTONG_HARI,Brgy. Kristong Hari,Low,31,4,198,4,6,48,700.0
1,KRUS_NA_LIGAS,Brgy. Krus na Ligas,Medium,263,22,219,22,10,8,-20.0
1,LAGING_HANDA,Brgy. Laging Handa,Medium,144,5,189,5,27,36,33.33
1,LIBIS,Brgy. Libis,Medium,119,5,161,5,22,31,40.91
1,LOURDES,Brgy. Lourdes,Medium,25,5,156,5,4,30,650.0
1,LOYOLA_HEIGHTS,Brgy. Loyola Heights,Medium,222,22,200,22,9,8,-11.11
1,MAHARLIKA,Brgy. Maharlika,Low,106,3,147,3,34,48,41.18
1,MALAYA,Brgy. Malaya,Medium,68,3,74,3,21,23,9.52
1,MANGGA,Brgy. Mangga,Medium,68,12,139,12,4,10,150.0
1,MANRESA,Brgy. Manresa,Medium,122,18,258,18,5,13,160.0
1,MARIANA,Brgy. Mariana,Medium,172,12,224,12,13,17,30.77
1,MARIBLO,Brgy. Mariblo,Medium,148,4,126,4,36,30,-16.67
1,MARILAG,Brgy. Marilag,Medium,203,13,224,13,14,16,14.29
1,MASAGANA,Brgy. Masagana,Medium,128,5,127,5,24,24,0.0
1,MASAMBONG,Brgy. Masambong,Low,274,5,54,5,53,9,-83.02
1,MATANDANG_BALARA,Brgy. Matandang Balara,Medium,379,70,406,70,4,4,0.0
1,MILAGROSA,Brgy. Milagrosa,Medium,54,7,206,7,6,28,366.67
1,NAGKAISANG_NAYON,Brgy. Nagkaisang Nayon,Medium,65,54,45,54,0,0,0.0
1,NAYONG_KANLURAN,Brgy. Nayong Kanluran,Medium,111,3,180,3,36,59,63.89
1,NEW_ERA,Brgy. New Era,None,0,0,0,0,1,1,0.0
1,NORTH_FAIRVIEW,Brgy. North Fairview,Medium,418,45,195,45,8,3,-62.5
1,NOVALICHES_PROPER,Brgy. Novaliches Proper,Medium,294,16,311,16,17,18,5.88
1,NS_AMORANTO,Brgy. N. S. Amoranto,Medium,124,6,44,6,19,6,-68.42
1,OBRERO,Brgy. Obrero,Medium,63,10,233,10,5,22,340.0
1,OLD_CAPITOL_SITE,Brgy. Old Capitol Site,Low,166,1,92,1,165,91,-44.85
1,PAANG_BUNDOK,Brgy. Paang Bundok,None,0,0,0,0,1,1,0.0
1,PAG_IBIG_SA_NAYON,Brgy. Pag-Ibig sa Nayon,Medium,31,6,130,6,4,20,400.0
1,PALIGSAHAN,Brgy. Paligsahan,Medium,193,4,55,4,47,12,-74.47
1,PALTOK,Brgy. Paltok,Medium,50,19,174,19,1,8,700.0
1,PANSOL,Brgy. Pansol,Medium,342,36,221,36,8,5,-37.5
1,PARAISO,Brgy. Paraiso,Medium,81,4,137,4,19,33,73.68
1,PASONG_PUTIK_PROPER,Brgy. Pasong Putik Proper,Medium,413,40,273,40,9,5,-44.44
1,PASONG_TAMO,Brgy. Pasong Tamo,Medium,612,111,334,111,4,2,-50.0
1,PAYATAS,Brgy. Payatas,Medium,311,140,657,140,1,3,200.0
1,PHILAM,Brgy. Philam,Low,153,2,161,2,75,79,5.33
1,PINAGKAISAHAN,Brgy. Pinagkaisahan,Medium,176,5,199,5,34,38,11.76
1,PINYAHAN,Brgy. Pinyahan,Low,242,11,316,11,21,27,28.57
1,PROJECT_6,Brgy. Project 6,Medium,229,12,227,12,18,17,-5.56
1,QUIRINO_2A,Brgy. Quirino 2-A,Medium,145,5,153,5,28,29,3.57
1,QUIRINO_2B,Brgy. Quirino 2-B,Medium,183,4,218,4,44,53,20.45
1,QUIRINO_2C,Brgy. Quirino 2-C,Medium,104,4,80,4,25,19,-24.0
1,QUIRINO_3A,Brgy. Quirino 3-A,Medium,99,2,143,2,48,70,45.83
1,QUIRINO_3B,Brgy. Quirino 3-B,None,0,0,0,0,1,1,0.0
1,RAMON_MAGSAYSAY,Brgy. Ramon Magsaysay,Low,319,8,179,8,38,21,-44.74
1,ROXAS,Brgy. Roxas,Low,187,6,219,6,30,35,16.67
1,SACRED_HEART,Brgy. Sacred Heart,Medium,195,7,95,7,26,12,-53.85
1,SAINT_IGNATIUS,Brgy. Saint Ignatius,Medium,76,3,90,3,24,29,20.83
1,SAINT_PETER,Brgy. Saint Peter,Low,212,3,151,3,69,49,-28.99
1,SALVACION,Brgy. Salvacion,None,0,0,0,0,1,1,0.0
1,SANGANDAAN,Brgy. Sangandaan,Medium,380,22,179,22,16,7,-56.25
1,SANTOL,Brgy. Santol,None,0,0,0,0,1,1,0.0
1,SAN_AGUSTIN,Brgy. San Agustin,Medium,396,26,333,26,14,11,-21.43
1,SAN_ANTONIO,Brgy. San Antonio,Medium,139,23,296,23,5,11,120.0
1,SAN_BARTOLOME,Brgy. San Bartolome,None,0,0,0,0,1,1,0.0
1,SAN_ISIDRO,Brgy. San Isidro,None,0,0,0,0,1,1,0.0
1,SAN_ISIDRO_LABRADOR,Brgy. San Isidro Labrador,Medium,38,7,191,7,4,26,550.0
1,SAN_JOSE,Brgy. San Jose,Medium,57,6,244,6,8,39,387.5
1,SAN_MARTIN_DE_PORRES,Brgy. San Martin de Porres,None,0,0,0,0,1,1,0.0
1,SAN_ROQUE,Brgy. San Roque,Low,56,10,87,10,4,7,75.0
1,SAN_VICENTE,Brgy. San Vicente,Medium,43,8,130,8,4,15,275.0
1,SAUYO,Brgy. Sauyo,Medium,337,77,330,77,3,3,0.0
1,SIENA,Brgy. Siena,Medium,183,3,127,3,60,41,-31.67
1,SIKATUNA_VILLAGE,Brgy. Sikatuna Village,Medium,116,7,166,7,15,22,46.67
1,SILANGAN,Brgy. Silangan,Medium,129,5,189,5,24,36,50.0
1,SOCORRO,Brgy. Socorro,Medium,76,23,72,23,2,2,0.0
1,SOUTH_TRIANGLE,Brgy. South Triangle,Medium,289,15,131,15,18,7,-61.11
1,STA_CRUZ,Brgy. Sta. Cruz,Medium,63,4,75,4,14,17,21.43
1,STA_LUCIA,Brgy. Sta. Lucia,Low,401,15,105,15,25,6,-76.0
1,STA_MONICA,Brgy. Sta. Monica,Medium,456,52,486,52,7,8,14.29
1,STA_TERESITA,Brgy. Sta. Teresita,Medium,143,12,172,12,10,13,30.0
1,STO_CRISTO,Brgy. Sto. Cristo,Medium,41,26,79,26,0,2,200000000.0
1,STO_DOMINGO,Brgy. Sto. Domingo,Medium,276,12,96,12,22,7,-68.18
1,STO_NINO,Brgy. Sto. Nino,Medium,14,8,125,8,0,14,1400000000.0
1,TAGUMPAY,Brgy. Tagumpay,Low,102,2,32,2,50,15,-70.0
1,TALAYAN,Brgy. Talayan,Medium,132,5,58,5,25,10,-60.0
1,TALIPAPA,Brgy. Talipapa,Low,234,20,227,20,10,10,0.0
1,TANDANG_SORA,Brgy. Tandang Sora,Low,611,42,94,42,13,1,-92.31
1,TATALON,Brgy. Tatalon,Medium,407,56,212,56,6,2,-66.67
1,TEACHERS_VILLAGE_EAST,Brgy. Teachers Village East,Low,203,2,96,2,100,47,-53.0
1,TEACHERS_VILLAGE_WEST,Brgy. Teachers Village West,Low,90,2,76,2,44,37,-15.91
1,UGONG_NORTE,Brgy. Ugong Norte,None,0,0,0,0,1,1,0.0
1,UNANG_SIGAW,Brgy. Unang Sigaw,Low,34,4,174,4,7,42,500.0
1,UP_CAMPUS,Brgy. UP Campus,Medium,229,48,424,48,3,7,133.33
1,UP_VILLAGE,Brgy. UP Village,Medium,143,4,168,4,34,41,20.59
1,VALENCIA,Brgy. Valencia,Medium,193,11,176,11,16,15,-6.25
1,VASRA,Brgy. Vasra,Medium,140,8,214,8,16,25,56.25
1,VETERANS_VILLAGE,Brgy. Veterans Village,Low,267,7,205,7,37,28,-24.32
1,VILLA_MARIA_CLARA,Brgy. Villa Maria Clara,Low,173,2,182,2,85,90,5.88
1,WEST_KAMIAS,Brgy. West Kamias,Medium,88,5,70,5,16,13,-18.75
1,WEST_TRIANGLE,Brgy. West Triangle,Low,148,2,116,2,73,57,-21.92
1,WHITE_PLAINS,Brgy. White Plains,Low,71,2,203,2,34,100,194.12
2,ALICIA,Brgy. Alicia,Medium,123,7,48,7,16,5,-68.75
2,AMIHAN,Brgy. Amihan,Medium,180,4,144,4,44,35,-20.45
2,APOLONIO_SAMSON,Brgy. Apolonio Samson,Medium,370,34,244,34,9,6,-33.33
2,BAESA,Brgy. Baesa,Medium,366,56,264,56,5,3,-40.0
2,BAGBAG,Brgy. Bagbag,High,639,130,276,130,3,1,-66.67
2,BAGONG_LIPUNAN_NG_CRAME,Brgy. Bagong Lipunan ng Crame,Medium,89,14,180,14,5,11,120.0
2,BAGONG_PAG_ASA,Brgy. Bagong Pag-asa,Medium,363,30,219,30,11,6,-45.45
2,BAGONG_SILANGAN,Brgy. Bagong Silangan,Medium,223,107,659,107,1,5,400.0
2,BAGUMBAYAN,Brgy. Bagumbayan,Medium,203,23,255,23,7,10,42.86
2,BAGUMBUHAY,Brgy. Bagumbuhay,None,0,0,0,0,1,1,0.0
2,BAHAY_TORO,Brgy. Bahay Toro,Medium,426,60,415,60,6,5,-16.67
2,BALINGASA,Brgy. Balingasa,Medium,152,20,216,20,6,9,50.0
2,BALUMBATO,Brgy. Balumbato,Medium,202,7,97,7,27,12,-55.56
2,BATASAN_HILLS,Brgy. Batasan Hills,Medium,518,167,621,167,2,2,0.0
2,BAYANIHAN,Brgy. Bayanihan,Medium,140,1,68,1,139,67,-51.8
2,BLUE_RIDGE_A,Brgy. Blue Ridge A,None,0,0,0,0,1,1,0.0
2,BLUE_RIDGE_B,Brgy. Blue Ridge B,Medium,175,2,193,2,86,95,10.47
2,BOTOCAN,Brgy. Botocan,Medium,27,8,191,8,2,22,1000.0
2,BUNGAD,Brgy. Bungad,Medium,55,8,30,8,5,2,-60.0
2,CAMP_AGUINALDO,Brgy. Camp Aguinaldo,Medium,113,4,121,4,27,29,7.41
2,CAPRI,Brgy. Capri,Medium,270,13,236,13,19,17,-10.53
2,CENTRAL,Brgy. Central,Low,134,10,162,10,12,15,25.0
2,COMMONWEALTH,Brgy. Commonwealth,Low,151,107,479,107,0,3,300000000.0
2,CULIAT,Brgy. Culiat,Medium,147,68,617,68,1,8,700.0
2,DAMAR,Brgy. Damar,Medium,117,1,35,1,116,34,-70.69
2,DAMAYAN,Brgy. Damayan,Medium,188,7,123,7,25,16,-36.0
2,DAMAYANG_LAGI,Brgy. Damayang Lagi,Medium,177,20,107,20,7,4,-42.86
2,DEL_MONTE,Brgy. Del Monte,Low,247,6,125,6,40,19,-52.5
2,DIOQUINO_ZOBEL,Brgy. Dioquino Zobel,Low,111,1,122,1,110,121,10.0
2,DONA_AURORA,Brgy. Dona Aurora,None,0,0,0,0,1,1,0.0
2,DONA_IMELDA,Brgy. Dona Imelda,Medium,285,12,136,12,22,10,-54.55
2,DONA_JOSEFA,Brgy. Dona Josefa,Low,128,1,113,1,127,112,-11.81
2,DON_MANUEL,Brgy. Don Manuel,Low,136,1,73,1,135,72,-46.67
2,DUYAN_DUYAN,Brgy. Duyan-Duyan,None,0,0,0,0,1,1,0.0
2,EAST_KAMIAS,Brgy. East Kamias,Medium,143,7,76,7,19,9,-52.63
2,ESCOBA_1,Brgy. Escopa 1,Medium,32,3,123,3,9,40,344.44
2,ESCOBA_2,Brgy. Escopa 2,Low,138,1,127,1,137,126,-8.03
2,ESCOBA_3,Brgy. Escopa 3,Medium,246,8,173,8,29,20,-31.03
2,ESCOBA_4,Brgy. Escopa 4,Low,44,1,186,1,43,185,330.23
2,E_RODRIGUEZ,Brgy. E. Rodriguez,Medium,192,18,252,18,9,13,44.44
2,FAIRVIEW,Brgy. Fairview,Low,350,31,338,31,10,9,-10.0
2,GREATER_LAGRO,Brgy. Greater Lagro,Low,160,12,109,12,12,8,-33.33
2,GULOD,Brgy. Gulod,Medium,533,63,348,63,7,4,-42.86
2,HOLY_SPIRIT,Brgy. Holy Spirit,Medium,491,112,372,112,3,2,-33.33
2,HORSESHOE,Brgy. Horseshoe,None,0,0,0,0,1,1,0.0
2,IMMACULATE_CONCEPTION,Brgy. Immaculate Conception,Medium,107,9,116,9,10,11,10.0
2,KALIGAYAHAN,Brgy. Kaligayahan,Medium,372,61,405,61,5,5,0.0
2,KALUSUGAN,Brgy. Kalusugan,Medium,182,5,213,5,35,41,17.14
2,KAMUNING,Brgy. Kamuning,None,0,0,0,0,1,1,0.0
2,KATIPUNAN,Brgy. Katipunan,Medium,223,11,139,11,19,11,-42.11
2,KAUNLARAN,Brgy. Kaunlaran,Medium,273,13,224,13,20,16,-20.0
2,KRISTONG_HARI,Brgy. Kristong Hari,None,0,0,0,0,1,1,0.0
2,KRUS_NA_LIGAS,Brgy. Krus na Ligas,Low,239,11,325,11,20,28,40.0
2,LAGING_HANDA,Brgy. Laging Handa,Medium,194,5,185,5,37,36,-2.7
2,LIBIS,Brgy. Libis,Medium,201,5,104,5,39,19,-51.28
2,LOURDES,Brgy. Lourdes,Medium,98,5,171,5,18,33,83.33
2,LOYOLA_HEIGHTS,Brgy. Loyola Heights,Low,242,11,116,11,21,9,-57.14
2,MAHARLIKA,Brgy. Maharlika,Medium,168,5,197,5,32,38,18.75
2,MALAYA,Brgy. Malaya,Medium,163,3,97,3,53,31,-41.51
2,MANGGA,Brgy. Mangga,Low,67,6,151,6,10,24,140.0
2,MANRESA,Brgy. Manresa,Medium,188,18,101,18,9,4,-55.56
2,MARIANA,Brgy. Mariana,Low,170,6,249,6,27,40,48.15
2,MARIBLO,Brgy. Mariblo,Medium,124,4,125,4,30,30,0.0
2,MARILAG,Brgy. Marilag,Medium,152,13,112,13,10,7,-30.0
2,MASAGANA,Brgy. Masagana,Low,200,3,84,3,65,27,-58.46
2,MASAMBONG,Brgy. Masambong,Medium,263,9,125,9,28,12,-57.14
2,MATANDANG_BALARA,Brgy. Matandang Balara,None,0,0,0,0,1,1,0.0
2,MILAGROSA,Brgy. Milagrosa,Medium,76,7,83,7,9,10,11.11
2,NAGKAISANG_NAYON,Brgy. Nagkaisang Nayon,Low,216,27,476,27,7,16,128.57
2,NAYONG_KANLURAN,Brgy. Nayong Kanluran,Medium,123,3,150,3,40,49,22.5
2,NEW_ERA,Brgy. New Era,Medium,233,15,245,15,14,15,7.14
2,NORTH_FAIRVIEW,Brgy. North Fairview,Medium,481,45,382,45,9,7,-22.22
2,NOVALICHES_PROPER,Brgy. Novaliches Proper,Medium,170,16,193,16,9,11,22.22
2,NS_AMORANTO,Brgy. N. S. Amoranto,Medium,128,6,210,6,20,34,70.0
2,OBRERO,Brgy. Obrero,Medium,210,10,83,10,20,7,-65.0
2,OLD_CAPITOL_SITE,Brgy. Old Capitol Site,None,0,0,0,0,1,1,0.0
2,PAANG_BUNDOK,Brgy. Paang Bundok,Low,162,3,188,3,53,61,15.09
2,PAG_IBIG_SA_NAYON,Brgy. Pag-Ibig sa Nayon,Medium,55,6,145,6,8,23,187.5
2,PALIGSAHAN,Brgy. Paligsahan,Medium,145,4,92,4,35,22,-37.14
2,PALTOK,Brgy. Paltok,Low,49,10,253,10,3,24,700.0
2,PANSOL,Brgy. Pansol,Medium,158,36,310,36,3,7,133.33
2,PARAISO,Brgy. Paraiso,Low,146,2,147,2,72,72,0.0
2,PASONG_PUTIK_PROPER,Brgy. Pasong Putik Proper,Medium,386,40,327,40,8,7,-12.5
2,PASONG_TAMO,Brgy. Pasong Tamo,Medium,704,111,239,111,5,1,-80.0
2,PAYATAS,Brgy. Payatas,Low,551,70,621,70,6,7,16.67
2,PHILAM,Brgy. Philam,Medium,109,3,79,3,35,25,-28.57
2,PINAGKAISAHAN,Brgy. Pinagkaisahan,Medium,140,5,73,5,27,13,-51.85
2,PINYAHAN,Brgy. Pinyahan,Medium,270,22,154,22,11,6,-45.45
2,PROJECT_6,Brgy. Project 6,Medium,149,12,262,12,11,20,81.82
2,QUIRINO_2A,Brgy. Quirino 2-A,None,0,0,0,0,1,1,0.0
2,QUIRINO_2B,Brgy. Quirino 2-B,Medium,75,4,204,4,17,50,194.12
2,QUIRINO_2C,Brgy. Quirino 2-C,Medium,201,4,76,4,49,18,-63.27
2,QUIRINO_3A,Brgy. Quirino 3-A,Medium,61,2,137,2,29,67,131.03
2,QUIRINO_3B,Brgy. Quirino 3-B,Medium,145,4,86,4,35,20,-42.86
2,RAMON_MAGSAYSAY,Brgy. Ramon Magsaysay,Medium,201,15,114,15,12,6,-50.0
2,ROXAS,Brgy. Roxas,Low,243,6,169,6,39,27,-30.77
2,SACRED_HEART,Brgy. Sacred Heart,Medium,49,7,33,7,6,3,-50.0
2,SAINT_IGNATIUS,Brgy. Saint Ignatius,Medium,27,3,182,3,8,59,637.5
2,SAINT_PETER,Brgy. Saint Peter,Medium,153,5,54,5,29,9,-68.97
2,SALVACION,Brgy. Salvacion,None,0,0,0,0,1,1,0.0
2,SANGANDAAN,Brgy. Sangandaan,Medium,177,22,115,22,7,4,-42.86
2,SANTOL,Brgy. Santol,Medium,196,7,107,7,27,14,-48.15
2,SAN_AGUSTIN,Brgy. San Agustin,Low,243,13,279,13,17,20,17.65
2,SAN_ANTONIO,Brgy. San Antonio,Medium,123,23,257,23,4,10,150.0
2,SAN_BARTOLOME,Brgy. San Bartolome,Low,526,26,119,26,19,3,-84.21
2,SAN_ISIDRO,Brgy. San Isidro,Medium,203,7,213,7,28,29,3.57
2,SAN_ISIDRO_LABRADOR,Brgy. San Isidro Labrador,Medium,84,7,157,7,11,21,90.91
2,SAN_JOSE,Brgy. San Jose,Medium,63,6,156,6,9,25,177.78
2,SAN_MARTIN_DE_PORRES,Brgy. San Martin de Porres,Medium,234,12,18,12,18,0,-100.0
2,SAN_ROQUE,Brgy. San Roque,Medium,137,20,76,20,5,2,-60.0
2,SAN_VICENTE,Brgy. San Vicente,Medium,197,8,160,8,23,19,-17.39
2,SAUYO,Brgy. Sauyo,Medium,363,77,450,77,3,4,33.33
2,SIENA,Brgy. Siena,Medium,52,3,40,3,16,12,-25.0
2,SIKATUNA_VILLAGE,Brgy. Sikatuna Village,Medium,93,7,67,7,12,8,-33.33
2,SILANGAN,Brgy. Silangan,Medium,91,5,149,5,17,28,64.71
2,SOCORRO,Brgy. Socorro,Medium,139,23,138,23,5,5,0.0
2,SOUTH_TRIANGLE,Brgy. South Triangle,Low,186,8,189,8,22,22,0.0
2,STA_CRUZ,Brgy. Sta. Cruz,Low,57,2,181,2,27,89,229.63
2,STA_LUCIA,Brgy. Sta. Lucia,Low,332,15,395,15,21,25,19.05
2,STA_MONICA,Brgy. Sta. Monica,Medium,125,52,532,52,1,9,800.0
2,STA_TERESITA,Brgy. Sta. Teresita,None,0,0,0,0,1,1,0.0
2,STO_CRISTO,Brgy. Sto. Cristo,Medium,120,26,113,26,3,3,0.0
2,STO_DOMINGO,Brgy. Sto. Domingo,Medium,143,12,169,12,10,13,30.0
2,STO_NINO,Brgy. Sto. Nino,Medium,44,8,154,8,4,18,350.0
2,TAGUMPAY,Brgy. Tagumpay,Low,174,2,75,2,86,36,-58.14
2,TALAYAN,Brgy. Talayan,Medium,51,5,134,5,9,25,177.78
2,TALIPAPA,Brgy. Talipapa,Medium,100,39,193,39,1,3,200.0
2,TANDANG_SORA,Brgy. Tandang Sora,Medium,226,84,356,84,1,3,200.0
2,TATALON,Brgy. Tatalon,Low,263,28,429,28,8,14,75.0
2,TEACHERS_VILLAGE_EAST,Brgy. Teachers Village East,Low,128,2,129,2,63,63,0.0
2,TEACHERS_VILLAGE_WEST,Brgy. Teachers Village West,Low,101,2,79,2,49,38,-22.45
2,UGONG_NORTE,Brgy. Ugong Norte,Low,107,4,195,4,25,47,88.0
2,UNANG_SIGAW,Brgy. Unang Sigaw,Medium,38,7,84,7,4,11,175.0
2,UP_CAMPUS,Brgy. UP Campus,Medium,332,48,189,48,5,2,-60.0
2,UP_VILLAGE,Brgy. UP Village,Medium,189,4,84,4,46,20,-56.52
2,VALENCIA,Brgy. Valencia,Medium,207,11,128,11,17,10,-41.18
2,VASRA,Brgy. Vasra,None,0,0,0,0,1,1,0.0
2,VETERANS_VILLAGE,Brgy. Veterans Village,Medium,127,13,149,13,8,10,25.0
2,VILLA_MARIA_CLARA,Brgy. Villa Maria Clara,Low,37,2,174,2,17,86,405.88
2,WEST_KAMIAS,Brgy. West Kamias,Medium,140,5,93,5,27,17,-37.04
2,WEST_TRIANGLE,Brgy. West Triangle,Medium,109,3,100,3,35,32,-8.57
2,WHITE_PLAINS,Brgy. White Plains,Medium,147,4,126,4,35,30,-14.29
3,ALICIA,Brgy. Alicia,Low,124,4,131,4,30,31,3.33
3,AMIHAN,Brgy. Amihan,Low,184,2,177,2,91,87,-4.4
3,APOLONIO_SAMSON,Brgy. Apolonio Samson,Medium,348,34,348,34,9,9,0.0
3,BAESA,Brgy. Baesa,None,0,0,0,0,1,1,0.0
3,BAGBAG,Brgy. Bagbag,Low,283,33,259,33,7,6,-14.29
3,BAGONG_LIPUNAN_NG_CRAME,Brgy. Bagong Lipunan ng Crame,Medium,202,14,139,14,13,8,-38.46
3,BAGONG_PAG_ASA,Brgy. Bagong Pag-asa,Medium,100,30,227,30,2,6,200.0
3,BAGONG_SILANGAN,Brgy. Bagong Silangan,Medium,507,107,420,107,3,2,-33.33
3,BAGUMBAYAN,Brgy. Bagumbayan,Medium,169,23,342,23,6,13,116.67
3,BAGUMBUHAY,Brgy. Bagumbuhay,Medium,64,7,151,7,8,20,150.0
3,BAHAY_TORO,Brgy. Bahay Toro,None,0,0,0,0,1,1,0.0
3,BALINGASA,Brgy. Balingasa,Medium,149,20,186,20,6,8,33.33
3,BALUMBATO,Brgy. Balumbato,Medium,87,7,185,7,11,25,127.27
3,BATASAN_HILLS,Brgy. Batasan Hills,Medium,465,167,172,167,1,0,-100.0
3,BAYANIHAN,Brgy. Bayanihan,Low,68,1,140,1,67,139,107.46
3,BLUE_RIDGE_A,Brgy. Blue Ridge A,Medium,125,2,75,2,61,36,-40.98
3,BLUE_RIDGE_B,Brgy. Blue Ridge B,Low,116,1,84,1,115,83,-27.83
3,BOTOCAN,Brgy. Botocan,Medium,146,8,115,8,17,13,-23.53
3,BUNGAD,Brgy. Bungad,Low,100,4,121,4,24,29,20.83
3,CAMP_AGUINALDO,Brgy. Camp Aguinaldo,Low,157,2,155,2,77,76,-1.3
3,CAPRI,Brgy. Capri,Medium,251,13,298,13,18,21,16.67
3,CENTRAL,Brgy. Central,Medium,64,20,323,20,2,15,650.0
3,COMMONWEALTH,Brgy. Commonwealth,Medium,595,214,576,214,1,1,0.0
3,CULIAT,Brgy. Culiat,Medium,230,68,471,68,2,5,150.0
3,DAMAR,Brgy. Damar,Medium,153,1,125,1,152,124,-18.42
3,DAMAYAN,Brgy. Damayan,Low,229,4,202,4,56,49,-12.5
3,DAMAYANG_LAGI,Brgy. Damayang Lagi,Low,146,10,131,10,13,12,-7.69
3,DEL_MONTE,Brgy. Del Monte,None,0,0,0,0,1,1,0.0
3,DIOQUINO_ZOBEL,Brgy. Dioquino Zobel,Low,32,1,105,1,31,104,235.48
3,DONA_AURORA,Brgy. Dona Aurora,Low,86,3,113,3,27,36,33.33
3,DONA_IMELDA,Brgy. Dona Imelda,Low,71,6,271,6,10,44,340.0
3,DONA_JOSEFA,Brgy. Dona Josefa,Medium,66,2,47,2,32,22,-31.25
3,DON_MANUEL,Brgy. Don Manuel,Low,118,1,115,1,117,114,-2.56
3,DUYAN_DUYAN,Brgy. Duyan-Duyan,Low,59,1,160,1,58,159,174.14
3,EAST_KAMIAS,Brgy. East Kamias,Low,54,4,251,4,12,61,408.33
3,ESCOBA_1,Brgy. Escopa 1,Low,60,2,177,2,29,87,200.0
3,ESCOBA_2,Brgy. Escopa 2,Medium,50,2,113,2,24,55,129.17
3,ESCOBA_3,Brgy. Escopa 3,Low,254,4,206,4,62,50,-19.35
3,ESCOBA_4,Brgy. Escopa 4,Medium,149,2,22,2,73,10,-86.3
3,E_RODRIGUEZ,Brgy. E. Rodriguez,None,0,0,0,0,1,1,0.0
3,FAIRVIEW,Brgy. Fairview,Medium,648,62,436,62,9,6,-33.33
3,GREATER_LAGRO,Brgy. Greater Lagro,Medium,252,24,260,24,9,9,0.0
3,GULOD,Brgy. Gulod,Medium,267,63,200,63,3,2,-33.33
3,HOLY_SPIRIT,Brgy. Holy Spirit,Low,203,56,393,56,2,6,200.0
3,HORSESHOE,Brgy. Horseshoe,Medium,173,3,181,3,56,59,5.36
3,IMMACULATE_CONCEPTION,Brgy. Immaculate Conception,Medium,132,9,220,9,13,23,76.92
3,KALIGAYAHAN,Brgy. Kaligayahan,Medium,242,61,313,61,2,4,100.0
3,KALUSUGAN,Brgy. Kalusugan,Medium,151,5,212,5,29,41,41.38
3,KAMUNING,Brgy. Kamuning,Low,135,8,135,8,15,15,0.0
3,KATIPUNAN,Brgy. Katipunan,Low,92,6,87,6,14,13,-7.14
3,KAUNLARAN,Brgy. Kaunlaran,Low,138,7,234,7,18,32,77.78
3,KRISTONG_HARI,Brgy. Kristong Hari,Medium,21,7,80,7,2,10,400.0
3,KRUS_NA_LIGAS,Brgy. Krus na Ligas,Medium,318,22,202,22,13,8,-38.46
3,LAGING_HANDA,Brgy. Laging Handa,None,0,0,0,0,1,1,0.0
3,LIBIS,Brgy. Libis,Medium,103,5,127,5,19,24,26.32
3,LOURDES,Brgy. Lourdes,Medium,123,5,133,5,23,25,8.7
3,LOYOLA_HEIGHTS,Brgy. Loyola Heights,Low,241,11,75,11,20,5,-75.0
3,MAHARLIKA,Brgy. Maharlika,Medium,194,5,67,5,37,12,-67.57
3,MALAYA,Brgy. Malaya,Low,58,2,158,2,28,78,178.57
3,MANGGA,Brgy. Mangga,Medium,153,12,55,12,11,3,-72.73
3,MANRESA,Brgy. Manresa,Medium,338,18,166,18,17,8,-52.94
3,MARIANA,Brgy. Mariana,Medium,179,12,177,12,13,13,0.0
3,MARIBLO,Brgy. Mariblo,Medium,197,4,165,4,48,40,-16.67
3,MARILAG,Brgy. Marilag,Medium,232,13,208,13,16,15,-6.25
3,MASAGANA,Brgy. Masagana,Medium,108,5,149,5,20,28,40.0
3,MASAMBONG,Brgy. Masambong,None,0,0,0,0,1,1,0.0
3,MATANDANG_BALARA,Brgy. Matandang Balara,Medium,418,70,602,70,4,7,75.0
3,MILAGROSA,Brgy. Milagrosa,Medium,136,7,216,7,18,29,61.11
3,NAGKAISANG_NAYON,Brgy. Nagkaisang Nayon,Medium,282,54,21,54,4,0,-100.0
3,NAYONG_KANLURAN,Brgy. Nayong Kanluran,Medium,138,3,89,3,45,28,-37.78
3,NEW_ERA,Brgy. New Era,Low,187,8,116,8,22,13,-40.91
3,NORTH_FAIRVIEW,Brgy. North Fairview,Low,326,23,260,23,13,10,-23.08
3,NOVALICHES_PROPER,Brgy. Novaliches Proper,Medium,128,16,174,16,7,9,28.57
3,NS_AMORANTO,Brgy. N. S. Amoranto,Medium,141,6,184,6,22,29,31.82
3,OBRERO,Brgy. Obrero,Medium,85,10,211,10,7,20,185.71
3,OLD_CAPITOL_SITE,Brgy. Old Capitol Site,Medium,195,2,183,2,96,90,-6.25
3,PAANG_BUNDOK,Brgy. Paang Bundok,Medium,124,5,183,5,23,35,52.17
3,PAG_IBIG_SA_NAYON,Brgy. Pag-Ibig sa Nayon,Medium,139,6,65,6,22,9,-59.09
3,PALIGSAHAN,Brgy. Paligsahan,Medium,162,4,209,4,39,51,30.77
3,PALTOK,Brgy. Paltok,Medium,121,19,95,19,5,4,-20.0
3,PANSOL,Brgy. Pansol,Medium,178,36,80,36,3,1,-66.67
3,PARAISO,Brgy. Paraiso,Medium,70,4,143,4,16,34,112.5
3,PASONG_PUTIK_PROPER,Brgy. Pasong Putik Proper,Low,313,20,127,20,14,5,-64.29
3,PASONG_TAMO,Brgy. Pasong Tamo,Medium,491,111,766,111,3,5,66.67
3,PAYATAS,Brgy. Payatas,Medium,620,140,266,140,3,0,-100.0
3,PHILAM,Brgy. Philam,Medium,98,3,54,3,31,17,-45.16
3,PINAGKAISAHAN,Brgy. Pinagkaisahan,Low,126,3,125,3,41,40,-2.44
3,PINYAHAN,Brgy. Pinyahan,Medium,131,22,174,22,4,6,50.0
3,PROJECT_6,Brgy. Project 6,Medium,177,12,240,12,13,19,46.15
3,QUIRINO_2A,Brgy. Quirino 2-A,Medium,139,5,70,5,26,13,-50.0
3,QUIRINO_2B,Brgy. Quirino 2-B,Medium,112,4,114,4,27,27,0.0
3,QUIRINO_2C,Brgy. Quirino 2-C,Medium,199,4,173,4,48,42,-12.5
3,QUIRINO_3A,Brgy. Quirino 3-A,Medium,142,2,105,2,70,51,-27.14
3,QUIRINO_3B,Brgy. Quirino 3-B,Medium,100,4,174,4,24,42,75.0
3,RAMON_MAGSAYSAY,Brgy. Ramon Magsaysay,Medium,215,15,226,15,13,14,7.69
3,ROXAS,Brgy. Roxas,Medium,144,11,92,11,12,7,-41.67
3,SACRED_HEART,Brgy. Sacred Heart,Medium,114,7,86,7,15,11,-26.67
3,SAINT_IGNATIUS,Brgy. Saint Ignatius,Medium,204,3,186,3,67,61,-8.96
3,SAINT_PETER,Brgy. Saint Peter,Medium,146,5,56,5,28,10,-64.29
3,SALVACION,Brgy. Salvacion,Low,190,4,66,4,46,15,-67.39
3,SANGANDAAN,Brgy. Sangandaan,Medium,275,22,321,22,11,13,18.18
3,SANTOL,Brgy. Santol,Medium,77,7,28,7,10,3,-70.0
3,SAN_AGUSTIN,Brgy. San Agustin,Medium,65,26,280,26,1,9,800.0
3,SAN_ANTONIO,Brgy. San Antonio,None,0,0,0,0,1,1,0.0
3,SAN_BARTOLOME,Brgy. San Bartolome,Medium,300,52,193,52,4,2,-50.0
3,SAN_ISIDRO,Brgy. San Isidro,Medium,58,7,155,7,7,21,200.0
3,SAN_ISIDRO_LABRADOR,Brgy. San Isidro Labrador,Medium,61,7,236,7,7,32,357.14
3,SAN_JOSE,Brgy. San Jose,Medium,123,6,248,6,19,40,110.53
3,SAN_MARTIN_DE_PORRES,Brgy. San Martin de Porres,Low,286,6,39,6,46,5,-89.13
3,SAN_ROQUE,Brgy. San Roque,Medium,240,20,116,20,11,4,-63.64
3,SAN_VICENTE,Brgy. San Vicente,None,0,0,0,0,1,1,0.0
3,SAUYO,Brgy. Sauyo,Medium,707,77,639,77,8,7,-12.5
3,SIENA,Brgy. Siena,Medium,30,3,56,3,9,17,88.89
3,SIKATUNA_VILLAGE,Brgy. Sikatuna Village,Medium,92,7,66,7,12,8,-33.33
3,SILANGAN,Brgy. Silangan,None,0,0,0,0,1,1,0.0
3,SOCORRO,Brgy. Socorro,Medium,253,23,347,23,10,14,40.0
3,SOUTH_TRIANGLE,Brgy. South Triangle,Medium,62,15,152,15,3,9,200.0
3,STA_CRUZ,Brgy. Sta. Cruz,Medium,186,4,152,4,45,37,-17.78
3,STA_LUCIA,Brgy. Sta. Lucia,Medium,242,29,337,29,7,10,42.86
3,STA_MONICA,Brgy.  Sta. Monica,Medium,482,52,151,52,8,1,-87.5
3,STA_TERESITA,Brgy. Sta. Teresita,Medium,260,12,44,12,20,2,-90.0
3,STO_CRISTO,Brgy. Sto. Cristo,Medium,130,26,303,26,4,10,150.0
3,STO_DOMINGO,Brgy. Sto. Domingo,Medium,155,12,118,12,11,8,-27.27
3,STO_NINO,Brgy. Sto. Nino,None,0,0,0,0,1,1,0.0
3,TAGUMPAY,Brgy. Tagumpay,Medium,172,3,216,3,56,71,26.79
3,TALAYAN,Brgy. Talayan,Medium,170,5,198,5,33,38,15.15
3,TALIPAPA,Brgy. Talipapa,Medium,197,39,327,39,4,7,75.0
3,TANDANG_SORA,Brgy. Tandang Sora,Low,424,42,174,42,9,3,-66.67
3,TATALON,Brgy. Tatalon,Low,492,28,199,28,16,6,-62.5
3,TEACHERS_VILLAGE_EAST,Brgy. Teachers Village East,Low,56,2,217,2,27,107,296.3
3,TEACHERS_VILLAGE_WEST,Brgy. Teachers Village West,Medium,96,3,97,3,31,31,0.0
3,UGONG_NORTE,Brgy. Ugong Norte,Medium,100,7,194,7,13,26,100.0
3,UNANG_SIGAW,Brgy. Unang Sigaw,Low,147,4,64,4,35,15,-57.14
3,UP_CAMPUS,Brgy. UP Campus,Medium,417,48,361,48,7,6,-14.29
3,UP_VILLAGE,Brgy. UP Village,Medium,34,4,124,4,7,30,328.57
3,VALENCIA,Brgy. Valencia,Medium,227,11,264,11,19,23,21.05
3,VASRA,Brgy. Vasra,Medium,222,8,93,8,26,10,-61.54
3,VETERANS_VILLAGE,Brgy. Veterans Village,Low,63,7,123,7,8,16,100.0
3,VILLA_MARIA_CLARA,Brgy. Villa Maria Clara,Low,34,2,92,2,16,45,181.25
3,WEST_KAMIAS,Brgy. West Kamias,Medium,90,5,51,5,17,9,-47.06
3,WEST_TRIANGLE,Brgy. West Triangle,Medium,168,3,175,3,55,57,3.64
3,WHITE_PLAINS,Brgy. White Plains,Medium,187,4,183,4,45,44,-2.22
4,ALICIA,Brgy. Alicia,None,0,0,0,0,1,1,0.0
4,AMIHAN,Brgy. Amihan,None,0,0,0,0,1,1,0.0
4,APOLONIO_SAMSON,Brgy. Apolonio Samson,Medium,201,34,153,34,4,3,-25.0
4,BAESA,Brgy. Baesa,Medium,125,56,599,56,1,9,800.0
4,BAGBAG,Brgy. Bagbag,Medium,196,65,275,65,2,3,50.0
4,BAGONG_LIPUNAN_NG_CRAME,Brgy. Bagong Lipunan ng Crame,Medium,320,14,77,14,21,4,-80.95
4,BAGONG_PAG_ASA,Brgy. Bagong Pag-asa,Medium,216,30,256,30,6,7,16.67
4,BAGONG_SILANGAN,Brgy. Bagong Silangan,Medium,638,107,579,107,4,4,0.0
4,BAGUMBAYAN,Brgy. Bagumbayan,Medium,305,23,301,23,12,12,0.0
4,BAGUMBUHAY,Brgy. Bagumbuhay,Medium,146,7,160,7,19,21,10.53
4,BAHAY_TORO,Brgy. Bahay Toro,Medium,450,60,513,60,6,7,16.67
4,BALINGASA,Brgy. Balingasa,Medium,295,20,315,20,13,14,7.69
4,BALUMBATO,Brgy. Balumbato,Medium,224,7,191,7,31,26,-16.13
4,BATASAN_HILLS,Brgy. Batasan Hills,Medium,662,167,182,167,2,0,-100.0
4,BAYANIHAN,Brgy. Bayanihan,Medium,102,1,109,1,101,108,6.93
4,BLUE_RIDGE_A,Brgy. Blue Ridge A,Medium,182,2,115,2,90,56,-37.78
4,BLUE_RIDGE_B,Brgy. Blue Ridge B,Low,80,1,188,1,79,187,136.71
4,BOTOCAN,Brgy. Botocan,Medium,96,8,226,8,11,27,145.45
4,BUNGAD,Brgy. Bungad,Medium,202,8,185,8,24,22,-8.33
4,CAMP_AGUINALDO,Brgy. Camp Aguinaldo,Low,64,2,144,2,31,71,129.03
4,CAPRI,Brgy. Capri,Medium,150,13,201,13,10,14,40.0
4,CENTRAL,Brgy. Central,Medium,188,20,223,20,8,10,25.0
4,COMMONWEALTH,Brgy. Commonwealth,Medium,675,214,631,214,2,1,-50.0
4,CULIAT,Brgy. Culiat,Medium,130,68,558,68,0,7,700000000.0
4,DAMAR,Brgy. Damar,Medium,140,1,122,1,139,121,-12.95
4,DAMAYAN,Brgy. Damayan,Low,111,4,151,4,26,36,38.46
4,DAMAYANG_LAGI,Brgy. Damayang Lagi,Low,96,10,232,10,8,22,175.0
4,DEL_MONTE,Brgy. Del Monte,Medium,131,11,136,11,10,11,10.0
4,DIOQUINO_ZOBEL,Brgy. Dioquino Zobel,None,0,0,0,0,1,1,0.0
4,DONA_AURORA,Brgy. Dona Aurora,Medium,166,5,37,5,32,6,-81.25
4,DONA_IMELDA,Brgy. Dona Imelda,Low,252,6,204,6,41,33,-19.51
4,DONA_JOSEFA,Brgy. Dona Josefa,Medium,155,2,70,2,76,34,-55.26
4,DON_MANUEL,Brgy. Don Manuel,Medium,170,2,90,2,84,44,-47.62
4,DUYAN_DUYAN,Brgy. Duyan-Duyan,Medium,136,2,176,2,67,87,29.85
4,EAST_KAMIAS,Brgy. East Kamias,Medium,251,7,237,7,34,32,-5.88
4,ESCOBA_1,Brgy. Escopa 1,None,0,0,0,0,1,1,0.0
4,ESCOBA_2,Brgy. Escopa 2,None,0,0,0,0,1,1,0.0
4,ESCOBA_3,Brgy. Escopa 3,Medium,52,8,72,8,5,8,60.0
4,ESCOBA_4,Brgy. Escopa 4,Medium,70,2,68,2,34,33,-2.94
4,E_RODRIGUEZ,Brgy. E. Rodriguez,Medium,232,18,259,18,11,13,18.18
4,FAIRVIEW,Brgy. Fairview,Medium,167,62,275,62,1,3,200.0
4,GREATER_LAGRO,Brgy. Greater Lagro,Low,160,12,141,12,12,10,-16.67
4,GULOD,Brgy. Gulod,Medium,325,63,354,63,4,4,0.0
4,HOLY_SPIRIT,Brgy. Holy Spirit,Medium,602,112,445,112,4,2,-50.0
4,HORSESHOE,Brgy. Horseshoe,Medium,119,3,69,3,38,22,-42.11
4,IMMACULATE_CONCEPTION,Brgy. Immaculate Conception,Low,52,5,145,5,9,28,211.11
4,KALIGAYAHAN,Brgy. Kaligayahan,Medium,383,61,37,61,5,0,-100.0
4,KALUSUGAN,Brgy. Kalusugan,Medium,145,5,183,5,28,35,25.0
4,KAMUNING,Brgy. Kamuning,Medium,187,15,176,15,11,10,-9.09
4,KATIPUNAN,Brgy. Katipunan,Low,266,6,166,6,43,26,-39.53
4,KAUNLARAN,Brgy. Kaunlaran,Medium,13,13,165,13,0,11,1100000000.0
4,KRISTONG_HARI,Brgy. Kristong Hari,Low,129,4,191,4,31,46,48.39
4,KRUS_NA_LIGAS,Brgy. Krus na Ligas,Medium,270,22,187,22,11,7,-36.36
4,LAGING_HANDA,Brgy. Laging Handa,Medium,176,5,152,5,34,29,-14.71
4,LIBIS,Brgy. Libis,Medium,79,5,76,5,14,14,0.0
4,LOURDES,Brgy. Lourdes,Medium,135,5,182,5,26,35,34.62
4,LOYOLA_HEIGHTS,Brgy. Loyola Heights,Medium,133,22,289,22,5,12,140.0
4,MAHARLIKA,Brgy. Maharlika,Low,168,3,85,3,55,27,-50.91
4,MALAYA,Brgy. Malaya,Medium,125,3,110,3,40,35,-12.5
4,MANGGA,Brgy. Mangga,Low,131,6,66,6,20,10,-50.0
4,MANRESA,Brgy. Manresa,Medium,41,18,145,18,1,7,600.0
4,MARIANA,Brgy. Mariana,None,0,0,0,0,1,1,0.0
4,MARIBLO,Brgy. Mariblo,Medium,124,4,218,4,30,53,76.67
4,MARILAG,Brgy. Marilag,Low,230,7,164,7,31,22,-29.03
4,MASAGANA,Brgy. Masagana,Medium,141,5,89,5,27,16,-40.74
4,MASAMBONG,Brgy. Masambong,Medium,202,9,267,9,21,28,33.33
4,MATANDANG_BALARA,Brgy. Matandang Balara,Medium,418,70,640,70,4,8,100.0
4,MILAGROSA,Brgy. Milagrosa,Medium,173,7,136,7,23,18,-21.74
4,NAGKAISANG_NAYON,Brgy. Nagkaisang Nayon,Medium,458,54,426,54,7,6,-14.29
4,NAYONG_KANLURAN,Brgy. Nayong Kanluran,Medium,18,3,151,3,5,49,880.0
4,NEW_ERA,Brgy. New Era,Medium,104,15,40,15,5,1,-80.0
4,NORTH_FAIRVIEW,Brgy. North Fairview,None,0,0,0,0,1,1,0.0
4,NOVALICHES_PROPER,Brgy. Novaliches Proper,Medium,211,16,131,16,12,7,-41.67
4,NS_AMORANTO,Brgy. N. S. Amoranto,Low,144,3,191,3,47,62,31.91
4,OBRERO,Brgy. Obrero,Medium,279,10,227,10,26,21,-19.23
4,OLD_CAPITOL_SITE,Brgy. Old Capitol Site,Low,74,1,28,1,73,27,-63.01
4,PAANG_BUNDOK,Brgy. Paang Bundok,None,0,0,0,0,1,1,0.0
4,PAG_IBIG_SA_NAYON,Brgy. Pag-Ibig sa Nayon,Medium,152,6,68,6,24,10,-58.33
4,PALIGSAHAN,Brgy. Paligsahan,Medium,65,4,155,4,15,37,146.67
4,PALTOK,Brgy. Paltok,Medium,123,19,77,19,5,3,-40.0
4,PANSOL,Brgy. Pansol,Low,178,18,303,18,8,15,87.5
4,PARAISO,Brgy. Paraiso,Medium,142,4,188,4,34,46,35.29
4,PASONG_PUTIK_PROPER,Brgy. Pasong Putik Proper,Low,200,20,435,20,9,20,122.22
4,PASONG_TAMO,Brgy. Pasong Tamo,Medium,322,111,282,111,1,1,0.0
4,PAYATAS,Brgy. Payatas,Medium,380,140,376,140,1,1,0.0
4,PHILAM,Brgy. Philam,Medium,48,3,61,3,15,19,26.67
4,PINAGKAISAHAN,Brgy. Pinagkaisahan,Medium,40,5,115,5,7,22,214.29
4,PINYAHAN,Brgy. Pinyahan,Low,73,11,192,11,5,16,220.0
4,PROJECT_6,Brgy. Project 6,Medium,69,12,83,12,4,5,25.0
4,QUIRINO_2A,Brgy. Quirino 2-A,Medium,205,5,138,5,40,26,-35.0
4,QUIRINO_2B,Brgy. Quirino 2-B,Medium,114,4,160,4,27,39,44.44
4,QUIRINO_2C,Brgy. Quirino 2-C,Low,156,2,127,2,77,62,-19.48
4,QUIRINO_3A,Brgy. Quirino 3-A,Medium,131,2,173,2,64,85,32.81
4,QUIRINO_3B,Brgy. Quirino 3-B,None,0,0,0,0,1,1,0.0
4,RAMON_MAGSAYSAY,Brgy. Ramon Magsaysay,None,0,0,0,0,1,1,0.0
4,ROXAS,Brgy. Roxas,None,0,0,0,0,1,1,0.0
4,SACRED_HEART,Brgy. Sacred Heart,Medium,228,7,198,7,31,27,-12.9
4,SAINT_IGNATIUS,Brgy. Saint Ignatius,Low,33,2,180,2,15,89,493.33
4,SAINT_PETER,Brgy. Saint Peter,Medium,99,5,132,5,18,25,38.89
4,SALVACION,Brgy. Salvacion,Medium,229,7,154,7,31,21,-32.26
4,SANGANDAAN,Brgy. Sangandaan,Medium,346,22,343,22,14,14,0.0
4,SANTOL,Brgy. Santol,Low,154,4,181,4,37,44,18.92
4,SAN_AGUSTIN,Brgy. San Agustin,None,0,0,0,0,1,1,0.0
4,SAN_ANTONIO,Brgy. San Antonio,Medium,251,23,309,23,9,12,33.33
4,SAN_BARTOLOME,Brgy. San Bartolome,High,339,103,384,103,2,2,0.0
4,SAN_ISIDRO,Brgy. San Isidro,Medium,187,7,175,7,25,24,-4.0
4,SAN_ISIDRO_LABRADOR,Brgy. San Isidro Labrador,Medium,183,7,205,7,25,28,12.0
4,SAN_JOSE,Brgy. San Jose,Medium,201,6,145,6,32,23,-28.12
4,SAN_MARTIN_DE_PORRES,Brgy. San Martin de Porres,Medium,68,12,124,12,4,9,125.0
4,SAN_ROQUE,Brgy. San Roque,Low,32,10,294,10,2,28,1300.0
4,SAN_VICENTE,Brgy. San Vicente,Medium,72,8,218,8,8,26,225.0
4,SAUYO,Brgy. Sauyo,Low,458,39,260,39,10,5,-50.0
4,SIENA,Brgy. Siena,Medium,162,3,83,3,53,26,-50.94
4,SIKATUNA_VILLAGE,Brgy. Sikatuna Village,Medium,183,7,149,7,25,20,-20.0
4,SILANGAN,Brgy. Silangan,Medium,93,5,113,5,17,21,23.53
4,SOCORRO,Brgy. Socorro,Medium,145,23,304,23,5,12,140.0
4,SOUTH_TRIANGLE,Brgy. South Triangle,Medium,261,15,162,15,16,9,-43.75
4,STA_CRUZ,Brgy. Sta. Cruz,None,0,0,0,0,1,1,0.0
4,STA_LUCIA,Brgy. Sta. Lucia,Low,286,15,241,15,18,15,-16.67
4,STA_MONICA,Brgy. Sta. Monica,Medium,606,52,247,52,10,3,-70.0
4,STA_TERESITA,Brgy. Sta. Teresita,None,0,0,0,0,1,1,0.0
4,STO_CRISTO,Brgy. Sto. Cristo,Medium,302,26,106,26,10,3,-70.0
4,STO_DOMINGO,Brgy. Sto. Domingo,Medium,148,12,219,12,11,17,54.55
4,STO_NINO,Brgy. Sto. Nino,None,0,0,0,0,1,1,0.0
4,TAGUMPAY,Brgy. Tagumpay,Medium,112,3,159,3,36,52,44.44
4,TALAYAN,Brgy. Talayan,Medium,222,5,38,5,43,6,-86.05
4,TALIPAPA,Brgy. Talipapa,Medium,449,39,105,39,10,1,-90.0
4,TANDANG_SORA,Brgy. Tandang Sora,Medium,266,84,153,84,2,0,-100.0
4,TATALON,Brgy. Tatalon,None,0,0,0,0,1,1,0.0
4,TEACHERS_VILLAGE_EAST,Brgy. Teachers Village East,Medium,117,3,94,3,38,30,-21.05
4,TEACHERS_VILLAGE_WEST,Brgy. Teachers Village West,Low,134,2,99,2,66,48,-27.27
4,UGONG_NORTE,Brgy. Ugong Norte,Medium,85,7,74,7,11,9,-18.18
4,UNANG_SIGAW,Brgy. Unang Sigaw,Medium,231,7,239,7,32,33,3.12
4,UP_CAMPUS,Brgy. UP Campus,Low,330,24,488,24,12,19,58.33
4,UP_VILLAGE,Brgy. UP Village,Low,122,2,123,2,60,60,0.0
4,VALENCIA,Brgy. Valencia,Medium,168,11,196,11,14,16,14.29
4,VASRA,Brgy. Vasra,Medium,251,8,12,8,30,0,-100.0
4,VETERANS_VILLAGE,Brgy. Veterans Village,Medium,88,13,280,13,5,20,300.0
4,VILLA_MARIA_CLARA,Brgy. Villa Maria Clara,Medium,61,3,53,3,19,16,-15.79
4,WEST_KAMIAS,Brgy. West Kamias,Medium,231,5,33,5,45,5,-88.89
4,WEST_TRIANGLE,Brgy. West Triangle,Medium,190,3,136,3,62,44,-29.03
4,WHITE_PLAINS,Brgy. White Plains,Medium,118,4,107,4,28,25,-10.71
5,ALICIA,Brgy. Alicia,Medium,193,7,52,7,26,6,-76.92
5,AMIHAN,Brgy. Amihan,Low,176,2,75,2,87,36,-58.62
5,APOLONIO_SAMSON,Brgy. Apolonio Samson,Medium,235,34,441,34,5,11,120.0
5,BAESA,Brgy. Baesa,Low,380,28,393,28,12,13,8.33
5,BAGBAG,Brgy. Bagbag,Medium,135,65,294,65,1,3,200.0
5,BAGONG_LIPUNAN_NG_CRAME,Brgy. Bagong Lipunan ng Crame,Low,286,7,91,7,39,12,-69.23
5,BAGONG_PAG_ASA,Brgy. Bagong Pag-asa,Medium,117,30,293,30,2,8,300.0
5,BAGONG_SILANGAN,Brgy. Bagong Silangan,Medium,188,107,445,107,0,3,300000000.0
5,BAGUMBAYAN,Brgy. Bagumbayan,Low,150,12,301,12,11,24,118.18
5,BAGUMBUHAY,Brgy. Bagumbuhay,Medium,145,7,218,7,19,30,57.89
5,BAHAY_TORO,Brgy. Bahay Toro,None,0,0,0,0,1,1,0.0
5,BALINGASA,Brgy. Balingasa,Medium,270,20,237,20,12,10,-16.67
5,BALUMBATO,Brgy. Balumbato,Medium,159,7,103,7,21,13,-38.1
5,BATASAN_HILLS,Brgy. Batasan Hills,Low,526,84,380,84,5,3,-40.0
5,BAYANIHAN,Brgy. Bayanihan,Medium,124,1,73,1,123,72,-41.46
5,BLUE_RIDGE_A,Brgy. Blue Ridge A,Medium,189,2,83,2,93,40,-56.99
5,BLUE_RIDGE_B,Brgy. Blue Ridge B,Medium,85,2,78,2,41,38,-7.32
5,BOTOCAN,Brgy. Botocan,Low,222,4,218,4,54,53,-1.85
5,BUNGAD,Brgy. Bungad,Medium,219,8,123,8,26,14,-46.15
5,CAMP_AGUINALDO,Brgy. Camp Aguinaldo,Low,166,2,150,2,82,74,-9.76
5,CAPRI,Brgy. Capri,Medium,202,13,101,13,14,6,-57.14
5,CENTRAL,Brgy. Central,Low,90,10,258,10,8,24,200.0
5,COMMONWEALTH,Brgy. Commonwealth,Medium,634,214,110,214,1,0,-100.0
5,CULIAT,Brgy. Culiat,Medium,402,68,202,68,4,1,-75.0
5,DAMAR,Brgy. Damar,Medium,172,1,131,1,171,130,-23.98
5,DAMAYAN,Brgy. Damayan,Low,134,4,113,4,32,27,-15.62
5,DAMAYANG_LAGI,Brgy. Damayang Lagi,Medium,216,20,322,20,9,15,66.67
5,DEL_MONTE,Brgy. Del Monte,Medium,66,11,74,11,5,5,0.0
5,DIOQUINO_ZOBEL,Brgy. Dioquino Zobel,Low,101,1,65,1,100,64,-36.0
5,DONA_AURORA,Brgy. Dona Aurora,Medium,171,5,53,5,33,9,-72.73
5,DONA_IMELDA,Brgy. Dona Imelda,Medium,272,12,76,12,21,5,-76.19
5,DONA_JOSEFA,Brgy. Dona Josefa,Medium,190,2,111,2,94,54,-42.55
5,DON_MANUEL,Brgy. Don Manuel,Medium,156,2,140,2,77,69,-10.39
5,DUYAN_DUYAN,Brgy. Duyan-Duyan,Medium,152,2,108,2,75,53,-29.33
5,EAST_KAMIAS,Brgy. East Kamias,Medium,221,7,146,7,30,19,-36.67
5,ESCOBA_1,Brgy. Escopa 1,Low,165,2,185,2,81,91,12.35
5,ESCOBA_2,Brgy. Escopa 2,Medium,169,2,104,2,83,51,-38.55
5,ESCOBA_3,Brgy. Escopa 3,Medium,37,8,113,8,3,13,333.33
5,ESCOBA_4,Brgy. Escopa 4,Medium,174,2,92,2,86,45,-47.67
5,E_RODRIGUEZ,Brgy. E. Rodriguez,Medium,173,18,202,18,8,10,25.0
5,FAIRVIEW,Brgy. Fairview,Medium,288,62,581,62,3,8,166.67
5,GREATER_LAGRO,Brgy. Greater Lagro,Medium,189,24,254,24,6,9,50.0
5,GULOD,Brgy. Gulod,Medium,318,63,398,63,4,5,25.0
5,HOLY_SPIRIT,Brgy. Holy Spirit,Low,677,56,216,56,11,2,-81.82
5,HORSESHOE,Brgy. Horseshoe,Medium,171,3,78,3,56,25,-55.36
5,IMMACULATE_CONCEPTION,Brgy. Immaculate Conception,Low,15,5,49,5,2,8,300.0
5,KALIGAYAHAN,Brgy. Kaligayahan,Low,242,31,461,31,6,13,116.67
5,KALUSUGAN,Brgy. Kalusugan,Medium,171,5,160,5,33,31,-6.06
5,KAMUNING,Brgy. Kamuning,Low,43,8,93,8,4,10,150.0
5,KATIPUNAN,Brgy. Katipunan,Medium,76,11,231,11,5,20,300.0
5,KAUNLARAN,Brgy. Kaunlaran,Low,194,7,22,7,26,2,-92.31
5,KRISTONG_HARI,Brgy. Kristong Hari,Medium,76,7,48,7,9,5,-44.44
5,KRUS_NA_LIGAS,Brgy. Krus na Ligas,Medium,218,22,218,22,8,8,0.0
5,LAGING_HANDA,Brgy. Laging Handa,Low,167,3,159,3,54,52,-3.7
5,LIBIS,Brgy. Libis,Medium,207,5,69,5,40,12,-70.0
5,LOURDES,Brgy. Lourdes,Medium,215,5,50,5,42,9,-78.57
5,LOYOLA_HEIGHTS,Brgy. Loyola Heights,Medium,274,22,109,22,11,3,-72.73
5,MAHARLIKA,Brgy. Maharlika,Low,82,3,178,3,26,58,123.08
5,MALAYA,Brgy. Malaya,Medium,84,3,127,3,27,41,51.85
5,MANGGA,Brgy. Mangga,Medium,145,12,149,12,11,11,0.0
5,MANRESA,Brgy. Manresa,Medium,193,18,257,18,9,13,44.44
5,MARIANA,Brgy. Mariana,Medium,123,12,249,12,9,19,111.11
5,MARIBLO,Brgy. Mariblo,None,0,0,0,0,1,1,0.0
5,MARILAG,Brgy. Marilag,Medium,76,13,96,13,4,6,50.0
5,MASAGANA,Brgy. Masagana,Medium,44,5,71,5,7,13,85.71
5,MASAMBONG,Brgy. Masambong,Medium,42,9,195,9,3,20,566.67
5,MATANDANG_BALARA,Brgy. Matandang Balara,Medium,273,70,225,70,2,2,0.0
5,MILAGROSA,Brgy. Milagrosa,None,0,0,0,0,1,1,0.0
5,NAGKAISANG_NAYON,Brgy. Nagkaisang Nayon,Medium,229,54,296,54,3,4,33.33
5,NAYONG_KANLURAN,Brgy. Nayong Kanluran,Medium,89,3,188,3,28,61,117.86
5,NEW_ERA,Brgy. New Era,Low,168,8,90,8,20,10,-50.0
5,NORTH_FAIRVIEW,Brgy. North Fairview,None,0,0,0,0,1,1,0.0
5,NOVALICHES_PROPER,Brgy. Novaliches Proper,None,0,0,0,0,1,1,0.0
5,NS_AMORANTO,Brgy. N. S. Amoranto,Medium,67,6,161,6,10,25,150.0
5,OBRERO,Brgy. Obrero,Medium,93,10,211,10,8,20,150.0
5,OLD_CAPITOL_SITE,Brgy. Old Capitol Site,Medium,174,2,173,2,86,85,-1.16
5,PAANG_BUNDOK,Brgy. Paang Bundok,Medium,156,5,151,5,30,29,-3.33
5,PAG_IBIG_SA_NAYON,Brgy. Pag-Ibig sa Nayon,Medium,212,6,91,6,34,14,-58.82
5,PALIGSAHAN,Brgy. Paligsahan,Low,150,2,119,2,74,58,-21.62
5,PALTOK,Brgy. Paltok,Medium,213,19,317,19,10,15,50.0
5,PANSOL,Brgy. Pansol,Medium,177,36,414,36,3,10,233.33
5,PARAISO,Brgy. Paraiso,Medium,122,4,208,4,29,51,75.86
5,PASONG_PUTIK_PROPER,Brgy. Pasong Putik Proper,Low,306,20,310,20,14,14,0.0
5,PASONG_TAMO,Brgy. Pasong Tamo,Medium,671,111,384,111,5,2,-60.0
5,PAYATAS,Brgy. Payatas,Medium,841,140,407,140,5,1,-80.0
5,PHILAM,Brgy. Philam,None,0,0,0,0,1,1,0.0
5,PINAGKAISAHAN,Brgy. Pinagkaisahan,None,0,0,0,0,1,1,0.0
5,PINYAHAN,Brgy. Pinyahan,Medium,175,22,172,22,6,6,0.0
5,PROJECT_6,Brgy. Project 6,Medium,290,12,208,12,23,16,-30.43
5,QUIRINO_2A,Brgy. Quirino 2-A,Medium,31,5,173,5,5,33,560.0
5,QUIRINO_2B,Brgy. Quirino 2-B,Low,148,2,200,2,73,99,35.62
5,QUIRINO_2C,Brgy. Quirino 2-C,Low,104,2,111,2,51,54,5.88
5,QUIRINO_3A,Brgy. Quirino 3-A,Medium,177,2,183,2,87,90,3.45
5,QUIRINO_3B,Brgy. Quirino 3-B,Low,53,2,220,2,25,109,336.0
5,RAMON_MAGSAYSAY,Brgy. Ramon Magsaysay,Medium,181,15,120,15,11,7,-36.36
5,ROXAS,Brgy. Roxas,Medium,23,11,55,11,1,4,300.0
5,SACRED_HEART,Brgy. Sacred Heart,Low,137,4,192,4,33,47,42.42
5,SAINT_IGNATIUS,Brgy. Saint Ignatius,Low,102,2,144,2,50,71,42.0
5,SAINT_PETER,Brgy. Saint Peter,Medium,181,5,53,5,35,9,-74.29
5,SALVACION,Brgy. Salvacion,Medium,205,7,180,7,28,24,-14.29
5,SANGANDAAN,Brgy. Sangandaan,Medium,61,22,153,22,1,5,400.0
5,SANTOL,Brgy. Santol,Medium,233,7,167,7,32,22,-31.25
5,SAN_AGUSTIN,Brgy. San Agustin,Medium,257,26,248,26,8,8,0.0
5,SAN_ANTONIO,Brgy. San Antonio,Medium,139,23,135,23,5,4,-20.0
5,SAN_BARTOLOME,Brgy. San Bartolome,Medium,316,52,503,52,5,8,60.0
5,SAN_ISIDRO,Brgy. San Isidro,Medium,180,7,68,7,24,8,-66.67
5,SAN_ISIDRO_LABRADOR,Brgy. San Isidro Labrador,None,0,0,0,0,1,1,0.0
5,SAN_JOSE,Brgy. San Jose,Medium,74,6,203,6,11,32,190.91
5,SAN_MARTIN_DE_PORRES,Brgy. San Martin de Porres,Medium,137,12,242,12,10,19,90.0
5,SAN_ROQUE,Brgy. San Roque,Medium,161,20,95,20,7,3,-57.14
5,SAN_VICENTE,Brgy. San Vicente,Medium,178,8,168,8,21,20,-4.76
5,SAUYO,Brgy. Sauyo,Low,428,39,288,39,9,6,-33.33
5,SIENA,Brgy. Siena,None,0,0,0,0,1,1,0.0
5,SIKATUNA_VILLAGE,Brgy. Sikatuna Village,Medium,101,7,213,7,13,29,123.08
5,SILANGAN,Brgy. Silangan,Medium,104,5,81,5,19,15,-21.05
5,SOCORRO,Brgy. Socorro,Low,314,12,266,12,25,21,-16.0
5,SOUTH_TRIANGLE,Brgy. South Triangle,Medium,93,15,126,15,5,7,40.0
5,STA_CRUZ,Brgy. Sta. Cruz,Medium,37,4,49,4,8,11,37.5
5,STA_LUCIA,Brgy. Sta. Lucia,Low,299,15,170,15,18,10,-44.44
5,STA_MONICA,Brgy. Sta. Monica,Medium,154,52,328,52,1,5,400.0
5,STA_TERESITA,Brgy. Sta. Teresita,Medium,164,12,236,12,12,18,50.0
5,STO_CRISTO,Brgy. Sto. Cristo,None,0,0,0,0,1,1,0.0
5,STO_DOMINGO,Brgy. Sto. Domingo,Medium,206,12,150,12,16,11,-31.25
5,STO_NINO,Brgy. Sto. Nino,Medium,92,8,134,8,10,15,50.0
5,TAGUMPAY,Brgy. Tagumpay,Medium,59,3,76,3,18,24,33.33
5,TALAYAN,Brgy. Talayan,Medium,117,5,74,5,22,13,-40.91
5,TALIPAPA,Brgy. Talipapa,Medium,463,39,414,39,10,9,-10.0
5,TANDANG_SORA,Brgy. Tandang Sora,Medium,68,84,718,84,0,7,700000000.0
5,TATALON,Brgy. Tatalon,Medium,254,56,312,56,3,4,33.33
5,TEACHERS_VILLAGE_EAST,Brgy. Teachers Village East,Medium,128,3,139,3,41,45,9.76
5,TEACHERS_VILLAGE_WEST,Brgy. Teachers Village West,Medium,169,3,128,3,55,41,-25.45
5,UGONG_NORTE,Brgy. Ugong Norte,Medium,75,7,165,7,9,22,144.44
5,UNANG_SIGAW,Brgy. Unang Sigaw,Medium,248,7,37,7,34,4,-88.24
5,UP_CAMPUS,Brgy. UP Campus,Medium,385,48,500,48,7,9,28.57
5,UP_VILLAGE,Brgy. UP Village,Low,164,2,73,2,81,35,-56.79
5,VALENCIA,Brgy. Valencia,Medium,88,11,290,11,7,25,257.14
5,VASRA,Brgy. Vasra,Low,203,4,224,4,49,55,12.24
5,VETERANS_VILLAGE,Brgy. Veterans Village,Medium,208,13,162,13,15,11,-26.67
5,VILLA_MARIA_CLARA,Brgy. Villa Maria Clara,Low,68,2,59,2,33,28,-15.15
5,WEST_KAMIAS,Brgy. West Kamias,Medium,59,5,32,5,10,5,-50.0
5,WEST_TRIANGLE,Brgy. West Triangle,Medium,131,3,33,3,42,10,-76.19
5,WHITE_PLAINS,Brgy. White Plains,Low,75,2,143,2,36,70,94.44
6,ALICIA,Brgy. Alicia,Low,125,4,33,4,30,7,-76.67
6,AMIHAN,Brgy. Amihan,Medium,184,4,248,4,45,61,35.56
6,APOLONIO_SAMSON,Brgy. Apolonio Samson,Medium,189,34,92,34,4,1,-75.0
6,BAESA,Brgy. Baesa,Medium,216,56,285,56,2,4,100.0
6,BAGBAG,Brgy. Bagbag,Medium,561,65,170,65,7,1,-85.71
6,BAGONG_LIPUNAN_NG_CRAME,Brgy. Bagong Lipunan ng Crame,Medium,171,14,184,14,11,12,9.09
6,BAGONG_PAG_ASA,Brgy. Bagong Pag-asa,Low,318,15,132,15,20,7,-65.0
6,BAGONG_SILANGAN,Brgy. Bagong Silangan,Medium,306,107,176,107,1,0,-100.0
6,BAGUMBAYAN,Brgy. Bagumbayan,None,0,0,0,0,1,1,0.0
6,BAGUMBUHAY,Brgy. Bagumbuhay,Medium,176,7,221,7,24,30,25.0
6,BAHAY_TORO,Brgy. Bahay Toro,Medium,276,60,592,60,3,8,166.67
6,BALINGASA,Brgy. Balingasa,Medium,255,20,92,20,11,3,-72.73
6,BALUMBATO,Brgy. Balumbato,Medium,86,7,134,7,11,18,63.64
6,BATASAN_HILLS,Brgy. Batasan Hills,None,0,0,0,0,1,1,0.0
6,BAYANIHAN,Brgy. Bayanihan,Medium,150,1,70,1,149,69,-53.69
6,BLUE_RIDGE_A,Brgy. Blue Ridge A,Medium,81,2,54,2,39,26,-33.33
6,BLUE_RIDGE_B,Brgy. Blue Ridge B,Low,185,1,197,1,184,196,6.52
6,BOTOCAN,Brgy. Botocan,Low,179,4,58,4,43,13,-69.77
6,BUNGAD,Brgy. Bungad,Medium,245,8,288,8,29,35,20.69
6,CAMP_AGUINALDO,Brgy. Camp Aguinaldo,Medium,203,4,153,4,49,37,-24.49
6,CAPRI,Brgy. Capri,Medium,197,13,13,13,14,0,-100.0
6,CENTRAL,Brgy. Central,None,0,0,0,0,1,1,0.0
6,COMMONWEALTH,Brgy. Commonwealth,Low,769,107,588,107,6,4,-33.33
6,CULIAT,Brgy. Culiat,Medium,484,68,301,68,6,3,-50.0
6,DAMAR,Brgy. Damar,Medium,161,1,201,1,160,200,25.0
6,DAMAYAN,Brgy. Damayan,Low,165,4,110,4,40,26,-35.0
6,DAMAYANG_LAGI,Brgy. Damayang Lagi,None,0,0,0,0,1,1,0.0
6,DEL_MONTE,Brgy. Del Monte,Medium,180,11,239,11,15,20,33.33
6,DIOQUINO_ZOBEL,Brgy. Dioquino Zobel,Medium,91,2,53,2,44,25,-43.18
6,DONA_AURORA,Brgy. Dona Aurora,Medium,65,5,124,5,12,23,91.67
6,DONA_IMELDA,Brgy. Dona Imelda,Low,105,6,165,6,16,26,62.5
6,DONA_JOSEFA,Brgy. Dona Josefa,Medium,139,2,160,2,68,79,16.18
6,DON_MANUEL,Brgy. Don Manuel,Medium,198,2,39,2,98,18,-81.63
6,DUYAN_DUYAN,Brgy. Duyan-Duyan,Medium,162,2,107,2,80,52,-35.0
6,EAST_KAMIAS,Brgy. East Kamias,Medium,60,7,208,7,7,28,300.0
6,ESCOBA_1,Brgy. Escopa 1,Medium,75,3,65,3,24,20,-16.67
6,ESCOBA_2,Brgy. Escopa 2,None,0,0,0,0,1,1,0.0
6,ESCOBA_3,Brgy. Escopa 3,Low,129,4,122,4,31,29,-6.45
6,ESCOBA_4,Brgy. Escopa 4,Medium,49,2,172,2,23,85,269.57
6,E_RODRIGUEZ,Brgy. E. Rodriguez,Medium,327,18,87,18,17,3,-82.35
6,FAIRVIEW,Brgy. Fairview,Medium,621,62,367,62,9,4,-55.56
6,GREATER_LAGRO,Brgy. Greater Lagro,Medium,388,24,318,24,15,12,-20.0
6,GULOD,Brgy. Gulod,Medium,111,63,404,63,0,5,500000000.0
6,HOLY_SPIRIT,Brgy. Holy Spirit,Low,626,56,439,56,10,6,-40.0
6,HORSESHOE,Brgy. Horseshoe,Medium,158,3,171,3,51,56,9.8
6,IMMACULATE_CONCEPTION,Brgy. Immaculate Conception,None,0,0,0,0,1,1,0.0
6,KALIGAYAHAN,Brgy. Kaligayahan,Medium,222,61,214,61,2,2,0.0
6,KALUSUGAN,Brgy. Kalusugan,Medium,97,5,68,5,18,12,-33.33
6,KAMUNING,Brgy. Kamuning,Medium,263,15,135,15,16,8,-50.0
6,KATIPUNAN,Brgy. Katipunan,Low,176,6,175,6,28,28,0.0
6,KAUNLARAN,Brgy. Kaunlaran,Medium,27,13,277,13,1,20,1900.0
6,KRISTONG_HARI,Brgy. Kristong Hari,Medium,118,7,222,7,15,30,100.0
6,KRUS_NA_LIGAS,Brgy. Krus na Ligas,Low,276,11,351,11,24,30,25.0
6,LAGING_HANDA,Brgy. Laging Handa,Medium,88,5,155,5,16,30,87.5
6,LIBIS,Brgy. Libis,Medium,117,5,87,5,22,16,-27.27
6,LOURDES,Brgy. Lourdes,Medium,180,5,147,5,35,28,-20.0
6,LOYOLA_HEIGHTS,Brgy. Loyola Heights,Medium,245,22,240,22,10,9,-10.0
6,MAHARLIKA,Brgy. Maharlika,Medium,35,5,183,5,6,35,483.33
6,MALAYA,Brgy. Malaya,Medium,87,3,225,3,28,74,164.29
6,MANGGA,Brgy. Mangga,Medium,128,12,65,12,9,4,-55.56
6,MANRESA,Brgy. Manresa,Medium,72,18,286,18,3,14,366.67
6,MARIANA,Brgy. Mariana,Medium,214,12,12,12,16,0,-100.0
6,MARIBLO,Brgy. Mariblo,Medium,147,4,192,4,35,47,34.29
6,MARILAG,Brgy. Marilag,Medium,208,13,218,13,15,15,0.0
6,MASAGANA,Brgy. Masagana,Low,201,3,207,3,66,68,3.03
6,MASAMBONG,Brgy. Masambong,None,0,0,0,0,1,1,0.0
6,MATANDANG_BALARA,Brgy. Matandang Balara,Medium,210,70,447,70,2,5,150.0
6,MILAGROSA,Brgy. Milagrosa,Medium,230,7,166,7,31,22,-29.03
6,NAGKAISANG_NAYON,Brgy. Nagkaisang Nayon,Medium,399,54,46,54,6,0,-100.0
6,NAYONG_KANLURAN,Brgy. Nayong Kanluran,Medium,162,3,190,3,53,62,16.98
6,NEW_ERA,Brgy. New Era,Medium,282,15,281,15,17,17,0.0
6,NORTH_FAIRVIEW,Brgy. North Fairview,Medium,136,45,125,45,2,1,-50.0
6,NOVALICHES_PROPER,Brgy. Novaliches Proper,Medium,245,16,216,16,14,12,-14.29
6,NS_AMORANTO,Brgy. N. S. Amoranto,Low,19,3,162,3,5,53,960.0
6,OBRERO,Brgy. Obrero,None,0,0,0,0,1,1,0.0
6,OLD_CAPITOL_SITE,Brgy. Old Capitol Site,Low,111,1,31,1,110,30,-72.73
6,PAANG_BUNDOK,Brgy. Paang Bundok,Medium,173,5,137,5,33,26,-21.21
6,PAG_IBIG_SA_NAYON,Brgy. Pag-Ibig sa Nayon,Low,32,3,141,3,9,46,411.11
6,PALIGSAHAN,Brgy. Paligsahan,Medium,172,4,20,4,42,4,-90.48
6,PALTOK,Brgy. Paltok,Medium,302,19,341,19,14,16,14.29
6,PANSOL,Brgy. Pansol,Medium,123,36,392,36,2,9,350.0
6,PARAISO,Brgy. Paraiso,Medium,186,4,200,4,45,49,8.89
6,PASONG_PUTIK_PROPER,Brgy. Pasong Putik Proper,None,0,0,0,0,1,1,0.0
6,PASONG_TAMO,Brgy. Pasong Tamo,Medium,783,111,717,111,6,5,-16.67
6,PAYATAS,Brgy. Payatas,Medium,399,140,497,140,1,2,100.0
6,PHILAM,Brgy. Philam,Medium,130,3,131,3,42,42,0.0
6,PINAGKAISAHAN,Brgy. Pinagkaisahan,Low,177,3,218,3,58,71,22.41
6,PINYAHAN,Brgy. Pinyahan,Medium,208,22,192,22,8,7,-12.5
6,PROJECT_6,Brgy. Project 6,None,0,0,0,0,1,1,0.0
6,QUIRINO_2A,Brgy. Quirino 2-A,Medium,128,5,128,5,24,24,0.0
6,QUIRINO_2B,Brgy. Quirino 2-B,None,0,0,0,0,1,1,0.0
6,QUIRINO_2C,Brgy. Quirino 2-C,Low,99,2,160,2,48,79,64.58
6,QUIRINO_3A,Brgy. Quirino 3-A,Medium,130,2,75,2,64,36,-43.75
6,QUIRINO_3B,Brgy. Quirino 3-B,Low,173,2,72,2,85,35,-58.82
6,RAMON_MAGSAYSAY,Brgy. Ramon Magsaysay,Medium,93,15,110,15,5,6,20.0
6,ROXAS,Brgy. Roxas,Low,198,6,263,6,32,42,31.25
6,SACRED_HEART,Brgy. Sacred Heart,Medium,101,7,203,7,13,28,115.38
6,SAINT_IGNATIUS,Brgy. Saint Ignatius,Medium,145,3,29,3,47,8,-82.98
6,SAINT_PETER,Brgy. Saint Peter,Medium,116,5,109,5,22,20,-9.09
6,SALVACION,Brgy. Salvacion,Low,63,4,39,4,14,8,-42.86
6,SANGANDAAN,Brgy. Sangandaan,Medium,40,22,255,22,0,10,1000000000.0
6,SANTOL,Brgy. Santol,Medium,202,7,241,7,27,33,22.22
6,SAN_AGUSTIN,Brgy. San Agustin,None,0,0,0,0,1,1,0.0
6,SAN_ANTONIO,Brgy. San Antonio,Low,295,12,203,12,23,15,-34.78
6,SAN_BARTOLOME,Brgy. San Bartolome,Medium,370,52,209,52,6,3,-50.0
6,SAN_ISIDRO,Brgy. San Isidro,Medium,199,7,179,7,27,24,-11.11
6,SAN_ISIDRO_LABRADOR,Brgy. San Isidro Labrador,Medium,84,7,56,7,11,7,-36.36
6,SAN_JOSE,Brgy. San Jose,Medium,198,6,212,6,32,34,6.25
6,SAN_MARTIN_DE_PORRES,Brgy. San Martin de Porres,Low,165,6,78,6,26,12,-53.85
6,SAN_ROQUE,Brgy. San Roque,Medium,89,20,136,20,3,5,66.67
6,SAN_VICENTE,Brgy. San Vicente,Medium,8,8,168,8,0,20,2000000000.0
6,SAUYO,Brgy. Sauyo,Low,394,39,410,39,9,9,0.0
6,SIENA,Brgy. Siena,Medium,57,3,110,3,18,35,94.44
6,SIKATUNA_VILLAGE,Brgy. Sikatuna Village,Medium,136,7,61,7,18,7,-61.11
6,SILANGAN,Brgy. Silangan,None,0,0,0,0,1,1,0.0
6,SOCORRO,Brgy. Socorro,Medium,170,23,193,23,6,7,16.67
6,SOUTH_TRIANGLE,Brgy. South Triangle,Medium,237,15,283,15,14,17,21.43
6,STA_CRUZ,Brgy. Sta. Cruz,Medium,41,4,52,4,9,12,33.33
6,STA_LUCIA,Brgy. Sta. Lucia,Low,204,15,354,15,12,22,83.33
6,STA_MONICA,Brgy. Sta. Monica,Medium,176,52,512,52,2,8,300.0
6,STA_TERESITA,Brgy. Sta. Teresita,Medium,299,12,293,12,23,23,0.0
6,STO_CRISTO,Brgy. Sto. Cristo,Medium,321,26,81,26,11,2,-81.82
6,STO_DOMINGO,Brgy. Sto. Domingo,Medium,226,12,268,12,17,21,23.53
6,STO_NINO,Brgy. Sto. Nino,Low,101,4,229,4,24,56,133.33
6,TAGUMPAY,Brgy. Tagumpay,Medium,171,3,161,3,56,52,-7.14
6,TALAYAN,Brgy. Talayan,Medium,95,5,259,5,18,50,177.78
6,TALIPAPA,Brgy. Talipapa,None,0,0,0,0,1,1,0.0
6,TANDANG_SORA,Brgy. Tandang Sora,Medium,544,84,357,84,5,3,-40.0
6,TATALON,Brgy. Tatalon,Medium,163,56,262,56,1,3,200.0
6,TEACHERS_VILLAGE_EAST,Brgy. Teachers Village East,Medium,96,3,221,3,31,72,132.26
6,TEACHERS_VILLAGE_WEST,Brgy. Teachers Village West,Medium,79,3,171,3,25,56,124.0
6,UGONG_NORTE,Brgy. Ugong Norte,Medium,165,7,109,7,22,14,-36.36
6,UNANG_SIGAW,Brgy. Unang Sigaw,Low,200,4,129,4,49,31,-36.73
6,UP_CAMPUS,Brgy. UP Campus,Low,472,24,254,24,18,9,-50.0
6,UP_VILLAGE,Brgy. UP Village,Medium,49,4,129,4,11,31,181.82
6,VALENCIA,Brgy. Valencia,Medium,120,11,254,11,9,22,144.44
6,VASRA,Brgy. Vasra,Medium,168,8,108,8,20,12,-40.0
6,VETERANS_VILLAGE,Brgy. Veterans Village,Low,181,7,307,7,24,42,75.0
6,VILLA_MARIA_CLARA,Brgy. Villa Maria Clara,Medium,49,3,76,3,15,24,60.0
6,WEST_KAMIAS,Brgy. West Kamias,Medium,100,5,51,5,19,9,-52.63
6,WEST_TRIANGLE,Brgy. West Triangle,Medium,89,3,159,3,28,52,85.71
6,WHITE_PLAINS,Brgy. White Plains,Low,85,2,111,2,41,54,31.71
7,ALICIA,Brgy. Alicia,Medium,207,7,84,7,28,11,-60.71
7,AMIHAN,Brgy. Amihan,Medium,217,4,34,4,53,7,-86.79
7,APOLONIO_SAMSON,Brgy. Apolonio Samson,Medium,439,34,220,34,11,5,-54.55
7,BAESA,Brgy. Baesa,Low,214,28,254,28,6,8,33.33
7,BAGBAG,Brgy. Bagbag,Medium,523,65,520,65,7,7,0.0
7,BAGONG_LIPUNAN_NG_CRAME,Brgy. Bagong Lipunan ng Crame,Medium,121,14,244,14,7,16,128.57
7,BAGONG_PAG_ASA,Brgy. Bagong Pag-asa,Medium,62,30,462,30,1,14,1300.0
7,BAGONG_SILANGAN,Brgy. Bagong Silangan,High,677,214,277,214,2,0,-100.0
7,BAGUMBAYAN,Brgy. Bagumbayan,Medium,99,23,285,23,3,11,266.67
7,BAGUMBUHAY,Brgy. Bagumbuhay,Low,142,4,160,4,34,39,14.71
7,BAHAY_TORO,Brgy. Bahay Toro,Medium,436,60,193,60,6,2,-66.67
7,BALINGASA,Brgy. Balingasa,None,0,0,0,0,1,1,0.0
7,BALUMBATO,Brgy. Balumbato,Medium,82,7,215,7,10,29,190.0
7,BATASAN_HILLS,Brgy. Batasan Hills,None,0,0,0,0,1,1,0.0
7,BAYANIHAN,Brgy. Bayanihan,Low,84,1,208,1,83,207,149.4
7,BLUE_RIDGE_A,Brgy. Blue Ridge A,Medium,222,2,26,2,110,12,-89.09
7,BLUE_RIDGE_B,Brgy. Blue Ridge B,None,0,0,0,0,1,1,0.0
7,BOTOCAN,Brgy. Botocan,Medium,208,8,134,8,25,15,-40.0
7,BUNGAD,Brgy. Bungad,Medium,226,8,136,8,27,16,-40.74
7,CAMP_AGUINALDO,Brgy. Camp Aguinaldo,None,0,0,0,0,1,1,0.0
7,CAPRI,Brgy. Capri,Medium,317,13,220,13,23,15,-34.78
7,CENTRAL,Brgy. Central,Medium,278,20,223,20,12,10,-16.67
7,COMMONWEALTH,Brgy. Commonwealth,Low,360,107,317,107,2,1,-50.0
7,CULIAT,Brgy. Culiat,Medium,344,68,325,68,4,3,-25.0
7,DAMAR,Brgy. Damar,Medium,71,1,77,1,70,76,8.57
7,DAMAYAN,Brgy. Damayan,Low,129,4,69,4,31,16,-48.39
7,DAMAYANG_LAGI,Brgy. Damayang Lagi,Medium,138,20,258,20,5,11,120.0
7,DEL_MONTE,Brgy. Del Monte,Low,150,6,42,6,24,6,-75.0
7,DIOQUINO_ZOBEL,Brgy. Dioquino Zobel,Medium,35,2,164,2,16,81,406.25
7,DONA_AURORA,Brgy. Dona Aurora,Medium,120,5,63,5,23,11,-52.17
7,DONA_IMELDA,Brgy. Dona Imelda,Medium,198,12,87,12,15,6,-60.0
7,DONA_JOSEFA,Brgy. Dona Josefa,Medium,170,2,152,2,84,75,-10.71
7,DON_MANUEL,Brgy. Don Manuel,Medium,53,2,93,2,25,45,80.0
7,DUYAN_DUYAN,Brgy. Duyan-Duyan,Medium,160,2,130,2,79,64,-18.99
7,EAST_KAMIAS,Brgy. East Kamias,Medium,202,7,209,7,27,28,3.7
7,ESCOBA_1,Brgy. Escopa 1,Low,125,2,188,2,61,93,52.46
7,ESCOBA_2,Brgy. Escopa 2,Medium,47,2,104,2,22,51,131.82
7,ESCOBA_3,Brgy. Escopa 3,Low,228,4,205,4,56,50,-10.71
7,ESCOBA_4,Brgy. Escopa 4,Medium,138,2,15,2,68,6,-91.18
7,E_RODRIGUEZ,Brgy. E. Rodriguez,None,0,0,0,0,1,1,0.0
7,FAIRVIEW,Brgy. Fairview,Medium,320,62,617,62,4,8,100.0
7,GREATER_LAGRO,Brgy. Greater Lagro,Medium,286,24,82,24,10,2,-80.0
7,GULOD,Brgy. Gulod,Medium,19,63,212,63,0,2,200000000.0
7,HOLY_SPIRIT,Brgy. Holy Spirit,Low,366,56,582,56,5,9,80.0
7,HORSESHOE,Brgy. Horseshoe,Medium,244,3,162,3,80,53,-33.75
7,IMMACULATE_CONCEPTION,Brgy. Immaculate Conception,Medium,49,9,182,9,4,19,375.0
7,KALIGAYAHAN,Brgy. Kaligayahan,Medium,258,61,99,61,3,0,-100.0
7,KALUSUGAN,Brgy. Kalusugan,Medium,72,5,165,5,13,32,146.15
7,KAMUNING,Brgy. Kamuning,Medium,89,15,56,15,4,2,-50.0
7,KATIPUNAN,Brgy. Katipunan,Medium,171,11,196,11,14,16,14.29
7,KAUNLARAN,Brgy. Kaunlaran,None,0,0,0,0,1,1,0.0
7,KRISTONG_HARI,Brgy. Kristong Hari,Medium,57,7,97,7,7,12,71.43
7,KRUS_NA_LIGAS,Brgy. Krus na Ligas,Medium,281,22,144,22,11,5,-54.55
7,LAGING_HANDA,Brgy. Laging Handa,Medium,223,5,198,5,43,38,-11.63
7,LIBIS,Brgy. Libis,Low,66,3,181,3,21,59,180.95
7,LOURDES,Brgy. Lourdes,Medium,164,5,71,5,31,13,-58.06
7,LOYOLA_HEIGHTS,Brgy. Loyola Heights,Medium,357,22,132,22,15,5,-66.67
7,MAHARLIKA,Brgy. Maharlika,Medium,89,5,147,5,16,28,75.0
7,MALAYA,Brgy. Malaya,Medium,119,3,219,3,38,72,89.47
7,MANGGA,Brgy. Mangga,Medium,196,12,138,12,15,10,-33.33
7,MANRESA,Brgy. Manresa,Medium,294,18,268,18,15,13,-13.33
7,MARIANA,Brgy. Mariana,Medium,103,12,221,12,7,17,142.86
7,MARIBLO,Brgy. Mariblo,Medium,154,4,34,4,37,7,-81.08
7,MARILAG,Brgy. Marilag,Medium,167,13,221,13,11,16,45.45
7,MASAGANA,Brgy. Masagana,Medium,152,5,93,5,29,17,-41.38
7,MASAMBONG,Brgy. Masambong,Medium,179,9,82,9,18,8,-55.56
7,MATANDANG_BALARA,Brgy. Matandang Balara,None,0,0,0,0,1,1,0.0
7,MILAGROSA,Brgy. Milagrosa,Medium,225,7,203,7,31,28,-9.68
7,NAGKAISANG_NAYON,Brgy. Nagkaisang Nayon,Low,461,27,403,27,16,13,-18.75
7,NAYONG_KANLURAN,Brgy. Nayong Kanluran,Medium,55,3,195,3,17,64,276.47
7,NEW_ERA,Brgy. New Era,Medium,266,15,180,15,16,11,-31.25
7,NORTH_FAIRVIEW,Brgy. North Fairview,Medium,248,45,392,45,4,7,75.0
7,NOVALICHES_PROPER,Brgy. Novaliches Proper,Medium,345,16,171,16,20,9,-55.0
7,NS_AMORANTO,Brgy. N. S. Amoranto,None,0,0,0,0,1,1,0.0
7,OBRERO,Brgy. Obrero,Low,303,5,216,5,59,42,-28.81
7,OLD_CAPITOL_SITE,Brgy. Old Capitol Site,Medium,147,2,200,2,72,99,37.5
7,PAANG_BUNDOK,Brgy. Paang Bundok,Low,253,3,37,3,83,11,-86.75
7,PAG_IBIG_SA_NAYON,Brgy. Pag-Ibig sa Nayon,Medium,121,6,172,6,19,27,42.11
7,PALIGSAHAN,Brgy. Paligsahan,Medium,200,4,246,4,49,60,22.45
7,PALTOK,Brgy. Paltok,Medium,55,19,232,19,1,11,1000.0
7,PANSOL,Brgy. Pansol,Medium,109,36,196,36,2,4,100.0
7,PARAISO,Brgy. Paraiso,Medium,253,4,190,4,62,46,-25.81
7,PASONG_PUTIK_PROPER,Brgy. Pasong Putik Proper,Medium,98,40,432,40,1,9,800.0
7,PASONG_TAMO,Brgy. Pasong Tamo,Medium,246,111,382,111,1,2,100.0
7,PAYATAS,Brgy. Payatas,Medium,168,140,478,140,0,2,200000000.0
7,PHILAM,Brgy. Philam,Low,166,2,79,2,82,38,-53.66
7,PINAGKAISAHAN,Brgy. Pinagkaisahan,None,0,0,0,0,1,1,0.0
7,PINYAHAN,Brgy. Pinyahan,Low,380,11,188,11,33,16,-51.52
7,PROJECT_6,Brgy. Project 6,Medium,274,12,134,12,21,10,-52.38
7,QUIRINO_2A,Brgy. Quirino 2-A,Medium,175,5,125,5,34,24,-29.41
7,QUIRINO_2B,Brgy. Quirino 2-B,None,0,0,0,0,1,1,0.0
7,QUIRINO_2C,Brgy. Quirino 2-C,Low,207,2,75,2,102,36,-64.71
7,QUIRINO_3A,Brgy. Quirino 3-A,Medium,190,2,151,2,94,74,-21.28
7,QUIRINO_3B,Brgy. Quirino 3-B,Medium,72,4,173,4,17,42,147.06
7,RAMON_MAGSAYSAY,Brgy. Ramon Magsaysay,Medium,250,15,308,15,15,19,26.67
7,ROXAS,Brgy. Roxas,Low,63,6,277,6,9,45,400.0
7,SACRED_HEART,Brgy. Sacred Heart,Low,18,4,174,4,3,42,1300.0
7,SAINT_IGNATIUS,Brgy. Saint Ignatius,Medium,93,3,167,3,30,54,80.0
7,SAINT_PETER,Brgy. Saint Peter,Medium,214,5,168,5,41,32,-21.95
7,SALVACION,Brgy. Salvacion,Medium,83,7,81,7,10,10,0.0
7,SANGANDAAN,Brgy. Sangandaan,Medium,347,22,290,22,14,12,-14.29
7,SANTOL,Brgy. Santol,Medium,228,7,224,7,31,31,0.0
7,SAN_AGUSTIN,Brgy. San Agustin,None,0,0,0,0,1,1,0.0
7,SAN_ANTONIO,Brgy. San Antonio,Medium,170,23,344,23,6,13,116.67
7,SAN_BARTOLOME,Brgy. San Bartolome,Medium,338,52,353,52,5,5,0.0
7,SAN_ISIDRO,Brgy. San Isidro,Medium,208,7,62,7,28,7,-75.0
7,SAN_ISIDRO_LABRADOR,Brgy. San Isidro Labrador,Medium,125,7,213,7,16,29,81.25
7,SAN_JOSE,Brgy. San Jose,Medium,260,6,48,6,42,7,-83.33
7,SAN_MARTIN_DE_PORRES,Brgy. San Martin de Porres,Medium,205,12,221,12,16,17,6.25
7,SAN_ROQUE,Brgy. San Roque,None,0,0,0,0,1,1,0.0
7,SAN_VICENTE,Brgy. San Vicente,Medium,211,8,205,8,25,24,-4.0
7,SAUYO,Brgy. Sauyo,Medium,697,77,544,77,8,6,-25.0
7,SIENA,Brgy. Siena,Medium,221,3,157,3,72,51,-29.17
7,SIKATUNA_VILLAGE,Brgy. Sikatuna Village,Medium,115,7,253,7,15,35,133.33
7,SILANGAN,Brgy. Silangan,Medium,109,5,139,5,20,26,30.0
7,SOCORRO,Brgy. Socorro,Medium,150,23,115,23,5,4,-20.0
7,SOUTH_TRIANGLE,Brgy. South Triangle,None,0,0,0,0,1,1,0.0
7,STA_CRUZ,Brgy. Sta. Cruz,None,0,0,0,0,1,1,0.0
7,STA_LUCIA,Brgy. Sta. Lucia,Low,108,15,123,15,6,7,16.67
7,STA_MONICA,Brgy. Sta. Monica,Medium,440,52,562,52,7,9,28.57
7,STA_TERESITA,Brgy. Sta. Teresita,Medium,92,12,197,12,6,15,150.0
7,STO_CRISTO,Brgy. Sto. Cristo,Medium,368,26,234,26,13,8,-38.46
7,STO_DOMINGO,Brgy. Sto. Domingo,Medium,277,12,261,12,22,20,-9.09
7,STO_NINO,Brgy. Sto. Nino,Medium,99,8,237,8,11,28,154.55
7,TAGUMPAY,Brgy. Tagumpay,Medium,223,3,88,3,73,28,-61.64
7,TALAYAN,Brgy. Talayan,Medium,42,5,118,5,7,22,214.29
7,TALIPAPA,Brgy. Talipapa,Medium,62,39,400,39,0,9,900000000.0
7,TANDANG_SORA,Brgy. Tandang Sora,Medium,232,84,320,84,1,2,100.0
7,TATALON,Brgy. Tatalon,Medium,310,56,235,56,4,3,-25.0
7,TEACHERS_VILLAGE_EAST,Brgy. Teachers Village East,Low,83,2,24,2,40,11,-72.5
7,TEACHERS_VILLAGE_WEST,Brgy. Teachers Village West,Medium,143,3,124,3,46,40,-13.04
7,UGONG_NORTE,Brgy. Ugong Norte,Medium,211,7,61,7,29,7,-75.86
7,UNANG_SIGAW,Brgy. Unang Sigaw,None,0,0,0,0,1,1,0.0
7,UP_CAMPUS,Brgy. UP Campus,Medium,283,48,263,48,4,4,0.0
7,UP_VILLAGE,Brgy. UP Village,None,0,0,0,0,1,1,0.0
7,VALENCIA,Brgy. Valencia,Medium,200,11,69,11,17,5,-70.59
7,VASRA,Brgy. Vasra,Low,132,4,189,4,32,46,43.75
7,VETERANS_VILLAGE,Brgy. Veterans Village,None,0,0,0,0,1,1,0.0
7,VILLA_MARIA_CLARA,Brgy. Villa Maria Clara,Medium,68,3,193,3,21,63,200.0
7,WEST_KAMIAS,Brgy. West Kamias,Medium,105,5,123,5,20,23,15.0
7,WEST_TRIANGLE,Brgy. West Triangle,Low,134,2,193,2,66,95,43.94
7,WHITE_PLAINS,Brgy. White Plains,Medium,199,4,31,4,48,6,-87.5
8,ALICIA,Brgy. Alicia,Medium,180,7,97,7,24,12,-50.0
8,AMIHAN,Brgy. Amihan,Medium,170,4,123,4,41,29,-29.27
8,APOLONIO_SAMSON,Brgy. Apolonio Samson,None,0,0,0,0,1,1,0.0
8,BAESA,Brgy. Baesa,None,0,0,0,0,1,1,0.0
8,BAGBAG,Brgy. Bagbag,Low,206,33,354,33,5,9,80.0
8,BAGONG_LIPUNAN_NG_CRAME,Brgy. Bagong Lipunan ng Crame,Medium,255,14,108,14,17,6,-64.71
8,BAGONG_PAG_ASA,Brgy. Bagong Pag-asa,None,0,0,0,0,1,1,0.0
8,BAGONG_SILANGAN,Brgy. Bagong Silangan,Low,622,54,403,54,10,6,-40.0
8,BAGUMBAYAN,Brgy. Bagumbayan,None,0,0,0,0,1,1,0.0
8,BAGUMBUHAY,Brgy. Bagumbuhay,Medium,211,7,86,7,29,11,-62.07
8,BAHAY_TORO,Brgy. Bahay Toro,Medium,432,60,198,60,6,2,-66.67
8,BALINGASA,Brgy. Balingasa,Medium,171,20,359,20,7,16,128.57
8,BALUMBATO,Brgy. Balumbato,Medium,152,7,79,7,20,10,-50.0
8,BATASAN_HILLS,Brgy. Batasan Hills,Medium,372,167,806,167,1,3,200.0
8,BAYANIHAN,Brgy. Bayanihan,Medium,197,1,113,1,196,112,-42.86
8,BLUE_RIDGE_A,Brgy. Blue Ridge A,Medium,64,2,172,2,31,85,174.19
8,BLUE_RIDGE_B,Brgy. Blue Ridge B,Medium,66,2,120,2,32,59,84.37
8,BOTOCAN,Brgy. Botocan,Medium,206,8,193,8,24,23,-4.17
8,BUNGAD,Brgy. Bungad,Medium,234,8,251,8,28,30,7.14
8,CAMP_AGUINALDO,Brgy. Camp Aguinaldo,Low,121,2,95,2,59,46,-22.03
8,CAPRI,Brgy. Capri,Low,268,7,182,7,37,25,-32.43
8,CENTRAL,Brgy. Central,Low,223,10,225,10,21,21,0.0
8,COMMONWEALTH,Brgy. Commonwealth,Low,727,107,42,107,5,0,-100.0
8,CULIAT,Brgy. Culiat,Medium,340,68,258,68,4,2,-50.0
8,DAMAR,Brgy. Damar,Medium,127,1,87,1,126,86,-31.75
8,DAMAYAN,Brgy. Damayan,None,0,0,0,0,1,1,0.0
8,DAMAYANG_LAGI,Brgy. Damayang Lagi,Medium,75,20,235,20,2,10,400.0
8,DEL_MONTE,Brgy. Del Monte,Medium,86,11,211,11,6,18,200.0
8,DIOQUINO_ZOBEL,Brgy. Dioquino Zobel,Low,100,1,174,1,99,173,74.75
8,DONA_AURORA,Brgy. Dona Aurora,Medium,158,5,114,5,30,21,-30.0
8,DONA_IMELDA,Brgy. Dona Imelda,Medium,216,12,213,12,17,16,-5.88
8,DONA_JOSEFA,Brgy. Dona Josefa,Medium,189,2,163,2,93,80,-13.98
8,DON_MANUEL,Brgy. Don Manuel,Medium,110,2,83,2,54,40,-25.93
8,DUYAN_DUYAN,Brgy. Duyan-Duyan,Medium,134,2,77,2,66,37,-43.94
8,EAST_KAMIAS,Brgy. East Kamias,Medium,121,7,253,7,16,35,118.75
8,ESCOBA_1,Brgy. Escopa 1,Medium,40,3,157,3,12,51,325.0
8,ESCOBA_2,Brgy. Escopa 2,None,0,0,0,0,1,1,0.0
8,ESCOBA_3,Brgy. Escopa 3,Low,192,4,112,4,47,27,-42.55
8,ESCOBA_4,Brgy. Escopa 4,Medium,113,2,169,2,55,83,50.91
8,E_RODRIGUEZ,Brgy. E. Rodriguez,Medium,270,18,348,18,14,18,28.57
8,FAIRVIEW,Brgy. Fairview,Medium,619,62,169,62,8,1,-87.5
8,GREATER_LAGRO,Brgy. Greater Lagro,Medium,283,24,35,24,10,0,-100.0
8,GULOD,Brgy. Gulod,None,0,0,0,0,1,1,0.0
8,HOLY_SPIRIT,Brgy. Holy Spirit,Medium,93,112,473,112,0,3,300000000.0
8,HORSESHOE,Brgy. Horseshoe,Medium,61,3,176,3,19,57,200.0
8,IMMACULATE_CONCEPTION,Brgy. Immaculate Conception,None,0,0,0,0,1,1,0.0
8,KALIGAYAHAN,Brgy. Kaligayahan,Medium,490,61,144,61,7,1,-85.71
8,KALUSUGAN,Brgy. Kalusugan,Medium,56,5,199,5,10,38,280.0
8,KAMUNING,Brgy. Kamuning,Medium,231,15,213,15,14,13,-7.14
8,KATIPUNAN,Brgy. Katipunan,Medium,167,11,298,11,14,26,85.71
8,KAUNLARAN,Brgy. Kaunlaran,Medium,109,13,95,13,7,6,-14.29
8,KRISTONG_HARI,Brgy. Kristong Hari,Medium,190,7,262,7,26,36,38.46
8,KRUS_NA_LIGAS,Brgy. Krus na Ligas,Medium,311,22,344,22,13,14,7.69
8,LAGING_HANDA,Brgy. Laging Handa,Medium,30,5,9,5,5,0,-100.0
8,LIBIS,Brgy. Libis,Medium,151,5,23,5,29,3,-89.66
8,LOURDES,Brgy. Lourdes,Medium,91,5,249,5,17,48,182.35
8,LOYOLA_HEIGHTS,Brgy. Loyola Heights,Medium,57,22,157,22,1,6,500.0
8,MAHARLIKA,Brgy. Maharlika,Medium,101,5,81,5,19,15,-21.05
8,MALAYA,Brgy. Malaya,Low,80,2,82,2,39,40,2.56
8,MANGGA,Brgy. Mangga,Medium,108,12,197,12,8,15,87.5
8,MANRESA,Brgy. Manresa,Low,279,9,230,9,30,24,-20.0
8,MARIANA,Brgy. Mariana,Low,48,6,297,6,7,48,585.71
8,MARIBLO,Brgy. Mariblo,Low,94,2,100,2,46,49,6.52
8,MARILAG,Brgy. Marilag,None,0,0,0,0,1,1,0.0
8,MASAGANA,Brgy. Masagana,Medium,174,5,248,5,33,48,45.45
8,MASAMBONG,Brgy. Masambong,Medium,103,9,117,9,10,12,20.0
8,MATANDANG_BALARA,Brgy. Matandang Balara,Medium,677,70,285,70,8,3,-62.5
8,MILAGROSA,Brgy. Milagrosa,Medium,202,7,206,7,27,28,3.7
8,NAGKAISANG_NAYON,Brgy. Nagkaisang Nayon,Medium,234,54,145,54,3,1,-66.67
8,NAYONG_KANLURAN,Brgy. Nayong Kanluran,Low,61,2,31,2,29,14,-51.72
8,NEW_ERA,Brgy. New Era,Medium,139,15,69,15,8,3,-62.5
8,NORTH_FAIRVIEW,Brgy. North Fairview,Medium,158,45,292,45,2,5,150.0
8,NOVALICHES_PROPER,Brgy. Novaliches Proper,Medium,171,16,179,16,9,10,11.11
8,NS_AMORANTO,Brgy. N. S. Amoranto,Medium,244,6,76,6,39,11,-71.79
8,OBRERO,Brgy. Obrero,Medium,138,10,177,10,12,16,33.33
8,OLD_CAPITOL_SITE,Brgy. Old Capitol Site,Medium,170,2,112,2,84,55,-34.52
8,PAANG_BUNDOK,Brgy. Paang Bundok,Medium,149,5,98,5,28,18,-35.71
8,PAG_IBIG_SA_NAYON,Brgy. Pag-Ibig sa Nayon,Medium,196,6,88,6,31,13,-58.06
8,PALIGSAHAN,Brgy. Paligsahan,Medium,58,4,110,4,13,26,100.0
8,PALTOK,Brgy. Paltok,Low,295,10,387,10,28,37,32.14
8,PANSOL,Brgy. Pansol,Medium,303,36,317,36,7,7,0.0
8,PARAISO,Brgy. Paraiso,Medium,68,4,129,4,16,31,93.75
8,PASONG_PUTIK_PROPER,Brgy. Pasong Putik Proper,Medium,224,40,359,40,4,7,75.0
8,PASONG_TAMO,Brgy. Pasong Tamo,Medium,815,111,275,111,6,1,-83.33
8,PAYATAS,Brgy. Payatas,Medium,467,140,206,140,2,0,-100.0
8,PHILAM,Brgy. Philam,Medium,188,3,85,3,61,27,-55.74
8,PINAGKAISAHAN,Brgy. Pinagkaisahan,Medium,189,5,95,5,36,18,-50.0
8,PINYAHAN,Brgy. Pinyahan,Medium,163,22,392,22,6,16,166.67
8,PROJECT_6,Brgy. Project 6,Medium,236,12,182,12,18,14,-22.22
8,QUIRINO_2A,Brgy. Quirino 2-A,Medium,48,5,142,5,8,27,237.5
8,QUIRINO_2B,Brgy. Quirino 2-B,Medium,108,4,100,4,26,24,-7.69
8,QUIRINO_2C,Brgy. Quirino 2-C,Medium,82,4,129,4,19,31,63.16
8,QUIRINO_3A,Brgy. Quirino 3-A,Low,135,1,77,1,134,76,-43.28
8,QUIRINO_3B,Brgy. Quirino 3-B,Medium,150,4,146,4,36,35,-2.78
8,RAMON_MAGSAYSAY,Brgy. Ramon Magsaysay,Medium,213,15,140,15,13,8,-38.46
8,ROXAS,Brgy. Roxas,Medium,185,11,102,11,15,8,-46.67
8,SACRED_HEART,Brgy. Sacred Heart,None,0,0,0,0,1,1,0.0
8,SAINT_IGNATIUS,Brgy. Saint Ignatius,Medium,71,3,221,3,22,72,227.27
8,SAINT_PETER,Brgy. Saint Peter,Low,85,3,221,3,27,72,166.67
8,SALVACION,Brgy. Salvacion,Medium,122,7,250,7,16,34,112.5
8,SANGANDAAN,Brgy. Sangandaan,Medium,266,22,164,22,11,6,-45.45
8,SANTOL,Brgy. Santol,Low,143,4,56,4,34,13,-61.76
8,SAN_AGUSTIN,Brgy. San Agustin,Medium,391,26,325,26,14,11,-21.43
8,SAN_ANTONIO,Brgy. San Antonio,Medium,189,23,70,23,7,2,-71.43
8,SAN_BARTOLOME,Brgy. San Bartolome,Medium,318,52,284,52,5,4,-20.0
8,SAN_ISIDRO,Brgy. San Isidro,Medium,193,7,200,7,26,27,3.85
8,SAN_ISIDRO_LABRADOR,Brgy. San Isidro Labrador,Medium,50,7,168,7,6,23,283.33
8,SAN_JOSE,Brgy. San Jose,Medium,251,6,216,6,40,35,-12.5
8,SAN_MARTIN_DE_PORRES,Brgy. San Martin de Porres,Medium,268,12,267,12,21,21,0.0
8,SAN_ROQUE,Brgy. San Roque,Low,155,10,253,10,14,24,71.43
8,SAN_VICENTE,Brgy. San Vicente,None,0,0,0,0,1,1,0.0
8,SAUYO,Brgy. Sauyo,Low,477,39,131,39,11,2,-81.82
8,SIENA,Brgy. Siena,Medium,126,3,174,3,41,57,39.02
8,SIKATUNA_VILLAGE,Brgy. Sikatuna Village,Medium,101,7,110,7,13,14,7.69
8,SILANGAN,Brgy. Silangan,Medium,165,5,266,5,32,52,62.5
8,SOCORRO,Brgy. Socorro,Medium,80,23,34,23,2,0,-100.0
8,SOUTH_TRIANGLE,Brgy. South Triangle,Medium,156,15,147,15,9,8,-11.11
8,STA_CRUZ,Brgy. Sta. Cruz,Medium,172,4,196,4,42,48,14.29
8,STA_LUCIA,Brgy. Sta. Lucia,Low,118,15,167,15,6,10,66.67
8,STA_MONICA,Brgy. Sta. Monica,Medium,105,52,322,52,1,5,400.0
8,STA_TERESITA,Brgy. Sta. Teresita,Medium,165,12,187,12,12,14,16.67
8,STO_CRISTO,Brgy. Sto. Cristo,Low,156,13,315,13,11,23,109.09
8,STO_DOMINGO,Brgy. Sto. Domingo,Medium,240,12,264,12,19,21,10.53
8,STO_NINO,Brgy. Sto. Nino,Medium,156,8,174,8,18,20,11.11
8,TAGUMPAY,Brgy. Tagumpay,Medium,175,3,48,3,57,15,-73.68
8,TALAYAN,Brgy. Talayan,Medium,120,5,168,5,23,32,39.13
8,TALIPAPA,Brgy. Talipapa,Medium,201,39,431,39,4,10,150.0
8,TANDANG_SORA,Brgy. Tandang Sora,Medium,469,84,701,84,4,7,75.0
8,TATALON,Brgy. Tatalon,Medium,174,56,98,56,2,0,-100.0
8,TEACHERS_VILLAGE_EAST,Brgy. Teachers Village East,Medium,65,3,3,3,20,0,-100.0
8,TEACHERS_VILLAGE_WEST,Brgy. Teachers Village West,Medium,62,3,123,3,19,40,110.53
8,UGONG_NORTE,Brgy. Ugong Norte,Medium,74,7,182,7,9,25,177.78
8,UNANG_SIGAW,Brgy. Unang Sigaw,Medium,61,7,87,7,7,11,57.14
8,UP_CAMPUS,Brgy. UP Campus,Medium,222,48,539,48,3,10,233.33
8,UP_VILLAGE,Brgy. UP Village,Medium,135,4,15,4,32,2,-93.75
8,VALENCIA,Brgy. Valencia,Medium,64,11,221,11,4,19,375.0
8,VASRA,Brgy. Vasra,None,0,0,0,0,1,1,0.0
8,VETERANS_VILLAGE,Brgy. Veterans Village,Low,268,7,242,7,37,33,-10.81
8,VILLA_MARIA_CLARA,Brgy. Villa Maria Clara,Medium,46,3,218,3,14,71,407.14
8,WEST_KAMIAS,Brgy. West Kamias,Medium,140,5,147,5,27,28,3.7
8,WEST_TRIANGLE,Brgy. West Triangle,None,0,0,0,0,1,1,0.0
8,WHITE_PLAINS,Brgy. White Plains,Medium,95,4,236,4,22,58,163.64
9,ALICIA,Brgy. Alicia,Low,155,4,196,4,37,48,29.73
9,AMIHAN,Brgy. Amihan,Medium,72,4,168,4,17,41,141.18
9,APOLONIO_SAMSON,Brgy. Apolonio Samson,Medium,350,34,416,34,9,11,22.22
9,BAESA,Brgy. Baesa,Medium,449,56,528,56,7,8,14.29
9,BAGBAG,Brgy. Bagbag,Medium,426,65,269,65,5,3,-40.0
9,BAGONG_LIPUNAN_NG_CRAME,Brgy. Bagong Lipunan ng Crame,Medium,253,14,206,14,17,13,-23.53
9,BAGONG_PAG_ASA,Brgy. Bagong Pag-asa,Medium,180,30,199,30,5,5,0.0
9,BAGONG_SILANGAN,Brgy. Bagong Silangan,Low,190,54,401,54,2,6,200.0
9,BAGUMBAYAN,Brgy. Bagumbayan,Low,58,12,19,12,3,0,-100.0
9,BAGUMBUHAY,Brgy. Bagumbuhay,Low,72,4,167,4,17,40,135.29
9,BAHAY_TORO,Brgy. Bahay Toro,Medium,544,60,461,60,8,6,-25.0
9,BALINGASA,Brgy. Balingasa,Low,233,10,176,10,22,16,-27.27
9,BALUMBATO,Brgy. Balumbato,Medium,98,7,278,7,13,38,192.31
9,BATASAN_HILLS,Brgy. Batasan Hills,Medium,474,167,199,167,1,0,-100.0
9,BAYANIHAN,Brgy. Bayanihan,None,0,0,0,0,1,1,0.0
9,BLUE_RIDGE_A,Brgy. Blue Ridge A,Medium,165,2,29,2,81,13,-83.95
9,BLUE_RIDGE_B,Brgy. Blue Ridge B,Medium,175,2,14,2,86,6,-93.02
9,BOTOCAN,Brgy. Botocan,Medium,64,8,204,8,7,24,242.86
9,BUNGAD,Brgy. Bungad,Medium,72,8,99,8,8,11,37.5
9,CAMP_AGUINALDO,Brgy. Camp Aguinaldo,Medium,181,4,106,4,44,25,-43.18
9,CAPRI,Brgy. Capri,Medium,86,13,80,13,5,5,0.0
9,CENTRAL,Brgy. Central,Medium,71,20,337,20,2,15,650.0
9,COMMONWEALTH,Brgy. Commonwealth,Medium,540,214,328,214,1,0,-100.0
9,CULIAT,Brgy. Culiat,Low,336,34,434,34,8,11,37.5
9,DAMAR,Brgy. Damar,None,0,0,0,0,1,1,0.0
9,DAMAYAN,Brgy. Damayan,Medium,53,7,94,7,6,12,100.0
9,DAMAYANG_LAGI,Brgy. Damayang Lagi,Medium,120,20,187,20,5,8,60.0
9,DEL_MONTE,Brgy. Del Monte,None,0,0,0,0,1,1,0.0
9,DIOQUINO_ZOBEL,Brgy. Dioquino Zobel,Medium,106,2,157,2,52,77,48.08
9,DONA_AURORA,Brgy. Dona Aurora,None,0,0,0,0,1,1,0.0
9,DONA_IMELDA,Brgy. Dona Imelda,Medium,145,12,118,12,11,8,-27.27
9,DONA_JOSEFA,Brgy. Dona Josefa,Medium,127,2,108,2,62,53,-14.52
9,DON_MANUEL,Brgy. Don Manuel,Medium,25,2,178,2,11,88,700.0
9,DUYAN_DUYAN,Brgy. Duyan-Duyan,Medium,178,2,133,2,88,65,-26.14
9,EAST_KAMIAS,Brgy. East Kamias,Low,75,4,92,4,17,22,29.41
9,ESCOBA_1,Brgy. Escopa 1,Medium,91,3,82,3,29,26,-10.34
9,ESCOBA_2,Brgy. Escopa 2,Medium,115,2,139,2,56,68,21.43
9,ESCOBA_3,Brgy. Escopa 3,Medium,152,8,143,8,18,16,-11.11
9,ESCOBA_4,Brgy. Escopa 4,Medium,66,2,204,2,32,101,215.62
9,E_RODRIGUEZ,Brgy. E. Rodriguez,Medium,106,18,349,18,4,18,350.0
9,FAIRVIEW,Brgy. Fairview,Medium,234,62,315,62,2,4,100.0
9,GREATER_LAGRO,Brgy. Greater Lagro,Medium,104,24,92,24,3,2,-33.33
9,GULOD,Brgy. Gulod,Medium,519,63,456,63,7,6,-14.29
9,HOLY_SPIRIT,Brgy. Holy Spirit,Medium,270,112,406,112,1,2,100.0
9,HORSESHOE,Brgy. Horseshoe,None,0,0,0,0,1,1,0.0
9,IMMACULATE_CONCEPTION,Brgy. Immaculate Conception,Medium,226,9,72,9,24,7,-70.83
9,KALIGAYAHAN,Brgy. Kaligayahan,Medium,309,61,107,61,4,0,-100.0
9,KALUSUGAN,Brgy. Kalusugan,Medium,192,5,211,5,37,41,10.81
9,KAMUNING,Brgy. Kamuning,Medium,72,15,191,15,3,11,266.67
9,KATIPUNAN,Brgy. Katipunan,Low,268,6,66,6,43,10,-76.74
9,KAUNLARAN,Brgy. Kaunlaran,Low,123,7,237,7,16,32,100.0
9,KRISTONG_HARI,Brgy. Kristong Hari,Medium,152,7,210,7,20,29,45.0
9,KRUS_NA_LIGAS,Brgy. Krus na Ligas,Medium,289,22,214,22,12,8,-33.33
9,LAGING_HANDA,Brgy. Laging Handa,Medium,72,5,184,5,13,35,169.23
9,LIBIS,Brgy. Libis,Medium,176,5,215,5,34,42,23.53
9,LOURDES,Brgy. Lourdes,Low,188,3,163,3,61,53,-13.11
9,LOYOLA_HEIGHTS,Brgy. Loyola Heights,Medium,228,22,50,22,9,1,-88.89
9,MAHARLIKA,Brgy. Maharlika,Medium,174,5,150,5,33,29,-12.12
9,MALAYA,Brgy. Malaya,Medium,169,3,175,3,55,57,3.64
9,MANGGA,Brgy. Mangga,Low,176,6,137,6,28,21,-25.0
9,MANRESA,Brgy. Manresa,Medium,172,18,7,18,8,0,-100.0
9,MARIANA,Brgy. Mariana,Medium,227,12,144,12,17,11,-35.29
9,MARIBLO,Brgy. Mariblo,Medium,99,4,92,4,23,22,-4.35
9,MARILAG,Brgy. Marilag,Medium,186,13,145,13,13,10,-23.08
9,MASAGANA,Brgy. Masagana,Low,147,3,99,3,48,32,-33.33
9,MASAMBONG,Brgy. Masambong,Medium,140,9,210,9,14,22,57.14
9,MATANDANG_BALARA,Brgy. Matandang Balara,Low,343,35,363,35,8,9,12.5
9,MILAGROSA,Brgy. Milagrosa,Low,72,4,149,4,17,36,111.76
9,NAGKAISANG_NAYON,Brgy. Nagkaisang Nayon,Low,262,27,247,27,8,8,0.0
9,NAYONG_KANLURAN,Brgy. Nayong Kanluran,Medium,55,3,28,3,17,8,-52.94
9,NEW_ERA,Brgy. New Era,Medium,52,15,86,15,2,4,100.0
9,NORTH_FAIRVIEW,Brgy. North Fairview,Medium,458,45,225,45,9,4,-55.56
9,NOVALICHES_PROPER,Brgy. Novaliches Proper,Medium,108,16,156,16,5,8,60.0
9,NS_AMORANTO,Brgy. N. S. Amoranto,None,0,0,0,0,1,1,0.0
9,OBRERO,Brgy. Obrero,None,0,0,0,0,1,1,0.0
9,OLD_CAPITOL_SITE,Brgy. Old Capitol Site,Medium,99,2,143,2,48,70,45.83
9,PAANG_BUNDOK,Brgy. Paang Bundok,Low,78,3,96,3,25,31,24.0
9,PAG_IBIG_SA_NAYON,Brgy. Pag-Ibig sa Nayon,None,0,0,0,0,1,1,0.0
9,PALIGSAHAN,Brgy. Paligsahan,Medium,140,4,246,4,34,60,76.47
9,PALTOK,Brgy. Paltok,Medium,291,19,235,19,14,11,-21.43
9,PANSOL,Brgy. Pansol,Low,263,18,383,18,13,20,53.85
9,PARAISO,Brgy. Paraiso,Medium,96,4,144,4,23,35,52.17
9,PASONG_PUTIK_PROPER,Brgy. Pasong Putik Proper,Medium,314,40,156,40,6,2,-66.67
9,PASONG_TAMO,Brgy. Pasong Tamo,Medium,403,111,144,111,2,0,-100.0
9,PAYATAS,Brgy. Payatas,Low,927,70,247,70,12,2,-83.33
9,PHILAM,Brgy. Philam,Medium,121,3,189,3,39,62,58.97
9,PINAGKAISAHAN,Brgy. Pinagkaisahan,Medium,157,5,102,5,30,19,-36.67
9,PINYAHAN,Brgy. Pinyahan,Low,162,11,357,11,13,31,138.46
9,PROJECT_6,Brgy. Project 6,Medium,79,12,143,12,5,10,100.0
9,QUIRINO_2A,Brgy. Quirino 2-A,Low,53,3,176,3,16,57,256.25
9,QUIRINO_2B,Brgy. Quirino 2-B,Medium,57,4,78,4,13,18,38.46
9,QUIRINO_2C,Brgy. Quirino 2-C,Medium,193,4,238,4,47,58,23.4
9,QUIRINO_3A,Brgy. Quirino 3-A,Low,51,1,26,1,50,25,-50.0
9,QUIRINO_3B,Brgy. Quirino 3-B,Medium,157,4,156,4,38,38,0.0
9,RAMON_MAGSAYSAY,Brgy. Ramon Magsaysay,Medium,32,15,277,15,1,17,1600.0
9,ROXAS,Brgy. Roxas,Low,176,6,198,6,28,32,14.29
9,SACRED_HEART,Brgy. Sacred Heart,Medium,196,7,55,7,27,6,-77.78
9,SAINT_IGNATIUS,Brgy. Saint Ignatius,Low,63,2,107,2,30,52,73.33
9,SAINT_PETER,Brgy. Saint Peter,Medium,177,5,81,5,34,15,-55.88
9,SALVACION,Brgy. Salvacion,Medium,69,7,184,7,8,25,212.5
9,SANGANDAAN,Brgy. Sangandaan,Medium,230,22,355,22,9,15,66.67
9,SANTOL,Brgy. Santol,Low,209,4,82,4,51,19,-62.75
9,SAN_AGUSTIN,Brgy. San Agustin,Medium,165,26,400,26,5,14,180.0
9,SAN_ANTONIO,Brgy. San Antonio,Medium,182,23,81,23,6,2,-66.67
9,SAN_BARTOLOME,Brgy. San Bartolome,Medium,257,52,331,52,3,5,66.67
9,SAN_ISIDRO,Brgy. San Isidro,Low,228,4,189,4,56,46,-17.86
9,SAN_ISIDRO_LABRADOR,Brgy. San Isidro Labrador,Low,106,4,210,4,25,51,104.0
9,SAN_JOSE,Brgy. San Jose,None,0,0,0,0,1,1,0.0
9,SAN_MARTIN_DE_PORRES,Brgy. San Martin de Porres,Medium,181,12,36,12,14,2,-85.71
9,SAN_ROQUE,Brgy. San Roque,Low,213,10,97,10,20,8,-60.0
9,SAN_VICENTE,Brgy. San Vicente,Medium,121,8,126,8,14,14,0.0
9,SAUYO,Brgy. Sauyo,Low,327,39,493,39,7,11,57.14
9,SIENA,Brgy. Siena,Medium,172,3,161,3,56,52,-7.14
9,SIKATUNA_VILLAGE,Brgy. Sikatuna Village,Medium,20,7,56,7,1,7,600.0
9,SILANGAN,Brgy. Silangan,Medium,122,5,130,5,23,25,8.7
9,SOCORRO,Brgy. Socorro,Medium,294,23,232,23,11,9,-18.18
9,SOUTH_TRIANGLE,Brgy. South Triangle,Medium,104,15,110,15,5,6,20.0
9,STA_CRUZ,Brgy. Sta. Cruz,Medium,131,4,229,4,31,56,80.65
9,STA_LUCIA,Brgy. Sta. Lucia,Low,349,15,343,15,22,21,-4.55
9,STA_MONICA,Brgy. Sta. Monica,Medium,384,52,264,52,6,4,-33.33
9,STA_TERESITA,Brgy. Sta. Teresita,Medium,284,12,170,12,22,13,-40.91
9,STO_CRISTO,Brgy. Sto. Cristo,Medium,314,26,356,26,11,12,9.09
9,STO_DOMINGO,Brgy. Sto. Domingo,Medium,273,12,134,12,21,10,-52.38
9,STO_NINO,Brgy. Sto. Nino,Medium,153,8,178,8,18,21,16.67
9,TAGUMPAY,Brgy. Tagumpay,Medium,57,3,57,3,18,18,0.0
9,TALAYAN,Brgy. Talayan,High,121,9,141,9,12,14,16.67
9,TALIPAPA,Brgy. Talipapa,Medium,225,39,276,39,4,6,50.0
9,TANDANG_SORA,Brgy. Tandang Sora,None,0,0,0,0,1,1,0.0
9,TATALON,Brgy. Tatalon,Low,350,28,388,28,11,12,9.09
9,TEACHERS_VILLAGE_EAST,Brgy. Teachers Village East,Medium,143,3,109,3,46,35,-23.91
9,TEACHERS_VILLAGE_WEST,Brgy. Teachers Village West,Medium,47,3,192,3,14,63,350.0
9,UGONG_NORTE,Brgy. Ugong Norte,Medium,164,7,241,7,22,33,50.0
9,UNANG_SIGAW,Brgy. Unang Sigaw,Medium,175,7,204,7,24,28,16.67
9,UP_CAMPUS,Brgy. UP Campus,Medium,216,48,66,48,3,0,-100.0
9,UP_VILLAGE,Brgy. UP Village,Low,158,2,21,2,78,9,-88.46
9,VALENCIA,Brgy. Valencia,Medium,96,11,205,11,7,17,142.86
9,VASRA,Brgy. Vasra,Medium,176,8,123,8,21,14,-33.33
9,VETERANS_VILLAGE,Brgy. Veterans Village,Medium,254,13,78,13,18,5,-72.22
9,VILLA_MARIA_CLARA,Brgy. Villa Maria Clara,Medium,25,3,161,3,7,52,642.86
9,WEST_KAMIAS,Brgy. West Kamias,Medium,121,5,214,5,23,41,78.26
9,WEST_TRIANGLE,Brgy. West Triangle,Low,137,2,234,2,67,116,73.13
9,WHITE_PLAINS,Brgy. White Plains,Medium,127,4,96,4,30,23,-23.33
10,ALICIA,Brgy. Alicia,Medium,174,7,238,7,23,33,43.48
10,AMIHAN,Brgy. Amihan,Medium,216,4,49,4,53,11,-79.25
10,APOLONIO_SAMSON,Brgy. Apolonio Samson,Medium,183,34,192,34,4,4,0.0
10,BAESA,Brgy. Baesa,Medium,469,56,319,56,7,4,-42.86
10,BAGBAG,Brgy. Bagbag,Medium,126,65,180,65,0,1,100000000.0
10,BAGONG_LIPUNAN_NG_CRAME,Brgy. Bagong Lipunan ng Crame,Medium,72,14,274,14,4,18,350.0
10,BAGONG_PAG_ASA,Brgy. Bagong Pag-asa,None,0,0,0,0,1,1,0.0
10,BAGONG_SILANGAN,Brgy. Bagong Silangan,Low,767,54,461,54,13,7,-46.15
10,BAGUMBAYAN,Brgy. Bagumbayan,Medium,107,23,169,23,3,6,100.0
10,BAGUMBUHAY,Brgy. Bagumbuhay,Medium,104,7,216,7,13,29,123.08
10,BAHAY_TORO,Brgy. Bahay Toro,Low,474,30,504,30,14,15,7.14
10,BALINGASA,Brgy. Balingasa,Medium,146,20,239,20,6,10,66.67
10,BALUMBATO,Brgy. Balumbato,Medium,188,7,63,7,25,8,-68.0
10,BATASAN_HILLS,Brgy. Batasan Hills,Low,454,84,508,84,4,5,25.0
10,BAYANIHAN,Brgy. Bayanihan,Medium,151,1,169,1,150,168,12.0
10,BLUE_RIDGE_A,Brgy. Blue Ridge A,None,0,0,0,0,1,1,0.0
10,BLUE_RIDGE_B,Brgy. Blue Ridge B,Low,98,1,154,1,97,153,57.73
10,BOTOCAN,Brgy. Botocan,None,0,0,0,0,1,1,0.0
10,BUNGAD,Brgy. Bungad,Medium,169,8,172,8,20,20,0.0
10,CAMP_AGUINALDO,Brgy. Camp Aguinaldo,Medium,100,4,114,4,24,27,12.5
10,CAPRI,Brgy. Capri,Medium,147,13,201,13,10,14,40.0
10,CENTRAL,Brgy. Central,Low,132,10,88,10,12,7,-41.67
10,COMMONWEALTH,Brgy. Commonwealth,Medium,933,214,237,214,3,0,-100.0
10,CULIAT,Brgy. Culiat,Medium,407,68,534,68,4,6,50.0
10,DAMAR,Brgy. Damar,Medium,31,1,125,1,30,124,313.33
10,DAMAYAN,Brgy. Damayan,Medium,135,7,148,7,18,20,11.11
10,DAMAYANG_LAGI,Brgy. Damayang Lagi,Medium,243,20,186,20,11,8,-27.27
10,DEL_MONTE,Brgy. Del Monte,Medium,144,11,255,11,12,22,83.33
10,DIOQUINO_ZOBEL,Brgy. Dioquino Zobel,Medium,86,2,60,2,42,29,-30.95
10,DONA_AURORA,Brgy. Dona Aurora,Low,86,3,155,3,27,50,85.19
10,DONA_IMELDA,Brgy. Dona Imelda,None,0,0,0,0,1,1,0.0
10,DONA_JOSEFA,Brgy. Dona Josefa,Low,101,1,147,1,100,146,46.0
10,DON_MANUEL,Brgy. Don Manuel,Medium,74,2,67,2,36,32,-11.11
10,DUYAN_DUYAN,Brgy. Duyan-Duyan,Low,86,1,95,1,85,94,10.59
10,EAST_KAMIAS,Brgy. East Kamias,Medium,178,7,82,7,24,10,-58.33
10,ESCOBA_1,Brgy. Escopa 1,Medium,110,3,194,3,35,63,80.0
10,ESCOBA_2,Brgy. Escopa 2,Low,71,1,128,1,70,127,81.43
10,ESCOBA_3,Brgy. Escopa 3,Medium,111,8,193,8,12,23,91.67
10,ESCOBA_4,Brgy. Escopa 4,Low,147,1,78,1,146,77,-47.26
10,E_RODRIGUEZ,Brgy. E. Rodriguez,Medium,160,18,323,18,7,16,128.57
10,FAIRVIEW,Brgy. Fairview,Low,201,31,375,31,5,11,120.0
10,GREATER_LAGRO,Brgy. Greater Lagro,None,0,0,0,0,1,1,0.0
10,GULOD,Brgy. Gulod,Medium,391,63,674,63,5,9,80.0
10,HOLY_SPIRIT,Brgy. Holy Spirit,Medium,150,112,193,112,0,0,0.0
10,HORSESHOE,Brgy. Horseshoe,Medium,200,3,146,3,65,47,-27.69
10,IMMACULATE_CONCEPTION,Brgy. Immaculate Conception,Medium,214,9,241,9,22,25,13.64
10,KALIGAYAHAN,Brgy. Kaligayahan,Medium,341,61,427,61,4,6,50.0
10,KALUSUGAN,Brgy. Kalusugan,Low,144,3,115,3,47,37,-21.28
10,KAMUNING,Brgy. Kamuning,Medium,88,15,42,15,4,1,-75.0
10,KATIPUNAN,Brgy. Katipunan,Medium,199,11,182,11,17,15,-11.76
10,KAUNLARAN,Brgy. Kaunlaran,Medium,225,13,232,13,16,16,0.0
10,KRISTONG_HARI,Brgy. Kristong Hari,Medium,97,7,101,7,12,13,8.33
10,KRUS_NA_LIGAS,Brgy. Krus na Ligas,Low,263,11,201,11,22,17,-22.73
10,LAGING_HANDA,Brgy. Laging Handa,Medium,140,5,123,5,27,23,-14.81
10,LIBIS,Brgy. Libis,Medium,37,5,130,5,6,25,316.67
10,LOURDES,Brgy. Lourdes,Medium,186,5,95,5,36,18,-50.0
10,LOYOLA_HEIGHTS,Brgy. Loyola Heights,Low,247,11,134,11,21,11,-47.62
10,MAHARLIKA,Brgy. Maharlika,Medium,151,5,76,5,29,14,-51.72
10,MALAYA,Brgy. Malaya,Low,218,2,106,2,108,52,-51.85
10,MANGGA,Brgy. Mangga,Medium,140,12,132,12,10,10,0.0
10,MANRESA,Brgy. Manresa,Low,49,9,222,9,4,23,475.0
10,MARIANA,Brgy. Mariana,Low,156,6,220,6,25,35,40.0
10,MARIBLO,Brgy. Mariblo,Medium,47,4,103,4,10,24,140.0
10,MARILAG,Brgy. Marilag,Medium,248,13,180,13,18,12,-33.33
10,MASAGANA,Brgy. Masagana,Medium,68,5,67,5,12,12,0.0
10,MASAMBONG,Brgy. Masambong,Medium,202,9,149,9,21,15,-28.57
10,MATANDANG_BALARA,Brgy. Matandang Balara,None,0,0,0,0,1,1,0.0
10,MILAGROSA,Brgy. Milagrosa,Low,88,4,83,4,21,19,-9.52
10,NAGKAISANG_NAYON,Brgy. Nagkaisang Nayon,Low,158,27,89,27,4,2,-50.0
10,NAYONG_KANLURAN,Brgy. Nayong Kanluran,Medium,35,3,113,3,10,36,260.0
10,NEW_ERA,Brgy. New Era,Medium,291,15,84,15,18,4,-77.78
10,NORTH_FAIRVIEW,Brgy. North Fairview,Medium,304,45,205,45,5,3,-40.0
10,NOVALICHES_PROPER,Brgy. Novaliches Proper,Medium,171,16,253,16,9,14,55.56
10,NS_AMORANTO,Brgy. N. S. Amoranto,Medium,135,6,83,6,21,12,-42.86
10,OBRERO,Brgy. Obrero,Low,165,5,226,5,32,44,37.5
10,OLD_CAPITOL_SITE,Brgy. Old Capitol Site,None,0,0,0,0,1,1,0.0
10,PAANG_BUNDOK,Brgy. Paang Bundok,Medium,112,5,143,5,21,27,28.57
10,PAG_IBIG_SA_NAYON,Brgy. Pag-Ibig sa Nayon,Medium,36,6,146,6,5,23,360.0
10,PALIGSAHAN,Brgy. Paligsahan,Low,67,2,140,2,32,69,115.62
10,PALTOK,Brgy. Paltok,None,0,0,0,0,1,1,0.0
10,PANSOL,Brgy. Pansol,Medium,209,36,113,36,4,2,-50.0
10,PARAISO,Brgy. Paraiso,Medium,218,4,41,4,53,9,-83.02
10,PASONG_PUTIK_PROPER,Brgy. Pasong Putik Proper,Medium,310,40,399,40,6,8,33.33
10,PASONG_TAMO,Brgy. Pasong Tamo,Medium,456,111,386,111,3,2,-33.33
10,PAYATAS,Brgy. Payatas,Medium,382,140,252,140,1,0,-100.0
10,PHILAM,Brgy. Philam,Medium,102,3,207,3,33,68,106.06
10,PINAGKAISAHAN,Brgy. Pinagkaisahan,Medium,170,5,182,5,33,35,6.06
10,PINYAHAN,Brgy. Pinyahan,Medium,206,22,137,22,8,5,-37.5
10,PROJECT_6,Brgy. Project 6,Medium,194,12,89,12,15,6,-60.0
10,QUIRINO_2A,Brgy. Quirino 2-A,Low,37,3,86,3,11,27,145.45
10,QUIRINO_2B,Brgy. Quirino 2-B,Medium,118,4,133,4,28,32,14.29
10,QUIRINO_2C,Brgy. Quirino 2-C,Medium,39,4,108,4,8,26,225.0
10,QUIRINO_3A,Brgy. Quirino 3-A,Low,103,1,158,1,102,157,53.92
10,QUIRINO_3B,Brgy. Quirino 3-B,Medium,183,4,14,4,44,2,-95.45
10,RAMON_MAGSAYSAY,Brgy. Ramon Magsaysay,None,0,0,0,0,1,1,0.0
10,ROXAS,Brgy. Roxas,Medium,75,11,147,11,5,12,140.0
10,SACRED_HEART,Brgy. Sacred Heart,Medium,137,7,183,7,18,25,38.89
10,SAINT_IGNATIUS,Brgy. Saint Ignatius,Medium,107,3,143,3,34,46,35.29
10,SAINT_PETER,Brgy. Saint Peter,Low,200,3,191,3,65,62,-4.62
10,SALVACION,Brgy. Salvacion,Medium,94,7,113,7,12,15,25.0
10,SANGANDAAN,Brgy. Sangandaan,Medium,220,22,212,22,9,8,-11.11
10,SANTOL,Brgy. Santol,Low,198,4,53,4,48,12,-75.0
10,SAN_AGUSTIN,Brgy. San Agustin,Medium,284,26,384,26,9,13,44.44
10,SAN_ANTONIO,Brgy. San Antonio,Medium,169,23,223,23,6,8,33.33
10,SAN_BARTOLOME,Brgy. San Bartolome,Medium,378,52,345,52,6,5,-16.67
10,SAN_ISIDRO,Brgy. San Isidro,Medium,84,7,84,7,11,11,0.0
10,SAN_ISIDRO_LABRADOR,Brgy. San Isidro Labrador,Low,155,4,90,4,37,21,-43.24
10,SAN_JOSE,Brgy. San Jose,Medium,178,6,54,6,28,8,-71.43
10,SAN_MARTIN_DE_PORRES,Brgy. San Martin de Porres,Medium,248,12,211,12,19,16,-15.79
10,SAN_ROQUE,Brgy. San Roque,Medium,338,20,107,20,15,4,-73.33
10,SAN_VICENTE,Brgy. San Vicente,Medium,204,8,231,8,24,27,12.5
10,SAUYO,Brgy. Sauyo,Medium,560,77,313,77,6,3,-50.0
10,SIENA,Brgy. Siena,Medium,144,3,137,3,47,44,-6.38
10,SIKATUNA_VILLAGE,Brgy. Sikatuna Village,Low,244,4,226,4,60,55,-8.33
10,SILANGAN,Brgy. Silangan,Medium,104,5,165,5,19,32,68.42
10,SOCORRO,Brgy. Socorro,Medium,224,23,179,23,8,6,-25.0
10,SOUTH_TRIANGLE,Brgy. South Triangle,Medium,127,15,210,15,7,13,85.71
10,STA_CRUZ,Brgy. Sta. Cruz,Medium,160,4,147,4,39,35,-10.26
10,STA_LUCIA,Brgy. Sta. Lucia,Low,181,15,92,15,11,5,-54.55
10,STA_MONICA,Brgy. Sta. Monica,Medium,534,52,410,52,9,6,-33.33
10,STA_TERESITA,Brgy. Sta. Teresita,Medium,201,12,77,12,15,5,-66.67
10,STO_CRISTO,Brgy. Sto. Cristo,Medium,64,26,249,26,1,8,700.0
10,STO_DOMINGO,Brgy. Sto. Domingo,Medium,148,12,232,12,11,18,63.64
10,STO_NINO,Brgy. Sto. Nino,Medium,104,8,27,8,12,2,-83.33
10,TAGUMPAY,Brgy. Tagumpay,None,0,0,0,0,1,1,0.0
10,TALAYAN,Brgy. Talayan,Medium,65,5,60,5,12,11,-8.33
10,TALIPAPA,Brgy. Talipapa,Low,325,20,202,20,15,9,-40.0
10,TANDANG_SORA,Brgy. Tandang Sora,Medium,444,84,802,84,4,8,100.0
10,TATALON,Brgy. Tatalon,Medium,437,56,391,56,6,5,-16.67
10,TEACHERS_VILLAGE_EAST,Brgy. Teachers Village East,Medium,91,3,163,3,29,53,82.76
10,TEACHERS_VILLAGE_WEST,Brgy. Teachers Village West,Medium,86,3,178,3,27,58,114.81
10,UGONG_NORTE,Brgy. Ugong Norte,Medium,71,7,217,7,9,30,233.33
10,UNANG_SIGAW,Brgy. Unang Sigaw,Medium,72,7,202,7,9,27,200.0
10,UP_CAMPUS,Brgy. UP Campus,Medium,186,48,352,48,2,6,200.0
10,UP_VILLAGE,Brgy. UP Village,Medium,135,4,95,4,32,22,-31.25
10,VALENCIA,Brgy. Valencia,Medium,140,11,221,11,11,19,72.73
10,VASRA,Brgy. Vasra,Medium,138,8,63,8,16,6,-62.5
10,VETERANS_VILLAGE,Brgy. Veterans Village,Medium,117,13,200,13,8,14,75.0
10,VILLA_MARIA_CLARA,Brgy. Villa Maria Clara,Medium,66,3,108,3,21,35,66.67
10,WEST_KAMIAS,Brgy. West Kamias,Low,169,3,171,3,55,56,1.82
10,WEST_TRIANGLE,Brgy. West Triangle,Medium,78,3,91,3,25,29,16.0
10,WHITE_PLAINS,Brgy. White Plains,Medium,75,4,26,4,17,5,-70.59
11,ALICIA,Brgy. Alicia,Medium,192,7,180,7,26,24,-7.69
11,AMIHAN,Brgy. Amihan,Medium,167,4,51,4,40,11,-72.5
11,APOLONIO_SAMSON,Brgy. Apolonio Samson,Medium,93,34,297,34,1,7,600.0
11,BAESA,Brgy. Baesa,Medium,330,56,485,56,4,7,75.0
11,BAGBAG,Brgy. Bagbag,Medium,464,65,395,65,6,5,-16.67
11,BAGONG_LIPUNAN_NG_CRAME,Brgy. Bagong Lipunan ng Crame,Low,60,7,124,7,7,16,128.57
11,BAGONG_PAG_ASA,Brgy. Bagong Pag-asa,Medium,183,30,217,30,5,6,20.0
11,BAGONG_SILANGAN,Brgy. Bagong Silangan,Medium,365,107,211,107,2,0,-100.0
11,BAGUMBAYAN,Brgy. Bagumbayan,Medium,284,23,310,23,11,12,9.09
11,BAGUMBUHAY,Brgy. Bagumbuhay,Medium,119,7,158,7,16,21,31.25
11,BAHAY_TORO,Brgy. Bahay Toro,Medium,16,60,420,60,0,6,600000000.0
11,BALINGASA,Brgy. Balingasa,None,0,0,0,0,1,1,0.0
11,BALUMBATO,Brgy. Balumbato,Medium,167,7,212,7,22,29,31.82
11,BATASAN_HILLS,Brgy. Batasan Hills,Medium,379,167,457,167,1,1,0.0
11,BAYANIHAN,Brgy. Bayanihan,Medium,152,1,62,1,151,61,-59.6
11,BLUE_RIDGE_A,Brgy. Blue Ridge A,None,0,0,0,0,1,1,0.0
11,BLUE_RIDGE_B,Brgy. Blue Ridge B,Medium,99,2,51,2,48,24,-50.0
11,BOTOCAN,Brgy. Botocan,Medium,89,8,90,8,10,10,0.0
11,BUNGAD,Brgy. Bungad,Medium,67,8,99,8,7,11,57.14
11,CAMP_AGUINALDO,Brgy. Camp Aguinaldo,Medium,68,4,204,4,16,50,212.5
11,CAPRI,Brgy. Capri,Medium,55,13,128,13,3,8,166.67
11,CENTRAL,Brgy. Central,Medium,303,20,197,20,14,8,-42.86
11,COMMONWEALTH,Brgy. Commonwealth,Medium,545,214,474,214,1,1,0.0
11,CULIAT,Brgy. Culiat,Medium,576,68,367,68,7,4,-42.86
11,DAMAR,Brgy. Damar,Medium,101,1,9,1,100,8,-92.0
11,DAMAYAN,Brgy. Damayan,Medium,178,7,34,7,24,3,-87.5
11,DAMAYANG_LAGI,Brgy. Damayang Lagi,Medium,122,20,326,20,5,15,200.0
11,DEL_MONTE,Brgy. Del Monte,Medium,211,11,76,11,18,5,-72.22
11,DIOQUINO_ZOBEL,Brgy. Dioquino Zobel,Medium,78,2,51,2,38,24,-36.84
11,DONA_AURORA,Brgy. Dona Aurora,Low,170,3,169,3,55,55,0.0
11,DONA_IMELDA,Brgy. Dona Imelda,Medium,37,12,234,12,2,18,800.0
11,DONA_JOSEFA,Brgy. Dona Josefa,Low,44,1,57,1,43,56,30.23
11,DON_MANUEL,Brgy. Don Manuel,None,0,0,0,0,1,1,0.0
11,DUYAN_DUYAN,Brgy. Duyan-Duyan,Low,63,1,150,1,62,149,140.32
11,EAST_KAMIAS,Brgy. East Kamias,Low,68,4,107,4,16,25,56.25
11,ESCOBA_1,Brgy. Escopa 1,None,0,0,0,0,1,1,0.0
11,ESCOBA_2,Brgy. Escopa 2,Low,98,1,67,1,97,66,-31.96
11,ESCOBA_3,Brgy. Escopa 3,Medium,108,8,143,8,12,16,33.33
11,ESCOBA_4,Brgy. Escopa 4,Medium,156,2,134,2,77,66,-14.29
11,E_RODRIGUEZ,Brgy. E. Rodriguez,Medium,170,18,203,18,8,10,25.0
11,FAIRVIEW,Brgy. Fairview,Medium,310,62,200,62,4,2,-50.0
11,GREATER_LAGRO,Brgy. Greater Lagro,Medium,129,24,304,24,4,11,175.0
11,GULOD,Brgy. Gulod,Medium,423,63,163,63,5,1,-80.0
11,HOLY_SPIRIT,Brgy. Holy Spirit,Medium,159,112,386,112,0,2,200000000.0
11,HORSESHOE,Brgy. Horseshoe,Medium,94,3,80,3,30,25,-16.67
11,IMMACULATE_CONCEPTION,Brgy. Immaculate Conception,Medium,227,9,9,9,24,0,-100.0
11,KALIGAYAHAN,Brgy. Kaligayahan,Low,476,31,616,31,14,18,28.57
11,KALUSUGAN,Brgy. Kalusugan,Low,83,3,72,3,26,23,-11.54
11,KAMUNING,Brgy. Kamuning,Low,18,8,213,8,1,25,2400.0
11,KATIPUNAN,Brgy. Katipunan,Medium,197,11,143,11,16,12,-25.0
11,KAUNLARAN,Brgy. Kaunlaran,Medium,204,13,99,13,14,6,-57.14
11,KRISTONG_HARI,Brgy. Kristong Hari,Low,158,4,102,4,38,24,-36.84
11,KRUS_NA_LIGAS,Brgy. Krus na Ligas,Medium,274,22,253,22,11,10,-9.09
11,LAGING_HANDA,Brgy. Laging Handa,None,0,0,0,0,1,1,0.0
11,LIBIS,Brgy. Libis,Medium,89,5,176,5,16,34,112.5
11,LOURDES,Brgy. Lourdes,Medium,30,5,81,5,5,15,200.0
11,LOYOLA_HEIGHTS,Brgy. Loyola Heights,Low,224,11,270,11,19,23,21.05
11,MAHARLIKA,Brgy. Maharlika,Medium,109,5,90,5,20,17,-15.0
11,MALAYA,Brgy. Malaya,Medium,177,3,166,3,58,54,-6.9
11,MANGGA,Brgy. Mangga,Medium,126,12,93,12,9,6,-33.33
11,MANRESA,Brgy. Manresa,Medium,316,18,48,18,16,1,-93.75
11,MARIANA,Brgy. Mariana,Medium,159,12,169,12,12,13,8.33
11,MARIBLO,Brgy. Mariblo,High,173,7,119,7,23,16,-30.43
11,MARILAG,Brgy. Marilag,Low,168,7,61,7,23,7,-69.57
11,MASAGANA,Brgy. Masagana,None,0,0,0,0,1,1,0.0
11,MASAMBONG,Brgy. Masambong,Medium,185,9,212,9,19,22,15.79
11,MATANDANG_BALARA,Brgy. Matandang Balara,Low,681,35,182,35,18,4,-77.78
11,MILAGROSA,Brgy. Milagrosa,Low,173,4,163,4,42,39,-7.14
11,NAGKAISANG_NAYON,Brgy. Nagkaisang Nayon,Medium,201,54,327,54,2,5,150.0
11,NAYONG_KANLURAN,Brgy. Nayong Kanluran,Medium,189,3,49,3,62,15,-75.81
11,NEW_ERA,Brgy. New Era,Medium,131,15,269,15,7,16,128.57
11,NORTH_FAIRVIEW,Brgy. North Fairview,Medium,390,45,241,45,7,4,-42.86
11,NOVALICHES_PROPER,Brgy. Novaliches Proper,Medium,162,16,270,16,9,15,66.67
11,NS_AMORANTO,Brgy. N. S. Amoranto,Medium,85,6,175,6,13,28,115.38
11,OBRERO,Brgy. Obrero,Medium,201,10,172,10,19,16,-15.79
11,OLD_CAPITOL_SITE,Brgy. Old Capitol Site,Medium,114,2,68,2,56,33,-41.07
11,PAANG_BUNDOK,Brgy. Paang Bundok,Medium,140,5,40,5,27,7,-74.07
11,PAG_IBIG_SA_NAYON,Brgy. Pag-Ibig sa Nayon,Medium,187,6,152,6,30,24,-20.0
11,PALIGSAHAN,Brgy. Paligsahan,Medium,76,4,187,4,18,45,150.0
11,PALTOK,Brgy. Paltok,Medium,79,19,204,19,3,9,200.0
11,PANSOL,Brgy. Pansol,Medium,158,36,405,36,3,10,233.33
11,PARAISO,Brgy. Paraiso,Medium,34,4,79,4,7,18,157.14
11,PASONG_PUTIK_PROPER,Brgy. Pasong Putik Proper,Low,167,20,223,20,7,10,42.86
11,PASONG_TAMO,Brgy. Pasong Tamo,Medium,226,111,404,111,1,2,100.0
11,PAYATAS,Brgy. Payatas,Medium,754,140,348,140,4,1,-75.0
11,PHILAM,Brgy. Philam,Low,60,2,49,2,29,23,-20.69
11,PINAGKAISAHAN,Brgy. Pinagkaisahan,Medium,105,5,33,5,20,5,-75.0
11,PINYAHAN,Brgy. Pinyahan,Medium,284,22,59,22,11,1,-90.91
11,PROJECT_6,Brgy. Project 6,Medium,51,12,42,12,3,2,-33.33
11,QUIRINO_2A,Brgy. Quirino 2-A,Medium,209,5,123,5,40,23,-42.5
11,QUIRINO_2B,Brgy. Quirino 2-B,Medium,157,4,79,4,38,18,-52.63
11,QUIRINO_2C,Brgy. Quirino 2-C,Low,54,2,60,2,26,29,11.54
11,QUIRINO_3A,Brgy. Quirino 3-A,Low,55,1,42,1,54,41,-24.07
11,QUIRINO_3B,Brgy. Quirino 3-B,Medium,189,4,137,4,46,33,-28.26
11,RAMON_MAGSAYSAY,Brgy. Ramon Magsaysay,Medium,269,15,94,15,16,5,-68.75
11,ROXAS,Brgy. Roxas,Medium,93,11,87,11,7,6,-14.29
11,SACRED_HEART,Brgy. Sacred Heart,Medium,121,7,72,7,16,9,-43.75
11,SAINT_IGNATIUS,Brgy. Saint Ignatius,None,0,0,0,0,1,1,0.0
11,SAINT_PETER,Brgy. Saint Peter,Medium,133,5,71,5,25,13,-48.0
11,SALVACION,Brgy. Salvacion,Medium,134,7,191,7,18,26,44.44
11,SANGANDAAN,Brgy. Sangandaan,Medium,329,22,92,22,13,3,-76.92
11,SANTOL,Brgy. Santol,Medium,66,7,222,7,8,30,275.0
11,SAN_AGUSTIN,Brgy. San Agustin,Low,232,13,32,13,16,1,-93.75
11,SAN_ANTONIO,Brgy. San Antonio,Medium,102,23,178,23,3,6,100.0
11,SAN_BARTOLOME,Brgy. San Bartolome,Medium,221,52,475,52,3,8,166.67
11,SAN_ISIDRO,Brgy. San Isidro,Medium,161,7,162,7,22,22,0.0
11,SAN_ISIDRO_LABRADOR,Brgy. San Isidro Labrador,Medium,146,7,166,7,19,22,15.79
11,SAN_JOSE,Brgy. San Jose,Medium,147,6,141,6,23,22,-4.35
11,SAN_MARTIN_DE_PORRES,Brgy. San Martin de Porres,Medium,188,12,82,12,14,5,-64.29
11,SAN_ROQUE,Brgy. San Roque,Medium,127,20,303,20,5,14,180.0
11,SAN_VICENTE,Brgy. San Vicente,None,0,0,0,0,1,1,0.0
11,SAUYO,Brgy. Sauyo,Medium,235,77,349,77,2,3,50.0
11,SIENA,Brgy. Siena,Low,179,2,172,2,88,85,-3.41
11,SIKATUNA_VILLAGE,Brgy. Sikatuna Village,None,0,0,0,0,1,1,0.0
11,SILANGAN,Brgy. Silangan,Medium,211,5,173,5,41,33,-19.51
11,SOCORRO,Brgy. Socorro,Low,77,12,326,12,5,26,420.0
11,SOUTH_TRIANGLE,Brgy. South Triangle,Low,221,8,7,8,26,0,-100.0
11,STA_CRUZ,Brgy. Sta. Cruz,Medium,85,4,94,4,20,22,10.0
11,STA_LUCIA,Brgy. Sta. Lucia,Low,338,15,256,15,21,16,-23.81
11,STA_MONICA,Brgy. Sta. Monica,Medium,465,52,434,52,7,7,0.0
11,STA_TERESITA,Brgy. Sta. Teresita,Medium,198,12,50,12,15,3,-80.0
11,STO_CRISTO,Brgy. Sto. Cristo,Medium,266,26,288,26,9,10,11.11
11,STO_DOMINGO,Brgy. Sto. Domingo,Medium,193,12,235,12,15,18,20.0
11,STO_NINO,Brgy. Sto. Nino,Medium,154,8,64,8,18,7,-61.11
11,TAGUMPAY,Brgy. Tagumpay,Medium,111,3,121,3,36,39,8.33
11,TALAYAN,Brgy. Talayan,Medium,136,5,66,5,26,12,-53.85
11,TALIPAPA,Brgy. Talipapa,Medium,235,39,311,39,5,6,20.0
11,TANDANG_SORA,Brgy. Tandang Sora,Medium,207,84,492,84,1,4,300.0
11,TATALON,Brgy. Tatalon,Medium,514,56,620,56,8,10,25.0
11,TEACHERS_VILLAGE_EAST,Brgy. Teachers Village East,Low,155,2,190,2,76,94,23.68
11,TEACHERS_VILLAGE_WEST,Brgy. Teachers Village West,Medium,184,3,182,3,60,59,-1.67
11,UGONG_NORTE,Brgy. Ugong Norte,Medium,43,7,185,7,5,25,400.0
11,UNANG_SIGAW,Brgy. Unang Sigaw,Low,208,4,213,4,51,52,1.96
11,UP_CAMPUS,Brgy. UP Campus,Medium,422,48,294,48,7,5,-28.57
11,UP_VILLAGE,Brgy. UP Village,Medium,34,4,142,4,7,34,385.71
11,VALENCIA,Brgy. Valencia,Medium,229,11,250,11,19,21,10.53
11,VASRA,Brgy. Vasra,Medium,198,8,206,8,23,24,4.35
11,VETERANS_VILLAGE,Brgy. Veterans Village,Medium,101,13,246,13,6,17,183.33
11,VILLA_MARIA_CLARA,Brgy. Villa Maria Clara,Medium,88,3,195,3,28,64,128.57
11,WEST_KAMIAS,Brgy. West Kamias,Low,169,3,174,3,55,57,3.64
11,WEST_TRIANGLE,Brgy. West Triangle,Medium,156,3,170,3,51,55,7.84
11,WHITE_PLAINS,Brgy. White Plains,Medium,152,4,101,4,37,24,-35.14
12,ALICIA,Brgy. Alicia,Medium,113,7,98,7,15,13,-13.33
12,AMIHAN,Brgy. Amihan,Medium,82,4,103,4,19,24,26.32
12,APOLONIO_SAMSON,Brgy. Apolonio Samson,Medium,164,34,224,34,3,5,66.67
12,BAESA,Brgy. Baesa,Medium,312,56,271,56,4,3,-25.0
12,BAGBAG,Brgy. Bagbag,Medium,63,65,240,65,0,2,200000000.0
12,BAGONG_LIPUNAN_NG_CRAME,Brgy. Bagong Lipunan ng Crame,Low,282,7,227,7,39,31,-20.51
12,BAGONG_PAG_ASA,Brgy. Bagong Pag-asa,Medium,263,30,355,30,7,10,42.86
12,BAGONG_SILANGAN,Brgy. Bagong Silangan,Low,414,54,277,54,6,4,-33.33
12,BAGUMBAYAN,Brgy. Bagumbayan,High,23,45,233,45,0,4,400000000.0
12,BAGUMBUHAY,Brgy. Bagumbuhay,Medium,103,7,97,7,13,12,-7.69
12,BAHAY_TORO,Brgy. Bahay Toro,Low,329,30,368,30,9,11,22.22
12,BALINGASA,Brgy. Balingasa,Low,245,10,116,10,23,10,-56.52
12,BALUMBATO,Brgy. Balumbato,Low,69,4,212,4,16,52,225.0
12,BATASAN_HILLS,Brgy. Batasan Hills,Medium,379,167,419,167,1,1,0.0
12,BAYANIHAN,Brgy. Bayanihan,Medium,203,1,171,1,202,170,-15.84
12,BLUE_RIDGE_A,Brgy. Blue Ridge A,Medium,156,2,34,2,77,16,-79.22
12,BLUE_RIDGE_B,Brgy. Blue Ridge B,Medium,163,2,123,2,80,60,-25.0
12,BOTOCAN,Brgy. Botocan,Low,52,4,205,4,12,50,316.67
12,BUNGAD,Brgy. Bungad,Medium,237,8,217,8,28,26,-7.14
12,CAMP_AGUINALDO,Brgy. Camp Aguinaldo,Medium,149,4,89,4,36,21,-41.67
12,CAPRI,Brgy. Capri,Low,328,7,95,7,45,12,-73.33
12,CENTRAL,Brgy. Central,Low,111,10,171,10,10,16,60.0
12,COMMONWEALTH,Brgy. Commonwealth,Medium,270,214,568,214,0,1,100000000.0
12,CULIAT,Brgy. Culiat,Medium,670,68,682,68,8,9,12.5
12,DAMAR,Brgy. Damar,Medium,160,1,38,1,159,37,-76.73
12,DAMAYAN,Brgy. Damayan,Low,245,4,107,4,60,25,-58.33
12,DAMAYANG_LAGI,Brgy. Damayang Lagi,Medium,106,20,188,20,4,8,100.0
12,DEL_MONTE,Brgy. Del Monte,Medium,105,11,249,11,8,21,162.5
12,DIOQUINO_ZOBEL,Brgy. Dioquino Zobel,Medium,160,2,194,2,79,96,21.52
12,DONA_AURORA,Brgy. Dona Aurora,Medium,170,5,58,5,33,10,-69.7
12,DONA_IMELDA,Brgy. Dona Imelda,Medium,101,12,82,12,7,5,-28.57
12,DONA_JOSEFA,Brgy. Dona Josefa,Low,83,1,152,1,82,151,84.15
12,DON_MANUEL,Brgy. Don Manuel,None,0,0,0,0,1,1,0.0
12,DUYAN_DUYAN,Brgy. Duyan-Duyan,None,0,0,0,0,1,1,0.0
12,EAST_KAMIAS,Brgy. East Kamias,Medium,247,7,126,7,34,17,-50.0
12,ESCOBA_1,Brgy. Escopa 1,Medium,140,3,103,3,45,33,-26.67
12,ESCOBA_2,Brgy. Escopa 2,Medium,89,2,207,2,43,102,137.21
12,ESCOBA_3,Brgy. Escopa 3,Medium,99,8,181,8,11,21,90.91
12,ESCOBA_4,Brgy. Escopa 4,Medium,58,2,70,2,28,34,21.43
12,E_RODRIGUEZ,Brgy. E. Rodriguez,Medium,164,18,180,18,8,9,12.5
12,FAIRVIEW,Brgy. Fairview,Low,213,31,342,31,5,10,100.0
12,GREATER_LAGRO,Brgy. Greater Lagro,Medium,158,24,219,24,5,8,60.0
12,GULOD,Brgy. Gulod,Low,175,32,470,32,4,13,225.0
12,HOLY_SPIRIT,Brgy. Holy Spirit,Medium,788,112,469,112,6,3,-50.0
12,HORSESHOE,Brgy. Horseshoe,None,0,0,0,0,1,1,0.0
12,IMMACULATE_CONCEPTION,Brgy. Immaculate Conception,None,0,0,0,0,1,1,0.0
12,KALIGAYAHAN,Brgy. Kaligayahan,Low,185,31,211,31,4,5,25.0
12,KALUSUGAN,Brgy. Kalusugan,None,0,0,0,0,1,1,0.0
12,KAMUNING,Brgy. Kamuning,Low,122,8,187,8,14,22,57.14
12,KATIPUNAN,Brgy. Katipunan,Medium,74,11,211,11,5,18,260.0
12,KAUNLARAN,Brgy. Kaunlaran,None,0,0,0,0,1,1,0.0
12,KRISTONG_HARI,Brgy. Kristong Hari,Low,235,4,186,4,57,45,-21.05
12,KRUS_NA_LIGAS,Brgy. Krus na Ligas,Low,274,11,251,11,23,21,-8.7
12,LAGING_HANDA,Brgy. Laging Handa,None,0,0,0,0,1,1,0.0
12,LIBIS,Brgy. Libis,Medium,199,5,150,5,38,29,-23.68
12,LOURDES,Brgy. Lourdes,None,0,0,0,0,1,1,0.0
12,LOYOLA_HEIGHTS,Brgy. Loyola Heights,None,0,0,0,0,1,1,0.0
12,MAHARLIKA,Brgy. Maharlika,Medium,65,5,166,5,12,32,166.67
12,MALAYA,Brgy. Malaya,Medium,147,3,142,3,48,46,-4.17
12,MANGGA,Brgy. Mangga,None,0,0,0,0,1,1,0.0
12,MANRESA,Brgy. Manresa,None,0,0,0,0,1,1,0.0
12,MARIANA,Brgy. Mariana,Medium,50,12,145,12,3,11,266.67
12,MARIBLO,Brgy. Mariblo,Medium,89,4,123,4,21,29,38.1
12,MARILAG,Brgy. Marilag,Medium,226,13,138,13,16,9,-43.75
12,MASAGANA,Brgy. Masagana,Medium,88,5,95,5,16,18,12.5
12,MASAMBONG,Brgy. Masambong,Medium,240,9,89,9,25,8,-68.0
12,MATANDANG_BALARA,Brgy. Matandang Balara,Medium,697,70,278,70,8,2,-75.0
12,MILAGROSA,Brgy. Milagrosa,Medium,95,7,138,7,12,18,50.0
12,NAGKAISANG_NAYON,Brgy. Nagkaisang Nayon,Low,331,27,210,27,11,6,-45.45
12,NAYONG_KANLURAN,Brgy. Nayong Kanluran,Medium,95,3,148,3,30,48,60.0
12,NEW_ERA,Brgy. New Era,Low,38,8,135,8,3,15,400.0
12,NORTH_FAIRVIEW,Brgy. North Fairview,Low,205,23,87,23,7,2,-71.43
12,NOVALICHES_PROPER,Brgy. Novaliches Proper,Medium,313,16,192,16,18,11,-38.89
12,NS_AMORANTO,Brgy. N. S. Amoranto,Medium,279,6,48,6,45,7,-84.44
12,OBRERO,Brgy. Obrero,Medium,192,10,93,10,18,8,-55.56
12,OLD_CAPITOL_SITE,Brgy. Old Capitol Site,Medium,220,2,166,2,109,82,-24.77
12,PAANG_BUNDOK,Brgy. Paang Bundok,Medium,146,5,156,5,28,30,7.14
12,PAG_IBIG_SA_NAYON,Brgy. Pag-Ibig sa Nayon,Low,66,3,149,3,21,48,128.57
12,PALIGSAHAN,Brgy. Paligsahan,Low,69,2,189,2,33,93,181.82
12,PALTOK,Brgy. Paltok,Medium,281,19,265,19,13,12,-7.69
12,PANSOL,Brgy. Pansol,Medium,329,36,327,36,8,8,0.0
12,PARAISO,Brgy. Paraiso,Medium,241,4,169,4,59,41,-30.51
12,PASONG_PUTIK_PROPER,Brgy. Pasong Putik Proper,Medium,273,40,422,40,5,9,80.0
12,PASONG_TAMO,Brgy. Pasong Tamo,Medium,547,111,443,111,3,2,-33.33
12,PAYATAS,Brgy. Payatas,Medium,515,140,89,140,2,0,-100.0
12,PHILAM,Brgy. Philam,None,0,0,0,0,1,1,0.0
12,PINAGKAISAHAN,Brgy. Pinagkaisahan,Medium,126,5,243,5,24,47,95.83
12,PINYAHAN,Brgy. Pinyahan,Medium,149,22,226,22,5,9,80.0
12,PROJECT_6,Brgy. Project 6,Medium,100,12,248,12,7,19,171.43
12,QUIRINO_2A,Brgy. Quirino 2-A,Medium,26,5,96,5,4,18,350.0
12,QUIRINO_2B,Brgy. Quirino 2-B,Medium,45,4,109,4,10,26,160.0
12,QUIRINO_2C,Brgy. Quirino 2-C,Medium,143,4,113,4,34,27,-20.59
12,QUIRINO_3A,Brgy. Quirino 3-A,Low,49,1,118,1,48,117,143.75
12,QUIRINO_3B,Brgy. Quirino 3-B,Medium,182,4,197,4,44,48,9.09
12,RAMON_MAGSAYSAY,Brgy. Ramon Magsaysay,Medium,168,15,150,15,10,9,-10.0
12,ROXAS,Brgy. Roxas,Medium,99,11,183,11,8,15,87.5
12,SACRED_HEART,Brgy. Sacred Heart,Medium,172,7,153,7,23,20,-13.04
12,SAINT_IGNATIUS,Brgy. Saint Ignatius,Medium,228,3,112,3,75,36,-52.0
12,SAINT_PETER,Brgy. Saint Peter,Medium,156,5,140,5,30,27,-10.0
12,SALVACION,Brgy. Salvacion,Medium,158,7,167,7,21,22,4.76
12,SANGANDAAN,Brgy. Sangandaan,Medium,197,22,92,22,7,3,-57.14
12,SANTOL,Brgy. Santol,Low,116,4,133,4,28,32,14.29
12,SAN_AGUSTIN,Brgy. San Agustin,Low,189,13,300,13,13,22,69.23
12,SAN_ANTONIO,Brgy. San Antonio,Medium,321,23,246,23,12,9,-25.0
12,SAN_BARTOLOME,Brgy. San Bartolome,Medium,296,52,217,52,4,3,-25.0
12,SAN_ISIDRO,Brgy. San Isidro,Medium,16,7,101,7,1,13,1200.0
12,SAN_ISIDRO_LABRADOR,Brgy. San Isidro Labrador,Medium,79,7,80,7,10,10,0.0
12,SAN_JOSE,Brgy. San Jose,None,0,0,0,0,1,1,0.0
12,SAN_MARTIN_DE_PORRES,Brgy. San Martin de Porres,Medium,91,12,170,12,6,13,116.67
12,SAN_ROQUE,Brgy. San Roque,Medium,306,20,93,20,14,3,-78.57
12,SAN_VICENTE,Brgy. San Vicente,None,0,0,0,0,1,1,0.0
12,SAUYO,Brgy. Sauyo,Medium,562,77,436,77,6,4,-33.33
12,SIENA,Brgy. Siena,Medium,82,3,116,3,26,37,42.31
12,SIKATUNA_VILLAGE,Brgy. Sikatuna Village,Medium,285,7,170,7,39,23,-41.03
12,SILANGAN,Brgy. Silangan,Medium,152,5,154,5,29,29,0.0
12,SOCORRO,Brgy. Socorro,Low,145,12,293,12,11,23,109.09
12,SOUTH_TRIANGLE,Brgy. South Triangle,Medium,322,15,196,15,20,12,-40.0
12,STA_CRUZ,Brgy. Sta. Cruz,Medium,56,4,197,4,13,48,269.23
12,STA_LUCIA,Brgy. Sta. Lucia,Low,214,15,380,15,13,24,84.62
12,STA_MONICA,Brgy. Sta. Monica,Medium,59,52,230,52,0,3,300000000.0
12,STA_TERESITA,Brgy. Sta. Teresita,Low,115,6,134,6,18,21,16.67
12,STO_CRISTO,Brgy. Sto. Cristo,Medium,377,26,244,26,13,8,-38.46
12,STO_DOMINGO,Brgy. Sto. Domingo,Medium,87,12,199,12,6,15,150.0
12,STO_NINO,Brgy. Sto. Nino,Medium,146,8,134,8,17,15,-11.76
12,TAGUMPAY,Brgy. Tagumpay,Low,214,2,39,2,106,18,-83.02
12,TALAYAN,Brgy. Talayan,Medium,231,5,93,5,45,17,-62.22
12,TALIPAPA,Brgy. Talipapa,Medium,86,39,406,39,1,9,800.0
12,TANDANG_SORA,Brgy. Tandang Sora,Low,435,42,421,42,9,9,0.0
12,TATALON,Brgy. Tatalon,Medium,354,56,599,56,5,9,80.0
12,TEACHERS_VILLAGE_EAST,Brgy. Teachers Village East,Low,199,2,157,2,98,77,-21.43
12,TEACHERS_VILLAGE_WEST,Brgy. Teachers Village West,Medium,112,3,190,3,36,62,72.22
12,UGONG_NORTE,Brgy. Ugong Norte,Medium,278,7,55,7,38,6,-84.21
12,UNANG_SIGAW,Brgy. Unang Sigaw,Medium,77,7,86,7,10,11,10.0
12,UP_CAMPUS,Brgy. UP Campus,Medium,413,48,140,48,7,1,-85.71
12,UP_VILLAGE,Brgy. UP Village,None,0,0,0,0,1,1,0.0
12,VALENCIA,Brgy. Valencia,Medium,280,11,247,11,24,21,-12.5
12,VASRA,Brgy. Vasra,Medium,35,8,163,8,3,19,533.33
12,VETERANS_VILLAGE,Brgy. Veterans Village,Medium,80,13,264,13,5,19,280.0
12,VILLA_MARIA_CLARA,Brgy. Villa Maria Clara,None,0,0,0,0,1,1,0.0
12,WEST_KAMIAS,Brgy. West Kamias,Medium,106,5,74,5,20,13,-35.0
12,WEST_TRIANGLE,Brgy. West Triangle,Low,197,2,195,2,97,96,-1.03
12,WHITE_PLAINS,Brgy. White Plains,Medium,152,4,103,4,37,24,-35.14
13,ALICIA,Brgy. Alicia,Medium,201,7,49,7,27,6,-77.78
13,AMIHAN,Brgy. Amihan,Low,114,2,142,2,56,70,25.0
13,APOLONIO_SAMSON,Brgy. Apolonio Samson,Medium,273,34,327,34,7,8,14.29
13,BAESA,Brgy. Baesa,Medium,338,56,457,56,5,7,40.0
13,BAGBAG,Brgy. Bagbag,Medium,197,65,564,65,2,7,250.0
13,BAGONG_LIPUNAN_NG_CRAME,Brgy. Bagong Lipunan ng Crame,Low,165,7,79,7,22,10,-54.55
13,BAGONG_PAG_ASA,Brgy. Bagong Pag-asa,Medium,51,30,239,30,0,6,600000000.0
13,BAGONG_SILANGAN,Brgy. Bagong Silangan,Medium,403,107,518,107,2,3,50.0
13,BAGUMBAYAN,Brgy. Bagumbayan,Low,215,12,274,12,16,21,31.25
13,BAGUMBUHAY,Brgy. Bagumbuhay,Medium,70,7,186,7,9,25,177.78
13,BAHAY_TORO,Brgy. Bahay Toro,Medium,269,60,434,60,3,6,100.0
13,BALINGASA,Brgy. Balingasa,Medium,294,20,193,20,13,8,-38.46
13,BALUMBATO,Brgy. Balumbato,Medium,143,7,62,7,19,7,-63.16
13,BATASAN_HILLS,Brgy. Batasan Hills,Medium,150,167,309,167,0,0,0.0
13,BAYANIHAN,Brgy. Bayanihan,Low,47,1,168,1,46,167,263.04
13,BLUE_RIDGE_A,Brgy. Blue Ridge A,None,0,0,0,0,1,1,0.0
13,BLUE_RIDGE_B,Brgy. Blue Ridge B,Low,154,1,42,1,153,41,-73.2
13,BOTOCAN,Brgy. Botocan,Low,42,4,174,4,9,42,366.67
13,BUNGAD,Brgy. Bungad,Medium,206,8,174,8,24,20,-16.67
13,CAMP_AGUINALDO,Brgy. Camp Aguinaldo,Low,214,2,158,2,106,78,-26.42
13,CAPRI,Brgy. Capri,Medium,126,13,216,13,8,15,87.5
13,CENTRAL,Brgy. Central,Medium,276,20,252,20,12,11,-8.33
13,COMMONWEALTH,Brgy. Commonwealth,Medium,409,214,539,214,0,1,100000000.0
13,CULIAT,Brgy. Culiat,Medium,453,68,636,68,5,8,60.0
13,DAMAR,Brgy. Damar,Low,67,1,62,1,66,61,-7.58
13,DAMAYAN,Brgy. Damayan,Medium,176,7,121,7,24,16,-33.33
13,DAMAYANG_LAGI,Brgy. Damayang Lagi,Medium,326,20,336,20,15,15,0.0
13,DEL_MONTE,Brgy. Del Monte,Medium,199,11,125,11,17,10,-41.18
13,DIOQUINO_ZOBEL,Brgy. Dioquino Zobel,None,0,0,0,0,1,1,0.0
13,DONA_AURORA,Brgy. Dona Aurora,None,0,0,0,0,1,1,0.0
13,DONA_IMELDA,Brgy. Dona Imelda,Medium,112,12,222,12,8,17,112.5
13,DONA_JOSEFA,Brgy. Dona Josefa,Low,207,1,143,1,206,142,-31.07
13,DON_MANUEL,Brgy. Don Manuel,Low,159,1,152,1,158,151,-4.43
13,DUYAN_DUYAN,Brgy. Duyan-Duyan,Low,117,1,82,1,116,81,-30.17
13,EAST_KAMIAS,Brgy. East Kamias,Medium,117,7,158,7,15,21,40.0
13,ESCOBA_1,Brgy. Escopa 1,None,0,0,0,0,1,1,0.0
13,ESCOBA_2,Brgy. Escopa 2,None,0,0,0,0,1,1,0.0
13,ESCOBA_3,Brgy. Escopa 3,None,0,0,0,0,1,1,0.0
13,ESCOBA_4,Brgy. Escopa 4,None,0,0,0,0,1,1,0.0
13,E_RODRIGUEZ,Brgy. E. Rodriguez,Medium,146,18,175,18,7,8,14.29
13,FAIRVIEW,Brgy. Fairview,Medium,383,62,491,62,5,6,20.0
13,GREATER_LAGRO,Brgy. Greater Lagro,Medium,278,24,112,24,10,3,-70.0
13,GULOD,Brgy. Gulod,Medium,340,63,146,63,4,1,-75.0
13,HOLY_SPIRIT,Brgy. Holy Spirit,Low,570,56,366,56,9,5,-44.44
13,HORSESHOE,Brgy. Horseshoe,Medium,107,3,172,3,34,56,64.71
13,IMMACULATE_CONCEPTION,Brgy. Immaculate Conception,Medium,132,9,66,9,13,6,-53.85
13,KALIGAYAHAN,Brgy. Kaligayahan,Low,47,31,115,31,0,2,200000000.0
13,KALUSUGAN,Brgy. Kalusugan,Medium,15,5,185,5,2,36,1700.0
13,KAMUNING,Brgy. Kamuning,Medium,318,15,124,15,20,7,-65.0
13,KATIPUNAN,Brgy. Katipunan,High,168,22,130,22,6,4,-33.33
13,KAUNLARAN,Brgy. Kaunlaran,None,0,0,0,0,1,1,0.0
13,KRISTONG_HARI,Brgy. Kristong Hari,Medium,178,7,126,7,24,17,-29.17
13,KRUS_NA_LIGAS,Brgy. Krus na Ligas,Low,86,11,208,11,6,17,183.33
13,LAGING_HANDA,Brgy. Laging Handa,Low,98,3,131,3,31,42,35.48
13,LIBIS,Brgy. Libis,Medium,116,5,70,5,22,13,-40.91
13,LOURDES,Brgy. Lourdes,Medium,134,5,198,5,25,38,52.0
13,LOYOLA_HEIGHTS,Brgy. Loyola Heights,Low,308,11,174,11,27,14,-48.15
13,MAHARLIKA,Brgy. Maharlika,Medium,45,5,125,5,8,24,200.0
13,MALAYA,Brgy. Malaya,None,0,0,0,0,1,1,0.0
13,MANGGA,Brgy. Mangga,Low,144,6,144,6,23,23,0.0
13,MANRESA,Brgy. Manresa,Medium,61,18,141,18,2,6,200.0
13,MARIANA,Brgy. Mariana,Medium,117,12,84,12,8,6,-25.0
13,MARIBLO,Brgy. Mariblo,Medium,152,4,124,4,37,30,-18.92
13,MARILAG,Brgy. Marilag,Low,215,7,197,7,29,27,-6.9
13,MASAGANA,Brgy. Masagana,Low,114,3,35,3,37,10,-72.97
13,MASAMBONG,Brgy. Masambong,Medium,73,9,123,9,7,12,71.43
13,MATANDANG_BALARA,Brgy. Matandang Balara,Medium,115,70,262,70,0,2,200000000.0
13,MILAGROSA,Brgy. Milagrosa,Low,38,4,110,4,8,26,225.0
13,NAGKAISANG_NAYON,Brgy. Nagkaisang Nayon,Medium,436,54,256,54,7,3,-57.14
13,NAYONG_KANLURAN,Brgy. Nayong Kanluran,Medium,81,3,118,3,26,38,46.15
13,NEW_ERA,Brgy. New Era,Medium,40,15,182,15,1,11,1000.0
13,NORTH_FAIRVIEW,Brgy. North Fairview,Low,209,23,196,23,8,7,-12.5
13,NOVALICHES_PROPER,Brgy. Novaliches Proper,Medium,202,16,193,16,11,11,0.0
13,NS_AMORANTO,Brgy. N. S. Amoranto,Medium,202,6,84,6,32,13,-59.37
13,OBRERO,Brgy. Obrero,Medium,44,10,160,10,3,15,400.0
13,OLD_CAPITOL_SITE,Brgy. Old Capitol Site,Medium,195,2,163,2,96,80,-16.67
13,PAANG_BUNDOK,Brgy. Paang Bundok,Low,115,3,152,3,37,49,32.43
13,PAG_IBIG_SA_NAYON,Brgy. Pag-Ibig sa Nayon,Medium,211,6,44,6,34,6,-82.35
13,PALIGSAHAN,Brgy. Paligsahan,Medium,210,4,123,4,51,29,-43.14
13,PALTOK,Brgy. Paltok,Medium,188,19,226,19,8,10,25.0
13,PANSOL,Brgy. Pansol,Medium,427,36,404,36,10,10,0.0
13,PARAISO,Brgy. Paraiso,Medium,109,4,74,4,26,17,-34.62
13,PASONG_PUTIK_PROPER,Brgy. Pasong Putik Proper,Low,524,20,270,20,25,12,-52.0
13,PASONG_TAMO,Brgy. Pasong Tamo,Medium,533,111,78,111,3,0,-100.0
13,PAYATAS,Brgy. Payatas,Low,635,70,272,70,8,2,-75.0
13,PHILAM,Brgy. Philam,Low,136,2,117,2,67,57,-14.93
13,PINAGKAISAHAN,Brgy. Pinagkaisahan,Medium,108,5,19,5,20,2,-90.0
13,PINYAHAN,Brgy. Pinyahan,Medium,61,22,295,22,1,12,1100.0
13,PROJECT_6,Brgy. Project 6,Medium,138,12,168,12,10,13,30.0
13,QUIRINO_2A,Brgy. Quirino 2-A,Medium,180,5,176,5,35,34,-2.86
13,QUIRINO_2B,Brgy. Quirino 2-B,Medium,244,4,52,4,60,12,-80.0
13,QUIRINO_2C,Brgy. Quirino 2-C,Medium,176,4,85,4,43,20,-53.49
13,QUIRINO_3A,Brgy. Quirino 3-A,Medium,67,2,164,2,32,81,153.12
13,QUIRINO_3B,Brgy. Quirino 3-B,Medium,107,4,165,4,25,40,60.0
13,RAMON_MAGSAYSAY,Brgy. Ramon Magsaysay,High,160,29,199,29,4,5,25.0
13,ROXAS,Brgy. Roxas,Medium,142,11,78,11,11,6,-45.45
13,SACRED_HEART,Brgy. Sacred Heart,Low,128,4,145,4,31,35,12.9
13,SAINT_IGNATIUS,Brgy. Saint Ignatius,Low,72,2,189,2,35,93,165.71
13,SAINT_PETER,Brgy. Saint Peter,Medium,82,5,177,5,15,34,126.67
13,SALVACION,Brgy. Salvacion,Low,32,4,196,4,7,48,585.71
13,SANGANDAAN,Brgy. Sangandaan,Medium,290,22,284,22,12,11,-8.33
13,SANTOL,Brgy. Santol,Medium,95,7,55,7,12,6,-50.0
13,SAN_AGUSTIN,Brgy. San Agustin,Low,183,13,235,13,13,17,30.77
13,SAN_ANTONIO,Brgy. San Antonio,High,261,45,60,45,4,0,-100.0
13,SAN_BARTOLOME,Brgy. San Bartolome,Medium,316,52,303,52,5,4,-20.0
13,SAN_ISIDRO,Brgy. San Isidro,Low,168,4,71,4,41,16,-60.98
13,SAN_ISIDRO_LABRADOR,Brgy. San Isidro Labrador,Low,221,4,166,4,54,40,-25.93
13,SAN_JOSE,Brgy. San Jose,None,0,0,0,0,1,1,0.0
13,SAN_MARTIN_DE_PORRES,Brgy. San Martin de Porres,Medium,280,12,211,12,22,16,-27.27
13,SAN_ROQUE,Brgy. San Roque,Low,346,10,77,10,33,6,-81.82
13,SAN_VICENTE,Brgy. San Vicente,Medium,206,8,177,8,24,21,-12.5
13,SAUYO,Brgy. Sauyo,Medium,527,77,360,77,5,3,-40.0
13,SIENA,Brgy. Siena,Medium,167,3,199,3,54,65,20.37
13,SIKATUNA_VILLAGE,Brgy. Sikatuna Village,Low,196,4,89,4,48,21,-56.25
13,SILANGAN,Brgy. Silangan,Medium,72,5,147,5,13,28,115.38
13,SOCORRO,Brgy. Socorro,Medium,149,23,133,23,5,4,-20.0
13,SOUTH_TRIANGLE,Brgy. South Triangle,Medium,207,15,240,15,12,15,25.0
13,STA_CRUZ,Brgy. Sta. Cruz,Medium,63,4,178,4,14,43,207.14
13,STA_LUCIA,Brgy. Sta. Lucia,Medium,150,29,308,29,4,9,125.0
13,STA_MONICA,Brgy. Sta. Monica,Medium,82,52,437,52,0,7,700000000.0
13,STA_TERESITA,Brgy. Sta. Teresita,Low,124,6,149,6,19,23,21.05
13,STO_CRISTO,Brgy. Sto. Cristo,Medium,298,26,84,26,10,2,-80.0
13,STO_DOMINGO,Brgy. Sto. Domingo,Medium,198,12,126,12,15,9,-40.0
13,STO_NINO,Brgy. Sto. Nino,None,0,0,0,0,1,1,0.0
13,TAGUMPAY,Brgy. Tagumpay,Medium,176,3,48,3,57,15,-73.68
13,TALAYAN,Brgy. Talayan,Medium,71,5,85,5,13,16,23.08
13,TALIPAPA,Brgy. Talipapa,Medium,304,39,224,39,6,4,-33.33
13,TANDANG_SORA,Brgy. Tandang Sora,Medium,795,84,270,84,8,2,-75.0
13,TATALON,Brgy. Tatalon,Medium,215,56,485,56,2,7,250.0
13,TEACHERS_VILLAGE_EAST,Brgy. Teachers Village East,Low,72,2,28,2,35,13,-62.86
13,TEACHERS_VILLAGE_WEST,Brgy. Teachers Village West,Low,103,2,99,2,50,48,-4.0
13,UGONG_NORTE,Brgy. Ugong Norte,Low,118,4,219,4,28,53,89.29
13,UNANG_SIGAW,Brgy. Unang Sigaw,Low,167,4,182,4,40,44,10.0
13,UP_CAMPUS,Brgy. UP Campus,Medium,72,48,520,48,0,9,900000000.0
13,UP_VILLAGE,Brgy. UP Village,Low,64,2,81,2,31,39,25.81
13,VALENCIA,Brgy. Valencia,Medium,212,11,122,11,18,10,-44.44
13,VASRA,Brgy. Vasra,Medium,83,8,172,8,9,20,122.22
13,VETERANS_VILLAGE,Brgy. Veterans Village,Medium,172,13,236,13,12,17,41.67
13,VILLA_MARIA_CLARA,Brgy. Villa Maria Clara,Low,93,2,183,2,45,90,100.0
13,WEST_KAMIAS,Brgy. West Kamias,Medium,136,5,105,5,26,20,-23.08
13,WEST_TRIANGLE,Brgy. West Triangle,Medium,100,3,183,3,32,60,87.5
13,WHITE_PLAINS,Brgy. White Plains,Medium,96,4,152,4,23,37,60.87
14,ALICIA,Brgy. Alicia,Medium,207,7,179,7,28,24,-14.29
14,AMIHAN,Brgy. Amihan,Low,204,2,62,2,101,30,-70.3
14,APOLONIO_SAMSON,Brgy. Apolonio Samson,Medium,166,34,342,34,3,9,200.0
14,BAESA,Brgy. Baesa,Medium,356,56,163,56,5,1,-80.0
14,BAGBAG,Brgy. Bagbag,Medium,353,65,37,65,4,0,-100.0
14,BAGONG_LIPUNAN_NG_CRAME,Brgy. Bagong Lipunan ng Crame,Medium,73,14,288,14,4,19,375.0
14,BAGONG_PAG_ASA,Brgy. Bagong Pag-asa,Medium,334,30,101,30,10,2,-80.0
14,BAGONG_SILANGAN,Brgy. Bagong Silangan,Low,211,54,127,54,2,1,-50.0
14,BAGUMBAYAN,Brgy. Bagumbayan,Medium,336,23,159,23,13,5,-61.54
14,BAGUMBUHAY,Brgy. Bagumbuhay,Medium,65,7,205,7,8,28,250.0
14,BAHAY_TORO,Brgy. Bahay Toro,Medium,442,60,234,60,6,2,-66.67
14,BALINGASA,Brgy. Balingasa,Medium,364,20,255,20,17,11,-35.29
14,BALUMBATO,Brgy. Balumbato,Medium,119,7,219,7,16,30,87.5
14,BATASAN_HILLS,Brgy. Batasan Hills,Medium,678,167,115,167,3,0,-100.0
14,BAYANIHAN,Brgy. Bayanihan,Medium,59,1,165,1,58,164,182.76
14,BLUE_RIDGE_A,Brgy. Blue Ridge A,None,0,0,0,0,1,1,0.0
14,BLUE_RIDGE_B,Brgy. Blue Ridge B,Low,93,1,167,1,92,166,80.43
14,BOTOCAN,Brgy. Botocan,Low,250,4,82,4,61,19,-68.85
14,BUNGAD,Brgy. Bungad,Medium,78,8,255,8,8,30,275.0
14,CAMP_AGUINALDO,Brgy. Camp Aguinaldo,Low,140,2,144,2,69,71,2.9
14,CAPRI,Brgy. Capri,Medium,226,13,160,13,16,11,-31.25
14,CENTRAL,Brgy. Central,Medium,158,20,243,20,6,11,83.33
14,COMMONWEALTH,Brgy. Commonwealth,Medium,495,214,566,214,1,1,0.0
14,CULIAT,Brgy. Culiat,Medium,264,68,511,68,2,6,200.0
14,DAMAR,Brgy. Damar,Low,179,1,110,1,178,109,-38.76
14,DAMAYAN,Brgy. Damayan,High,61,13,149,13,3,10,233.33
14,DAMAYANG_LAGI,Brgy. Damayang Lagi,Medium,260,20,234,20,12,10,-16.67
14,DEL_MONTE,Brgy. Del Monte,Medium,80,11,159,11,6,13,116.67
14,DIOQUINO_ZOBEL,Brgy. Dioquino Zobel,None,0,0,0,0,1,1,0.0
14,DONA_AURORA,Brgy. Dona Aurora,None,0,0,0,0,1,1,0.0
14,DONA_IMELDA,Brgy. Dona Imelda,Medium,61,12,97,12,4,7,75.0
14,DONA_JOSEFA,Brgy. Dona Josefa,Low,49,1,159,1,48,158,229.17
14,DON_MANUEL,Brgy. Don Manuel,Low,81,1,87,1,80,86,7.5
14,DUYAN_DUYAN,Brgy. Duyan-Duyan,Low,16,1,51,1,15,50,233.33
14,EAST_KAMIAS,Brgy. East Kamias,Medium,83,7,189,7,10,26,160.0
14,ESCOBA_1,Brgy. Escopa 1,None,0,0,0,0,1,1,0.0
14,ESCOBA_2,Brgy. Escopa 2,None,0,0,0,0,1,1,0.0
14,ESCOBA_3,Brgy. Escopa 3,None,0,0,0,0,1,1,0.0
14,ESCOBA_4,Brgy. Escopa 4,None,0,0,0,0,1,1,0.0
14,E_RODRIGUEZ,Brgy. E. Rodriguez,Medium,239,18,114,18,12,5,-58.33
14,FAIRVIEW,Brgy. Fairview,Medium,279,62,462,62,3,6,100.0
14,GREATER_LAGRO,Brgy. Greater Lagro,Low,282,12,219,12,22,17,-22.73
14,GULOD,Brgy. Gulod,Medium,308,63,353,63,3,4,33.33
14,HOLY_SPIRIT,Brgy. Holy Spirit,None,0,0,0,0,1,1,0.0
14,HORSESHOE,Brgy. Horseshoe,Medium,75,3,130,3,24,42,75.0
14,IMMACULATE_CONCEPTION,Brgy. Immaculate Conception,Medium,228,9,244,9,24,26,8.33
14,KALIGAYAHAN,Brgy. Kaligayahan,Low,299,31,153,31,8,3,-62.5
14,KALUSUGAN,Brgy. Kalusugan,Medium,21,5,175,5,3,34,1033.33
14,KAMUNING,Brgy. Kamuning,Medium,130,15,236,15,7,14,100.0
14,KATIPUNAN,Brgy. Katipunan,Medium,122,11,92,11,10,7,-30.0
14,KAUNLARAN,Brgy. Kaunlaran,None,0,0,0,0,1,1,0.0
14,KRISTONG_HARI,Brgy. Kristong Hari,Medium,144,7,224,7,19,31,63.16
14,KRUS_NA_LIGAS,Brgy. Krus na Ligas,Low,329,11,295,11,28,25,-10.71
14,LAGING_HANDA,Brgy. Laging Handa,Low,209,3,221,3,68,72,5.88
14,LIBIS,Brgy. Libis,Medium,113,5,222,5,21,43,104.76
14,LOURDES,Brgy. Lourdes,Medium,106,5,142,5,20,27,35.0
14,LOYOLA_HEIGHTS,Brgy. Loyola Heights,Low,179,11,292,11,15,25,66.67
14,MAHARLIKA,Brgy. Maharlika,Medium,46,5,65,5,8,12,50.0
14,MALAYA,Brgy. Malaya,None,0,0,0,0,1,1,0.0
14,MANGGA,Brgy. Mangga,Low,68,6,104,6,10,16,60.0
14,MANRESA,Brgy. Manresa,Medium,163,18,142,18,8,6,-25.0
14,MARIANA,Brgy. Mariana,Medium,184,12,222,12,14,17,21.43
14,MARIBLO,Brgy. Mariblo,High,86,7,183,7,11,25,127.27
14,MARILAG,Brgy. Marilag,Low,207,7,274,7,28,38,35.71
14,MASAGANA,Brgy. Masagana,Low,179,3,135,3,58,44,-24.14
14,MASAMBONG,Brgy. Masambong,Medium,124,9,145,9,12,15,25.0
14,MATANDANG_BALARA,Brgy. Matandang Balara,Medium,306,70,389,70,3,4,33.33
14,MILAGROSA,Brgy. Milagrosa,Low,133,4,139,4,32,33,3.12
14,NAGKAISANG_NAYON,Brgy. Nagkaisang Nayon,Medium,483,54,508,54,7,8,14.29
14,NAYONG_KANLURAN,Brgy. Nayong Kanluran,Medium,159,3,66,3,52,21,-59.62
14,NEW_ERA,Brgy. New Era,Low,47,8,118,8,4,13,225.0
14,NORTH_FAIRVIEW,Brgy. North Fairview,Low,207,23,113,23,8,3,-62.5
14,NOVALICHES_PROPER,Brgy. Novaliches Proper,Medium,158,16,282,16,8,16,100.0
14,NS_AMORANTO,Brgy. N. S. Amoranto,Medium,167,6,164,6,26,26,0.0
14,OBRERO,Brgy. Obrero,Medium,281,10,159,10,27,14,-48.15
14,OLD_CAPITOL_SITE,Brgy. Old Capitol Site,Medium,178,2,62,2,88,30,-65.91
14,PAANG_BUNDOK,Brgy. Paang Bundok,Low,186,3,66,3,61,21,-65.57
14,PAG_IBIG_SA_NAYON,Brgy. Pag-Ibig sa Nayon,Medium,80,6,164,6,12,26,116.67
14,PALIGSAHAN,Brgy. Paligsahan,Medium,175,4,154,4,42,37,-11.9
14,PALTOK,Brgy. Paltok,Medium,191,19,63,19,9,2,-77.78
14,PANSOL,Brgy. Pansol,Medium,159,36,367,36,3,9,200.0
14,PARAISO,Brgy. Paraiso,Medium,194,4,187,4,47,45,-4.26
14,PASONG_PUTIK_PROPER,Brgy. Pasong Putik Proper,Low,344,20,485,20,16,23,43.75
14,PASONG_TAMO,Brgy. Pasong Tamo,Medium,387,111,335,111,2,2,0.0
14,PAYATAS,Brgy. Payatas,Low,436,70,176,70,5,1,-80.0
14,PHILAM,Brgy. Philam,Low,96,2,154,2,47,76,61.7
14,PINAGKAISAHAN,Brgy. Pinagkaisahan,Medium,140,5,142,5,27,27,0.0
14,PINYAHAN,Brgy. Pinyahan,Medium,279,22,239,22,11,9,-18.18
14,PROJECT_6,Brgy. Project 6,Medium,129,12,191,12,9,14,55.56
14,QUIRINO_2A,Brgy. Quirino 2-A,Medium,47,5,124,5,8,23,187.5
14,QUIRINO_2B,Brgy. Quirino 2-B,Medium,193,4,100,4,47,24,-48.94
14,QUIRINO_2C,Brgy. Quirino 2-C,Medium,218,4,80,4,53,19,-64.15
14,QUIRINO_3A,Brgy. Quirino 3-A,Medium,57,2,164,2,27,81,200.0
14,QUIRINO_3B,Brgy. Quirino 3-B,Medium,116,4,121,4,28,29,3.57
14,RAMON_MAGSAYSAY,Brgy. Ramon Magsaysay,Medium,105,15,119,15,6,6,0.0
14,ROXAS,Brgy. Roxas,Medium,79,11,251,11,6,21,250.0
14,SACRED_HEART,Brgy. Sacred Heart,Low,191,4,141,4,46,34,-26.09
14,SAINT_IGNATIUS,Brgy. Saint Ignatius,Low,122,2,89,2,60,43,-28.33
14,SAINT_PETER,Brgy. Saint Peter,Medium,72,5,156,5,13,30,130.77
14,SALVACION,Brgy. Salvacion,Low,157,4,210,4,38,51,34.21
14,SANGANDAAN,Brgy. Sangandaan,Medium,52,22,320,22,1,13,1200.0
14,SANTOL,Brgy. Santol,Medium,204,7,58,7,28,7,-75.0
14,SAN_AGUSTIN,Brgy. San Agustin,Low,62,13,201,13,3,14,366.67
14,SAN_ANTONIO,Brgy. San Antonio,Medium,232,23,138,23,9,5,-44.44
14,SAN_BARTOLOME,Brgy. San Bartolome,Medium,61,52,230,52,0,3,300000000.0
14,SAN_ISIDRO,Brgy. San Isidro,Low,179,4,151,4,43,36,-16.28
14,SAN_ISIDRO_LABRADOR,Brgy. San Isidro Labrador,Low,119,4,260,4,28,64,128.57
14,SAN_JOSE,Brgy. San Jose,None,0,0,0,0,1,1,0.0
14,SAN_MARTIN_DE_PORRES,Brgy. San Martin de Porres,Medium,250,12,227,12,19,17,-10.53
14,SAN_ROQUE,Brgy. San Roque,Low,145,10,191,10,13,18,38.46
14,SAN_VICENTE,Brgy. San Vicente,Low,63,4,277,4,14,68,385.71
14,SAUYO,Brgy. Sauyo,Medium,766,77,149,77,8,0,-100.0
14,SIENA,Brgy. Siena,Medium,159,3,110,3,52,35,-32.69
14,SIKATUNA_VILLAGE,Brgy. Sikatuna Village,Low,137,4,72,4,33,17,-48.48
14,SILANGAN,Brgy. Silangan,Medium,79,5,56,5,14,10,-28.57
14,SOCORRO,Brgy. Socorro,Medium,285,23,171,23,11,6,-45.45
14,SOUTH_TRIANGLE,Brgy. South Triangle,Medium,210,15,212,15,13,13,0.0
14,STA_CRUZ,Brgy. Sta. Cruz,Medium,68,4,200,4,16,49,206.25
14,STA_LUCIA,Brgy. Sta. Lucia,Medium,134,29,30,29,3,0,-100.0
14,STA_MONICA,Brgy. Sta. Monica,Medium,232,52,576,52,3,10,233.33
14,STA_TERESITA,Brgy. Sta. Teresita,Low,127,6,228,6,20,37,85.0
14,STO_CRISTO,Brgy. Sto. Cristo,Medium,105,26,334,26,3,11,266.67
14,STO_DOMINGO,Brgy. Sto. Domingo,High,231,23,205,23,9,7,-22.22
14,STO_NINO,Brgy. Sto. Nino,None,0,0,0,0,1,1,0.0
14,TAGUMPAY,Brgy. Tagumpay,Medium,80,3,64,3,25,20,-20.0
14,TALAYAN,Brgy. Talayan,High,75,9,122,9,7,12,71.43
14,TALIPAPA,Brgy. Talipapa,Medium,479,39,223,39,11,4,-63.64
14,TANDANG_SORA,Brgy. Tandang Sora,Medium,696,84,418,84,7,3,-57.14
14,TATALON,Brgy. Tatalon,Medium,519,56,438,56,8,6,-25.0
14,TEACHERS_VILLAGE_EAST,Brgy. Teachers Village East,Low,163,2,99,2,80,48,-40.0
14,TEACHERS_VILLAGE_WEST,Brgy. Teachers Village West,Low,24,2,93,2,11,45,309.09
14,UGONG_NORTE,Brgy. Ugong Norte,Low,229,4,141,4,56,34,-39.29
14,UNANG_SIGAW,Brgy. Unang Sigaw,Low,109,4,209,4,26,51,96.15
14,UP_CAMPUS,Brgy. UP Campus,Medium,327,48,384,48,5,7,40.0
14,UP_VILLAGE,Brgy. UP Village,Low,125,2,70,2,61,34,-44.26
14,VALENCIA,Brgy. Valencia,Medium,133,11,159,11,11,13,18.18
14,VASRA,Brgy. Vasra,Medium,225,8,133,8,27,15,-44.44
14,VETERANS_VILLAGE,Brgy. Veterans Village,Medium,230,13,93,13,16,6,-62.5
14,VILLA_MARIA_CLARA,Brgy. Villa Maria Clara,Low,74,2,21,2,36,9,-75.0
14,WEST_KAMIAS,Brgy. West Kamias,Medium,35,5,194,5,6,37,516.67
14,WEST_TRIANGLE,Brgy. West Triangle,Medium,114,3,208,3,37,68,83.78
14,WHITE_PLAINS,Brgy. White Plains,Medium,160,4,29,4,39,6,-84.62
15,ALICIA,Brgy. Alicia,Medium,166,7,225,7,22,31,40.91
15,AMIHAN,Brgy. Amihan,Low,204,2,126,2,101,62,-38.61
15,APOLONIO_SAMSON,Brgy. Apolonio Samson,Medium,164,34,420,34,3,11,266.67
15,BAESA,Brgy. Baesa,Medium,382,56,106,56,5,0,-100.0
15,BAGBAG,Brgy. Bagbag,Medium,265,65,47,65,3,0,-100.0
15,BAGONG_LIPUNAN_NG_CRAME,Brgy. Bagong Lipunan ng Crame,Medium,148,14,285,14,9,19,111.11
15,BAGONG_PAG_ASA,Brgy. Bagong Pag-asa,Medium,333,30,449,30,10,13,30.0
15,BAGONG_SILANGAN,Brgy. Bagong Silangan,Low,462,54,380,54,7,6,-14.29
15,BAGUMBAYAN,Brgy. Bagumbayan,Medium,209,23,290,23,8,11,37.5
15,BAGUMBUHAY,Brgy. Bagumbuhay,Medium,161,7,105,7,22,14,-36.36
15,BAHAY_TORO,Brgy. Bahay Toro,Medium,448,60,234,60,6,2,-66.67
15,BALINGASA,Brgy. Balingasa,Medium,238,20,290,20,10,13,30.0
15,BALUMBATO,Brgy. Balumbato,Medium,84,7,43,7,11,5,-54.55
15,BATASAN_HILLS,Brgy. Batasan Hills,Medium,576,167,408,167,2,1,-50.0
15,BAYANIHAN,Brgy. Bayanihan,Low,101,1,75,1,100,74,-26.0
15,BLUE_RIDGE_A,Brgy. Blue Ridge A,None,0,0,0,0,1,1,0.0
15,BLUE_RIDGE_B,Brgy. Blue Ridge B,Low,109,1,56,1,108,55,-49.07
15,BOTOCAN,Brgy. Botocan,Low,151,4,192,4,36,47,30.56
15,BUNGAD,Brgy. Bungad,Medium,204,8,233,8,24,28,16.67
15,CAMP_AGUINALDO,Brgy. Camp Aguinaldo,Low,36,2,156,2,17,77,352.94
15,CAPRI,Brgy. Capri,Medium,164,13,127,13,11,8,-27.27
15,CENTRAL,Brgy. Central,Medium,248,20,324,20,11,15,36.36
15,COMMONWEALTH,Brgy. Commonwealth,Medium,813,214,655,214,2,2,0.0
15,CULIAT,Brgy. Culiat,Medium,676,68,161,68,8,1,-87.5
15,DAMAR,Brgy. Damar,Low,55,1,30,1,54,29,-46.3
15,DAMAYAN,Brgy. Damayan,High,184,13,239,13,13,17,30.77
15,DAMAYANG_LAGI,Brgy. Damayang Lagi,Medium,231,20,366,20,10,17,70.0
15,DEL_MONTE,Brgy. Del Monte,High,169,22,278,22,6,11,83.33
15,DIOQUINO_ZOBEL,Brgy. Dioquino Zobel,None,0,0,0,0,1,1,0.0
15,DONA_AURORA,Brgy. Dona Aurora,None,0,0,0,0,1,1,0.0
15,DONA_IMELDA,Brgy. Dona Imelda,Medium,241,12,241,12,19,19,0.0
15,DONA_JOSEFA,Brgy. Dona Josefa,Low,153,1,174,1,152,173,13.82
15,DON_MANUEL,Brgy. Don Manuel,Low,145,1,107,1,144,106,-26.39
15,DUYAN_DUYAN,Brgy. Duyan-Duyan,Low,106,1,88,1,105,87,-17.14
15,EAST_KAMIAS,Brgy. East Kamias,Medium,221,7,148,7,30,20,-33.33
15,ESCOBA_1,Brgy. Escopa 1,None,0,0,0,0,1,1,0.0
15,ESCOBA_2,Brgy. Escopa 2,None,0,0,0,0,1,1,0.0
15,ESCOBA_3,Brgy. Escopa 3,None,0,0,0,0,1,1,0.0
15,ESCOBA_4,Brgy. Escopa 4,None,0,0,0,0,1,1,0.0
15,E_RODRIGUEZ,Brgy. E. Rodriguez,Medium,52,18,281,18,1,14,1300.0
15,FAIRVIEW,Brgy. Fairview,Medium,453,62,502,62,6,7,16.67
15,GREATER_LAGRO,Brgy. Greater Lagro,Medium,198,24,258,24,7,9,28.57
15,GULOD,Brgy. Gulod,Medium,496,63,535,63,6,7,16.67
15,HOLY_SPIRIT,Brgy. Holy Spirit,None,0,0,0,0,1,1,0.0
15,HORSESHOE,Brgy. Horseshoe,Medium,117,3,147,3,38,48,26.32
15,IMMACULATE_CONCEPTION,Brgy. Immaculate Conception,Medium,187,9,177,9,19,18,-5.26
15,KALIGAYAHAN,Brgy. Kaligayahan,Low,397,31,388,31,11,11,0.0
15,KALUSUGAN,Brgy. Kalusugan,Medium,80,5,238,5,15,46,206.67
15,KAMUNING,Brgy. Kamuning,Medium,253,15,227,15,15,14,-6.67
15,KATIPUNAN,Brgy. Katipunan,Medium,134,11,239,11,11,20,81.82
15,KAUNLARAN,Brgy. Kaunlaran,None,0,0,0,0,1,1,0.0
15,KRISTONG_HARI,Brgy. Kristong Hari,Medium,109,7,94,7,14,12,-14.29
15,KRUS_NA_LIGAS,Brgy. Krus na Ligas,Low,310,11,117,11,27,9,-66.67
15,LAGING_HANDA,Brgy. Laging Handa,Low,181,3,247,3,59,81,37.29
15,LIBIS,Brgy. Libis,Medium,158,5,66,5,30,12,-60.0
15,LOURDES,Brgy. Lourdes,Medium,206,5,219,5,40,42,5.0
15,LOYOLA_HEIGHTS,Brgy. Loyola Heights,Low,166,11,400,11,14,35,150.0
15,MAHARLIKA,Brgy. Maharlika,Medium,62,5,124,5,11,23,109.09
15,MALAYA,Brgy. Malaya,None,0,0,0,0,1,1,0.0
15,MANGGA,Brgy. Mangga,Low,118,6,30,6,18,4,-77.78
15,MANRESA,Brgy. Manresa,Medium,87,18,221,18,3,11,266.67
15,MARIANA,Brgy. Mariana,Medium,207,12,44,12,16,2,-87.5
15,MARIBLO,Brgy. Mariblo,Medium,167,4,206,4,40,50,25.0
15,MARILAG,Brgy. Marilag,Low,146,7,83,7,19,10,-47.37
15,MASAGANA,Brgy. Masagana,Low,112,3,159,3,36,52,44.44
15,MASAMBONG,Brgy. Masambong,High,141,18,178,18,6,8,33.33
15,MATANDANG_BALARA,Brgy. Matandang Balara,Medium,70,70,299,70,0,3,300000000.0
15,MILAGROSA,Brgy. Milagrosa,Low,94,4,244,4,22,60,172.73
15,NAGKAISANG_NAYON,Brgy. Nagkaisang Nayon,Medium,315,54,256,54,4,3,-25.0
15,NAYONG_KANLURAN,Brgy. Nayong Kanluran,Medium,166,3,65,3,54,20,-62.96
15,NEW_ERA,Brgy. New Era,Low,48,8,247,8,5,29,480.0
15,NORTH_FAIRVIEW,Brgy. North Fairview,Low,427,23,224,23,17,8,-52.94
15,NOVALICHES_PROPER,Brgy. Novaliches Proper,Medium,279,16,19,16,16,0,-100.0
15,NS_AMORANTO,Brgy. N. S. Amoranto,Medium,220,6,107,6,35,16,-54.29
15,OBRERO,Brgy. Obrero,Medium,158,10,109,10,14,9,-35.71
15,OLD_CAPITOL_SITE,Brgy. Old Capitol Site,Medium,94,2,75,2,46,36,-21.74
15,PAANG_BUNDOK,Brgy. Paang Bundok,Low,167,3,78,3,54,25,-53.7
15,PAG_IBIG_SA_NAYON,Brgy. Pag-Ibig sa Nayon,Medium,43,6,120,6,6,19,216.67
15,PALIGSAHAN,Brgy. Paligsahan,Medium,73,4,155,4,17,37,117.65
15,PALTOK,Brgy. Paltok,Medium,119,19,222,19,5,10,100.0
15,PANSOL,Brgy. Pansol,Medium,60,36,157,36,0,3,300000000.0
15,PARAISO,Brgy. Paraiso,Medium,85,4,167,4,20,40,100.0
15,PASONG_PUTIK_PROPER,Brgy. Pasong Putik Proper,Low,345,20,84,20,16,3,-81.25
15,PASONG_TAMO,Brgy. Pasong Tamo,Medium,320,111,586,111,1,4,300.0
15,PAYATAS,Brgy. Payatas,Low,112,70,404,70,0,4,400000000.0
15,PHILAM,Brgy. Philam,Low,118,2,96,2,58,47,-18.97
15,PINAGKAISAHAN,Brgy. Pinagkaisahan,Medium,93,5,24,5,17,3,-82.35
15,PINYAHAN,Brgy. Pinyahan,Medium,67,22,177,22,2,7,250.0
15,PROJECT_6,Brgy. Project 6,Medium,179,12,249,12,13,19,46.15
15,QUIRINO_2A,Brgy. Quirino 2-A,Medium,39,5,132,5,6,25,316.67
15,QUIRINO_2B,Brgy. Quirino 2-B,Medium,142,4,43,4,34,9,-73.53
15,QUIRINO_2C,Brgy. Quirino 2-C,Medium,69,4,170,4,16,41,156.25
15,QUIRINO_3A,Brgy. Quirino 3-A,Medium,60,2,84,2,29,41,41.38
15,QUIRINO_3B,Brgy. Quirino 3-B,Medium,157,4,168,4,38,41,7.89
15,RAMON_MAGSAYSAY,Brgy. Ramon Magsaysay,Medium,168,15,188,15,10,11,10.0
15,ROXAS,Brgy. Roxas,Medium,181,11,168,11,15,14,-6.67
15,SACRED_HEART,Brgy. Sacred Heart,Low,187,4,49,4,45,11,-75.56
15,SAINT_IGNATIUS,Brgy. Saint Ignatius,Low,195,2,191,2,96,94,-2.08
15,SAINT_PETER,Brgy. Saint Peter,Medium,83,5,176,5,15,34,126.67
15,SALVACION,Brgy. Salvacion,Low,95,4,256,4,22,63,186.36
15,SANGANDAAN,Brgy. Sangandaan,Medium,261,22,172,22,10,6,-40.0
15,SANTOL,Brgy. Santol,Medium,124,7,46,7,16,5,-68.75
15,SAN_AGUSTIN,Brgy. San Agustin,Low,282,13,90,13,20,5,-75.0
15,SAN_ANTONIO,Brgy. San Antonio,Medium,286,23,212,23,11,8,-27.27
15,SAN_BARTOLOME,Brgy. San Bartolome,Medium,461,52,244,52,7,3,-57.14
15,SAN_ISIDRO,Brgy. San Isidro,Low,214,4,222,4,52,54,3.85
15,SAN_ISIDRO_LABRADOR,Brgy. San Isidro Labrador,Low,205,4,134,4,50,32,-36.0
15,SAN_JOSE,Brgy. San Jose,None,0,0,0,0,1,1,0.0
15,SAN_MARTIN_DE_PORRES,Brgy. San Martin de Porres,Medium,113,12,151,12,8,11,37.5
15,SAN_ROQUE,Brgy. San Roque,Low,195,10,293,10,18,28,55.56
15,SAN_VICENTE,Brgy. San Vicente,Medium,48,8,209,8,5,25,400.0
15,SAUYO,Brgy. Sauyo,Medium,247,77,217,77,2,1,-50.0
15,SIENA,Brgy. Siena,High,122,5,142,5,23,27,17.39
15,SIKATUNA_VILLAGE,Brgy. Sikatuna Village,Low,123,4,37,4,29,8,-72.41
15,SILANGAN,Brgy. Silangan,Medium,76,5,23,5,14,3,-78.57
15,SOCORRO,Brgy. Socorro,Medium,205,23,342,23,7,13,85.71
15,SOUTH_TRIANGLE,Brgy. South Triangle,Medium,226,15,274,15,14,17,21.43
15,STA_CRUZ,Brgy. Sta. Cruz,Medium,208,4,218,4,51,53,3.92
15,STA_LUCIA,Brgy. Sta. Lucia,Medium,237,29,460,29,7,14,100.0
15,STA_MONICA,Brgy. Sta. Monica,Medium,446,52,182,52,7,2,-71.43
15,STA_TERESITA,Brgy. Sta. Teresita,Low,83,6,43,6,12,6,-50.0
15,STO_CRISTO,Brgy. Sto. Cristo,Medium,257,26,31,26,8,0,-100.0
15,STO_DOMINGO,Brgy. Sto. Domingo,Medium,172,12,116,12,13,8,-38.46
15,STO_NINO,Brgy. Sto. Nino,None,0,0,0,0,1,1,0.0
15,TAGUMPAY,Brgy. Tagumpay,Medium,162,3,64,3,53,20,-62.26
15,TALAYAN,Brgy. Talayan,Medium,157,5,223,5,30,43,43.33
15,TALIPAPA,Brgy. Talipapa,Medium,350,39,299,39,7,6,-14.29
15,TANDANG_SORA,Brgy. Tandang Sora,Medium,445,84,106,84,4,0,-100.0
15,TATALON,Brgy. Tatalon,Medium,171,56,134,56,2,1,-50.0
15,TEACHERS_VILLAGE_EAST,Brgy. Teachers Village East,Low,59,2,177,2,28,87,210.71
15,TEACHERS_VILLAGE_WEST,Brgy. Teachers Village West,Low,33,2,86,2,15,42,180.0
15,UGONG_NORTE,Brgy. Ugong Norte,Low,160,4,81,4,39,19,-51.28
15,UNANG_SIGAW,Brgy. Unang Sigaw,Low,52,4,78,4,12,18,50.0
15,UP_CAMPUS,Brgy. UP Campus,Medium,128,48,393,48,1,7,600.0
15,UP_VILLAGE,Brgy. UP Village,Low,44,2,27,2,21,12,-42.86
15,VALENCIA,Brgy. Valencia,Medium,139,11,296,11,11,25,127.27
15,VASRA,Brgy. Vasra,Medium,15,8,122,8,0,14,1400000000.0
15,VETERANS_VILLAGE,Brgy. Veterans Village,Medium,200,13,93,13,14,6,-57.14
15,VILLA_MARIA_CLARA,Brgy. Villa Maria Clara,Low,88,2,66,2,43,32,-25.58
15,WEST_KAMIAS,Brgy. West Kamias,Medium,108,5,202,5,20,39,95.0
15,WEST_TRIANGLE,Brgy. West Triangle,Medium,170,3,204,3,55,67,21.82
15,WHITE_PLAINS,Brgy. White Plains,Medium,146,4,94,4,35,22,-37.14
16,ALICIA,Brgy. Alicia,Medium,72,7,213,7,9,29,222.22
16,AMIHAN,Brgy. Amihan,Low,157,2,17,2,77,7,-90.91
16,APOLONIO_SAMSON,Brgy. Apolonio Samson,Low,149,17,417,17,7,23,228.57
16,BAESA,Brgy. Baesa,Low,225,28,306,28,7,9,28.57
16,BAGBAG,Brgy. Bagbag,Medium,589,65,241,65,8,2,-75.0
16,BAGONG_LIPUNAN_NG_CRAME,Brgy. Bagong Lipunan ng Crame,Low,117,7,103,7,15,13,-13.33
16,BAGONG_PAG_ASA,Brgy. Bagong Pag-asa,Medium,191,30,345,30,5,10,100.0
16,BAGONG_SILANGAN,Brgy. Bagong Silangan,High,604,214,600,214,1,1,0.0
16,BAGUMBAYAN,Brgy. Bagumbayan,Low,103,12,364,12,7,29,314.29
16,BAGUMBUHAY,Brgy. Bagumbuhay,Medium,180,7,149,7,24,20,-16.67
16,BAHAY_TORO,Brgy. Bahay Toro,Medium,476,60,217,60,6,2,-66.67
16,BALINGASA,Brgy. Balingasa,Low,159,10,334,10,14,32,128.57
16,BALUMBATO,Brgy. Balumbato,Low,76,4,260,4,18,64,255.56
16,BATASAN_HILLS,Brgy. Batasan Hills,Medium,648,167,245,167,2,0,-100.0
16,BAYANIHAN,Brgy. Bayanihan,Low,212,1,86,1,211,85,-59.72
16,BLUE_RIDGE_A,Brgy. Blue Ridge A,None,0,0,0,0,1,1,0.0
16,BLUE_RIDGE_B,Brgy. Blue Ridge B,Low,87,1,116,1,86,115,33.72
16,BOTOCAN,Brgy. Botocan,Low,73,4,137,4,17,33,94.12
16,BUNGAD,Brgy. Bungad,Medium,148,8,155,8,17,18,5.88
16,CAMP_AGUINALDO,Brgy. Camp Aguinaldo,None,0,0,0,0,1,1,0.0
16,CAPRI,Brgy. Capri,Medium,277,13,289,13,20,21,5.0
16,CENTRAL,Brgy. Central,Medium,161,20,107,20,7,4,-42.86
16,COMMONWEALTH,Brgy. Commonwealth,Medium,241,214,553,214,0,1,100000000.0
16,CULIAT,Brgy. Culiat,Medium,337,68,510,68,3,6,100.0
16,DAMAR,Brgy. Damar,Low,82,1,46,1,81,45,-44.44
16,DAMAYAN,Brgy. Damayan,Medium,221,7,156,7,30,21,-30.0
16,DAMAYANG_LAGI,Brgy. Damayang Lagi,Medium,181,20,331,20,8,15,87.5
16,DEL_MONTE,Brgy. Del Monte,Low,245,6,58,6,39,8,-79.49
16,DIOQUINO_ZOBEL,Brgy. Dioquino Zobel,None,0,0,0,0,1,1,0.0
16,DONA_AURORA,Brgy. Dona Aurora,None,0,0,0,0,1,1,0.0
16,DONA_IMELDA,Brgy. Dona Imelda,Low,90,6,72,6,14,11,-21.43
16,DONA_JOSEFA,Brgy. Dona Josefa,None,0,0,0,0,1,1,0.0
16,DON_MANUEL,Brgy. Don Manuel,None,0,0,0,0,1,1,0.0
16,DUYAN_DUYAN,Brgy. Duyan-Duyan,None,0,0,0,0,1,1,0.0
16,EAST_KAMIAS,Brgy. East Kamias,Medium,163,7,185,7,22,25,13.64
16,ESCOBA_1,Brgy. Escopa 1,None,0,0,0,0,1,1,0.0
16,ESCOBA_2,Brgy. Escopa 2,None,0,0,0,0,1,1,0.0
16,ESCOBA_3,Brgy. Escopa 3,None,0,0,0,0,1,1,0.0
16,ESCOBA_4,Brgy. Escopa 4,None,0,0,0,0,1,1,0.0
16,E_RODRIGUEZ,Brgy. E. Rodriguez,Low,214,9,325,9,22,35,59.09
16,FAIRVIEW,Brgy. Fairview,Medium,436,62,252,62,6,3,-50.0
16,GREATER_LAGRO,Brgy. Greater Lagro,Medium,38,24,125,24,0,4,400000000.0
16,GULOD,Brgy. Gulod,Medium,89,63,463,63,0,6,600000000.0
16,HOLY_SPIRIT,Brgy. Holy Spirit,Low,223,56,389,56,2,5,150.0
16,HORSESHOE,Brgy. Horseshoe,Low,220,2,200,2,109,99,-9.17
16,IMMACULATE_CONCEPTION,Brgy. Immaculate Conception,Medium,222,9,154,9,23,16,-30.43
16,KALIGAYAHAN,Brgy. Kaligayahan,Low,479,31,175,31,14,4,-71.43
16,KALUSUGAN,Brgy. Kalusugan,Medium,178,5,240,5,34,47,38.24
16,KAMUNING,Brgy. Kamuning,Low,73,8,231,8,8,27,237.5
16,KATIPUNAN,Brgy. Katipunan,Medium,221,11,56,11,19,4,-78.95
16,KAUNLARAN,Brgy. Kaunlaran,None,0,0,0,0,1,1,0.0
16,KRISTONG_HARI,Brgy. Kristong Hari,Low,215,4,94,4,52,22,-57.69
16,KRUS_NA_LIGAS,Brgy. Krus na Ligas,None,0,0,0,0,1,1,0.0
16,LAGING_HANDA,Brgy. Laging Handa,Low,189,3,159,3,62,52,-16.13
16,LIBIS,Brgy. Libis,Medium,185,5,189,5,36,36,0.0
16,LOURDES,Brgy. Lourdes,Low,159,3,38,3,52,11,-78.85
16,LOYOLA_HEIGHTS,Brgy. Loyola Heights,Low,290,11,364,11,25,32,28.0
16,MAHARLIKA,Brgy. Maharlika,Low,115,3,95,3,37,30,-18.92
16,MALAYA,Brgy. Malaya,None,0,0,0,0,1,1,0.0
16,MANGGA,Brgy. Mangga,Low,158,6,211,6,25,34,36.0
16,MANRESA,Brgy. Manresa,Low,312,9,221,9,33,23,-30.3
16,MARIANA,Brgy. Mariana,Low,152,6,128,6,24,20,-16.67
16,MARIBLO,Brgy. Mariblo,Low,68,2,244,2,33,121,266.67
16,MARILAG,Brgy. Marilag,Low,166,7,118,7,22,15,-31.82
16,MASAGANA,Brgy. Masagana,Low,43,3,219,3,13,72,453.85
16,MASAMBONG,Brgy. Masambong,Low,199,5,264,5,38,51,34.21
16,MATANDANG_BALARA,Brgy. Matandang Balara,Medium,633,70,454,70,8,5,-37.5
16,MILAGROSA,Brgy. Milagrosa,Low,128,4,178,4,31,43,38.71
16,NAGKAISANG_NAYON,Brgy. Nagkaisang Nayon,Medium,406,54,484,54,6,7,16.67
16,NAYONG_KANLURAN,Brgy. Nayong Kanluran,Low,71,2,26,2,34,12,-64.71
16,NEW_ERA,Brgy. New Era,Low,134,8,25,8,15,2,-86.67
16,NORTH_FAIRVIEW,Brgy. North Fairview,Low,293,23,341,23,11,13,18.18
16,NOVALICHES_PROPER,Brgy. Novaliches Proper,Medium,283,16,67,16,16,3,-81.25
16,NS_AMORANTO,Brgy. N. S. Amoranto,Medium,102,6,128,6,16,20,25.0
16,OBRERO,Brgy. Obrero,Low,57,5,260,5,10,51,410.0
16,OLD_CAPITOL_SITE,Brgy. Old Capitol Site,Medium,142,2,96,2,70,47,-32.86
16,PAANG_BUNDOK,Brgy. Paang Bundok,None,0,0,0,0,1,1,0.0
16,PAG_IBIG_SA_NAYON,Brgy. Pag-Ibig sa Nayon,Medium,179,6,158,6,28,25,-10.71
16,PALIGSAHAN,Brgy. Paligsahan,Low,57,2,175,2,27,86,218.52
16,PALTOK,Brgy. Paltok,Medium,341,19,217,19,16,10,-37.5
16,PANSOL,Brgy. Pansol,Medium,293,36,374,36,7,9,28.57
16,PARAISO,Brgy. Paraiso,Low,160,2,204,2,79,101,27.85
16,PASONG_PUTIK_PROPER,Brgy. Pasong Putik Proper,Medium,173,40,509,40,3,11,266.67
16,PASONG_TAMO,Brgy. Pasong Tamo,Medium,130,111,174,111,0,0,0.0
16,PAYATAS,Brgy. Payatas,Medium,981,140,287,140,6,1,-83.33
16,PHILAM,Brgy. Philam,Low,142,2,75,2,70,36,-48.57
16,PINAGKAISAHAN,Brgy. Pinagkaisahan,Low,225,3,99,3,74,32,-56.76
16,PINYAHAN,Brgy. Pinyahan,Low,350,11,238,11,30,20,-33.33
16,PROJECT_6,Brgy. Project 6,Low,105,6,261,6,16,42,162.5
16,QUIRINO_2A,Brgy. Quirino 2-A,Low,216,3,98,3,71,31,-56.34
16,QUIRINO_2B,Brgy. Quirino 2-B,Medium,12,4,77,4,2,18,800.0
16,QUIRINO_2C,Brgy. Quirino 2-C,Medium,192,4,75,4,47,17,-63.83
16,QUIRINO_3A,Brgy. Quirino 3-A,Medium,126,2,9,2,62,3,-95.16
16,QUIRINO_3B,Brgy. Quirino 3-B,Medium,176,4,15,4,43,2,-95.35
16,RAMON_MAGSAYSAY,Brgy. Ramon Magsaysay,Medium,115,15,125,15,6,7,16.67
16,ROXAS,Brgy. Roxas,Low,213,6,159,6,34,25,-26.47
16,SACRED_HEART,Brgy. Sacred Heart,None,0,0,0,0,1,1,0.0
16,SAINT_IGNATIUS,Brgy. Saint Ignatius,Low,190,2,145,2,94,71,-24.47
16,SAINT_PETER,Brgy. Saint Peter,Low,130,3,182,3,42,59,40.48
16,SALVACION,Brgy. Salvacion,None,0,0,0,0,1,1,0.0
16,SANGANDAAN,Brgy. Sangandaan,Medium,195,22,161,22,7,6,-14.29
16,SANTOL,Brgy. Santol,Low,147,4,200,4,35,49,40.0
16,SAN_AGUSTIN,Brgy. San Agustin,Low,43,13,315,13,2,23,1050.0
16,SAN_ANTONIO,Brgy. San Antonio,Low,235,12,181,12,18,14,-22.22
16,SAN_BARTOLOME,Brgy. San Bartolome,Medium,355,52,518,52,5,8,60.0
16,SAN_ISIDRO,Brgy. San Isidro,None,0,0,0,0,1,1,0.0
16,SAN_ISIDRO_LABRADOR,Brgy. San Isidro Labrador,None,0,0,0,0,1,1,0.0
16,SAN_JOSE,Brgy. San Jose,None,0,0,0,0,1,1,0.0
16,SAN_MARTIN_DE_PORRES,Brgy. San Martin de Porres,Low,237,6,29,6,38,3,-92.11
16,SAN_ROQUE,Brgy. San Roque,None,0,0,0,0,1,1,0.0
16,SAN_VICENTE,Brgy. San Vicente,Low,215,4,257,4,52,63,21.15
16,SAUYO,Brgy. Sauyo,Medium,198,77,271,77,1,2,100.0
16,SIENA,Brgy. Siena,Medium,143,3,73,3,46,23,-50.0
16,SIKATUNA_VILLAGE,Brgy. Sikatuna Village,Low,95,4,189,4,22,46,109.09
16,SILANGAN,Brgy. Silangan,Medium,174,5,246,5,33,48,45.45
16,SOCORRO,Brgy. Socorro,Low,210,12,390,12,16,31,93.75
16,SOUTH_TRIANGLE,Brgy. South Triangle,Low,180,8,169,8,21,20,-4.76
16,STA_CRUZ,Brgy. Sta. Cruz,Low,180,2,191,2,89,94,5.62
16,STA_LUCIA,Brgy. Sta. Lucia,Medium,349,29,292,29,11,9,-18.18
16,STA_MONICA,Brgy. Sta. Monica,Medium,335,52,328,52,5,5,0.0
16,STA_TERESITA,Brgy. Sta. Teresita,None,0,0,0,0,1,1,0.0
16,STO_CRISTO,Brgy. Sto. Cristo,Low,242,13,337,13,17,24,41.18
16,STO_DOMINGO,Brgy. Sto. Domingo,Low,231,6,153,6,37,24,-35.14
16,STO_NINO,Brgy. Sto. Nino,None,0,0,0,0,1,1,0.0
16,TAGUMPAY,Brgy. Tagumpay,Low,205,2,213,2,101,105,3.96
16,TALAYAN,Brgy. Talayan,Low,106,3,125,3,34,40,17.65
16,TALIPAPA,Brgy. Talipapa,Medium,259,39,142,39,5,2,-60.0
16,TANDANG_SORA,Brgy. Tandang Sora,Medium,568,84,476,84,5,4,-20.0
16,TATALON,Brgy. Tatalon,Low,476,28,322,28,16,10,-37.5
16,TEACHERS_VILLAGE_EAST,Brgy. Teachers Village East,Low,99,2,121,2,48,59,22.92
16,TEACHERS_VILLAGE_WEST,Brgy. Teachers Village West,Low,22,2,97,2,10,47,370.0
16,UGONG_NORTE,Brgy. Ugong Norte,Low,64,4,107,4,15,25,66.67
16,UNANG_SIGAW,Brgy. Unang Sigaw,Low,24,4,212,4,5,52,940.0
16,UP_CAMPUS,Brgy. UP Campus,Medium,510,48,397,48,9,7,-22.22
16,UP_VILLAGE,Brgy. UP Village,None,0,0,0,0,1,1,0.0
16,VALENCIA,Brgy. Valencia,Low,186,6,131,6,30,20,-33.33
16,VASRA,Brgy. Vasra,Low,185,4,159,4,45,38,-15.56
16,VETERANS_VILLAGE,Brgy. Veterans Village,Medium,182,13,213,13,13,15,15.38
16,VILLA_MARIA_CLARA,Brgy. Villa Maria Clara,None,0,0,0,0,1,1,0.0
16,WEST_KAMIAS,Brgy. West Kamias,Medium,21,5,95,5,3,18,500.0
16,WEST_TRIANGLE,Brgy. West Triangle,Medium,143,3,123,3,46,40,-13.04
16,WHITE_PLAINS,Brgy. White Plains,Low,153,2,116,2,75,57,-24.0
17,ALICIA,Brgy. Alicia,Medium,113,7,213,7,15,29,93.33
17,AMIHAN,Brgy. Amihan,Low,120,2,140,2,59,69,16.95
17,APOLONIO_SAMSON,Brgy. Apolonio Samson,Medium,111,34,435,34,2,11,450.0
17,BAESA,Brgy. Baesa,Low,254,28,484,28,8,16,100.0
17,BAGBAG,Brgy. Bagbag,Medium,404,65,345,65,5,4,-20.0
17,BAGONG_LIPUNAN_NG_CRAME,Brgy. Bagong Lipunan ng Crame,Low,59,7,99,7,7,13,85.71
17,BAGONG_PAG_ASA,Brgy. Bagong Pag-asa,Medium,294,30,377,30,8,11,37.5
17,BAGONG_SILANGAN,Brgy. Bagong Silangan,Medium,438,107,299,107,3,1,-66.67
17,BAGUMBAYAN,Brgy. Bagumbayan,Low,239,12,106,12,18,7,-61.11
17,BAGUMBUHAY,Brgy. Bagumbuhay,Medium,151,7,224,7,20,31,55.0
17,BAHAY_TORO,Brgy. Bahay Toro,Medium,146,60,498,60,1,7,600.0
17,BALINGASA,Brgy. Balingasa,Low,217,10,97,10,20,8,-60.0
17,BALUMBATO,Brgy. Balumbato,Low,26,4,144,4,5,35,600.0
17,BATASAN_HILLS,Brgy. Batasan Hills,High,567,334,316,334,0,0,0.0
17,BAYANIHAN,Brgy. Bayanihan,Low,42,1,71,1,41,70,70.73
17,BLUE_RIDGE_A,Brgy. Blue Ridge A,None,0,0,0,0,1,1,0.0
17,BLUE_RIDGE_B,Brgy. Blue Ridge B,Low,83,1,63,1,82,62,-24.39
17,BOTOCAN,Brgy. Botocan,Low,205,4,54,4,50,12,-76.0
17,BUNGAD,Brgy. Bungad,Medium,142,8,195,8,16,23,43.75
17,CAMP_AGUINALDO,Brgy. Camp Aguinaldo,None,0,0,0,0,1,1,0.0
17,CAPRI,Brgy. Capri,Medium,133,13,170,13,9,12,33.33
17,CENTRAL,Brgy. Central,Medium,102,20,261,20,4,12,200.0
17,COMMONWEALTH,Brgy. Commonwealth,Medium,673,214,430,214,2,1,-50.0
17,CULIAT,Brgy. Culiat,Medium,519,68,393,68,6,4,-33.33
17,DAMAR,Brgy. Damar,Low,166,1,203,1,165,202,22.42
17,DAMAYAN,Brgy. Damayan,Medium,97,7,196,7,12,27,125.0
17,DAMAYANG_LAGI,Brgy. Damayang Lagi,Medium,252,20,266,20,11,12,9.09
17,DEL_MONTE,Brgy. Del Monte,Medium,236,11,43,11,20,2,-90.0
17,DIOQUINO_ZOBEL,Brgy. Dioquino Zobel,None,0,0,0,0,1,1,0.0
17,DONA_AURORA,Brgy. Dona Aurora,None,0,0,0,0,1,1,0.0
17,DONA_IMELDA,Brgy. Dona Imelda,Medium,133,12,103,12,10,7,-30.0
17,DONA_JOSEFA,Brgy. Dona Josefa,None,0,0,0,0,1,1,0.0
17,DON_MANUEL,Brgy. Don Manuel,Low,129,1,182,1,128,181,41.41
17,DUYAN_DUYAN,Brgy. Duyan-Duyan,Low,151,1,112,1,150,111,-26.0
17,EAST_KAMIAS,Brgy. East Kamias,Medium,206,7,148,7,28,20,-28.57
17,ESCOBA_1,Brgy. Escopa 1,None,0,0,0,0,1,1,0.0
17,ESCOBA_2,Brgy. Escopa 2,None,0,0,0,0,1,1,0.0
17,ESCOBA_3,Brgy. Escopa 3,None,0,0,0,0,1,1,0.0
17,ESCOBA_4,Brgy. Escopa 4,None,0,0,0,0,1,1,0.0
17,E_RODRIGUEZ,Brgy. E. Rodriguez,Medium,206,18,258,18,10,13,30.0
17,FAIRVIEW,Brgy. Fairview,Medium,623,62,333,62,9,4,-55.56
17,GREATER_LAGRO,Brgy. Greater Lagro,Medium,288,24,334,24,11,12,9.09
17,GULOD,Brgy. Gulod,Medium,655,63,343,63,9,4,-55.56
17,HOLY_SPIRIT,Brgy. Holy Spirit,Low,560,56,671,56,9,10,11.11
17,HORSESHOE,Brgy. Horseshoe,Medium,100,3,66,3,32,21,-34.37
17,IMMACULATE_CONCEPTION,Brgy. Immaculate Conception,Medium,223,9,23,9,23,1,-95.65
17,KALIGAYAHAN,Brgy. Kaligayahan,Low,247,31,621,31,6,19,216.67
17,KALUSUGAN,Brgy. Kalusugan,Medium,158,5,120,5,30,23,-23.33
17,KAMUNING,Brgy. Kamuning,Medium,122,15,287,15,7,18,157.14
17,KATIPUNAN,Brgy. Katipunan,Medium,81,11,209,11,6,18,200.0
17,KAUNLARAN,Brgy. Kaunlaran,None,0,0,0,0,1,1,0.0
17,KRISTONG_HARI,Brgy. Kristong Hari,Medium,129,7,120,7,17,16,-5.88
17,KRUS_NA_LIGAS,Brgy. Krus na Ligas,Low,122,11,84,11,10,6,-40.0
17,LAGING_HANDA,Brgy. Laging Handa,Low,71,3,72,3,22,23,4.55
17,LIBIS,Brgy. Libis,Medium,189,5,35,5,36,6,-83.33
17,LOURDES,Brgy. Lourdes,Low,95,3,73,3,30,23,-23.33
17,LOYOLA_HEIGHTS,Brgy. Loyola Heights,Low,111,11,295,11,9,25,177.78
17,MAHARLIKA,Brgy. Maharlika,Medium,179,5,213,5,34,41,20.59
17,MALAYA,Brgy. Malaya,None,0,0,0,0,1,1,0.0
17,MANGGA,Brgy. Mangga,Low,151,6,164,6,24,26,8.33
17,MANRESA,Brgy. Manresa,Medium,157,18,168,18,7,8,14.29
17,MARIANA,Brgy. Mariana,Medium,131,12,144,12,9,11,22.22
17,MARIBLO,Brgy. Mariblo,Medium,130,4,139,4,31,33,6.45
17,MARILAG,Brgy. Marilag,Low,208,7,87,7,28,11,-60.71
17,MASAGANA,Brgy. Masagana,Low,172,3,151,3,56,49,-12.5
17,MASAMBONG,Brgy. Masambong,Medium,74,9,57,9,7,5,-28.57
17,MATANDANG_BALARA,Brgy. Matandang Balara,Medium,361,70,543,70,4,6,50.0
17,MILAGROSA,Brgy. Milagrosa,Low,137,4,108,4,33,26,-21.21
17,NAGKAISANG_NAYON,Brgy. Nagkaisang Nayon,Medium,394,54,147,54,6,1,-83.33
17,NAYONG_KANLURAN,Brgy. Nayong Kanluran,Medium,106,3,69,3,34,22,-35.29
17,NEW_ERA,Brgy. New Era,Medium,111,15,175,15,6,10,66.67
17,NORTH_FAIRVIEW,Brgy. North Fairview,Medium,88,45,309,45,0,5,500000000.0
17,NOVALICHES_PROPER,Brgy. Novaliches Proper,Medium,198,16,145,16,11,8,-27.27
17,NS_AMORANTO,Brgy. N. S. Amoranto,Medium,41,6,51,6,5,7,40.0
17,OBRERO,Brgy. Obrero,Medium,189,10,135,10,17,12,-29.41
17,OLD_CAPITOL_SITE,Brgy. Old Capitol Site,Medium,109,2,51,2,53,24,-54.72
17,PAANG_BUNDOK,Brgy. Paang Bundok,Low,109,3,123,3,35,40,14.29
17,PAG_IBIG_SA_NAYON,Brgy. Pag-Ibig sa Nayon,Medium,96,6,216,6,15,35,133.33
17,PALIGSAHAN,Brgy. Paligsahan,Low,110,2,97,2,54,47,-12.96
17,PALTOK,Brgy. Paltok,Medium,181,19,187,19,8,8,0.0
17,PANSOL,Brgy. Pansol,Medium,362,36,411,36,9,10,11.11
17,PARAISO,Brgy. Paraiso,Medium,176,4,32,4,43,7,-83.72
17,PASONG_PUTIK_PROPER,Brgy. Pasong Putik Proper,Medium,245,40,179,40,5,3,-40.0
17,PASONG_TAMO,Brgy. Pasong Tamo,Medium,521,111,384,111,3,2,-33.33
17,PAYATAS,Brgy. Payatas,Medium,154,140,202,140,0,0,0.0
17,PHILAM,Brgy. Philam,Low,100,2,223,2,49,110,124.49
17,PINAGKAISAHAN,Brgy. Pinagkaisahan,Medium,131,5,86,5,25,16,-36.0
17,PINYAHAN,Brgy. Pinyahan,Medium,234,22,303,22,9,12,33.33
17,PROJECT_6,Brgy. Project 6,Low,153,6,100,6,24,15,-37.5
17,QUIRINO_2A,Brgy. Quirino 2-A,Medium,76,5,131,5,14,25,78.57
17,QUIRINO_2B,Brgy. Quirino 2-B,Medium,140,4,153,4,34,37,8.82
17,QUIRINO_2C,Brgy. Quirino 2-C,Medium,67,4,119,4,15,28,86.67
17,QUIRINO_3A,Brgy. Quirino 3-A,Medium,27,2,206,2,12,102,750.0
17,QUIRINO_3B,Brgy. Quirino 3-B,Medium,120,4,169,4,29,41,41.38
17,RAMON_MAGSAYSAY,Brgy. Ramon Magsaysay,Medium,174,15,199,15,10,12,20.0
17,ROXAS,Brgy. Roxas,Medium,138,11,175,11,11,14,27.27
17,SACRED_HEART,Brgy. Sacred Heart,None,0,0,0,0,1,1,0.0
17,SAINT_IGNATIUS,Brgy. Saint Ignatius,Low,80,2,39,2,39,18,-53.85
17,SAINT_PETER,Brgy. Saint Peter,Medium,115,5,52,5,22,9,-59.09
17,SALVACION,Brgy. Salvacion,Low,142,4,154,4,34,37,8.82
17,SANGANDAAN,Brgy. Sangandaan,Medium,240,22,164,22,9,6,-33.33
17,SANTOL,Brgy. Santol,Low,152,4,24,4,37,5,-86.49
17,SAN_AGUSTIN,Brgy. San Agustin,Low,312,13,144,13,23,10,-56.52
17,SAN_ANTONIO,Brgy. San Antonio,Medium,290,23,204,23,11,7,-36.36
17,SAN_BARTOLOME,Brgy. San Bartolome,Medium,448,52,213,52,7,3,-57.14
17,SAN_ISIDRO,Brgy. San Isidro,Low,150,4,191,4,36,46,27.78
17,SAN_ISIDRO_LABRADOR,Brgy. San Isidro Labrador,Low,80,4,132,4,19,32,68.42
17,SAN_JOSE,Brgy. San Jose,None,0,0,0,0,1,1,0.0
17,SAN_MARTIN_DE_PORRES,Brgy. San Martin de Porres,Low,128,6,181,6,20,29,45.0
17,SAN_ROQUE,Brgy. San Roque,Low,294,10,321,10,28,31,10.71
17,SAN_VICENTE,Brgy. San Vicente,Low,100,4,49,4,24,11,-54.17
17,SAUYO,Brgy. Sauyo,Medium,557,77,133,77,6,0,-100.0
17,SIENA,Brgy. Siena,Medium,47,3,126,3,14,41,192.86
17,SIKATUNA_VILLAGE,Brgy. Sikatuna Village,Low,130,4,233,4,31,57,83.87
17,SILANGAN,Brgy. Silangan,Medium,102,5,165,5,19,32,68.42
17,SOCORRO,Brgy. Socorro,Medium,179,23,130,23,6,4,-33.33
17,SOUTH_TRIANGLE,Brgy. South Triangle,Medium,176,15,240,15,10,15,50.0
17,STA_CRUZ,Brgy. Sta. Cruz,Medium,193,4,106,4,47,25,-46.81
17,STA_LUCIA,Brgy. Sta. Lucia,Medium,193,29,160,29,5,4,-20.0
17,STA_MONICA,Brgy. Sta. Monica,Medium,420,52,241,52,7,3,-57.14
17,STA_TERESITA,Brgy. Sta. Teresita,None,0,0,0,0,1,1,0.0
17,STO_CRISTO,Brgy. Sto. Cristo,Medium,284,26,303,26,9,10,11.11
17,STO_DOMINGO,Brgy. Sto. Domingo,Medium,183,12,268,12,14,21,50.0
17,STO_NINO,Brgy. Sto. Nino,None,0,0,0,0,1,1,0.0
17,TAGUMPAY,Brgy. Tagumpay,Medium,128,3,52,3,41,16,-60.98
17,TALAYAN,Brgy. Talayan,Medium,110,5,140,5,21,27,28.57
17,TALIPAPA,Brgy. Talipapa,Medium,184,39,487,39,3,11,266.67
17,TANDANG_SORA,Brgy. Tandang Sora,Medium,713,84,495,84,7,4,-42.86
17,TATALON,Brgy. Tatalon,Medium,219,56,271,56,2,3,50.0
17,TEACHERS_VILLAGE_EAST,Brgy. Teachers Village East,Low,139,2,197,2,68,97,42.65
17,TEACHERS_VILLAGE_WEST,Brgy. Teachers Village West,Low,131,2,42,2,64,20,-68.75
17,UGONG_NORTE,Brgy. Ugong Norte,Low,149,4,97,4,36,23,-36.11
17,UNANG_SIGAW,Brgy. Unang Sigaw,Low,65,4,152,4,15,37,146.67
17,UP_CAMPUS,Brgy. UP Campus,Medium,183,48,325,48,2,5,150.0
17,UP_VILLAGE,Brgy. UP Village,Low,119,2,146,2,58,72,24.14
17,VALENCIA,Brgy. Valencia,Medium,17,11,240,11,0,20,2000000000.0
17,VASRA,Brgy. Vasra,Medium,108,8,203,8,12,24,100.0
17,VETERANS_VILLAGE,Brgy. Veterans Village,Medium,202,13,135,13,14,9,-35.71
17,VILLA_MARIA_CLARA,Brgy. Villa Maria Clara,Low,189,2,202,2,93,100,7.53
17,WEST_KAMIAS,Brgy. West Kamias,Medium,181,5,198,5,35,38,8.57
17,WEST_TRIANGLE,Brgy. West Triangle,Medium,90,3,47,3,29,14,-51.72
17,WHITE_PLAINS,Brgy. White Plains,Low,70,2,66,2,34,32,-5.88
18,ALICIA,Brgy. Alicia,Medium,183,7,193,7,25,26,4.0
18,AMIHAN,Brgy. Amihan,Low,40,2,100,2,19,49,157.89
18,APOLONIO_SAMSON,Brgy. Apolonio Samson,Medium,247,34,112,34,6,2,-66.67
18,BAESA,Brgy. Baesa,Low,481,28,348,28,16,11,-31.25
18,BAGBAG,Brgy. Bagbag,Medium,637,65,211,65,8,2,-75.0
18,BAGONG_LIPUNAN_NG_CRAME,Brgy. Bagong Lipunan ng Crame,Low,140,7,137,7,19,18,-5.26
18,BAGONG_PAG_ASA,Brgy. Bagong Pag-asa,Medium,428,30,276,30,13,8,-38.46
18,BAGONG_SILANGAN,Brgy. Bagong Silangan,Medium,541,107,351,107,4,2,-50.0
18,BAGUMBAYAN,Brgy. Bagumbayan,Low,236,12,184,12,18,14,-22.22
18,BAGUMBUHAY,Brgy. Bagumbuhay,Medium,134,7,158,7,18,21,16.67
18,BAHAY_TORO,Brgy. Bahay Toro,Medium,80,60,406,60,0,5,500000000.0
18,BALINGASA,Brgy. Balingasa,Low,113,10,280,10,10,27,170.0
18,BALUMBATO,Brgy. Balumbato,Low,254,4,226,4,62,55,-11.29
18,BATASAN_HILLS,Brgy. Batasan Hills,Medium,805,167,698,167,3,3,0.0
18,BAYANIHAN,Brgy. Bayanihan,Low,183,1,92,1,182,91,-50.0
18,BLUE_RIDGE_A,Brgy. Blue Ridge A,None,0,0,0,0,1,1,0.0
18,BLUE_RIDGE_B,Brgy. Blue Ridge B,Low,28,1,71,1,27,70,159.26
18,BOTOCAN,Brgy. Botocan,Low,107,4,154,4,25,37,48.0
18,BUNGAD,Brgy. Bungad,Medium,222,8,225,8,26,27,3.85
18,CAMP_AGUINALDO,Brgy. Camp Aguinaldo,None,0,0,0,0,1,1,0.0
18,CAPRI,Brgy. Capri,Medium,159,13,119,13,11,8,-27.27
18,CENTRAL,Brgy. Central,Medium,133,20,358,20,5,16,220.0
18,COMMONWEALTH,Brgy. Commonwealth,Medium,705,214,515,214,2,1,-50.0
18,CULIAT,Brgy. Culiat,Medium,75,68,265,68,0,2,200000000.0
18,DAMAR,Brgy. Damar,Low,138,1,104,1,137,103,-24.82
18,DAMAYAN,Brgy. Damayan,Medium,183,7,188,7,25,25,0.0
18,DAMAYANG_LAGI,Brgy. Damayang Lagi,Medium,88,20,130,20,3,5,66.67
18,DEL_MONTE,Brgy. Del Monte,Low,175,6,91,6,28,14,-50.0
18,DIOQUINO_ZOBEL,Brgy. Dioquino Zobel,None,0,0,0,0,1,1,0.0
18,DONA_AURORA,Brgy. Dona Aurora,None,0,0,0,0,1,1,0.0
18,DONA_IMELDA,Brgy. Dona Imelda,Low,248,6,158,6,40,25,-37.5
18,DONA_JOSEFA,Brgy. Dona Josefa,None,0,0,0,0,1,1,0.0
18,DON_MANUEL,Brgy. Don Manuel,Low,77,1,129,1,76,128,68.42
18,DUYAN_DUYAN,Brgy. Duyan-Duyan,None,0,0,0,0,1,1,0.0
18,EAST_KAMIAS,Brgy. East Kamias,Medium,239,7,190,7,33,26,-21.21
18,ESCOBA_1,Brgy. Escopa 1,None,0,0,0,0,1,1,0.0
18,ESCOBA_2,Brgy. Escopa 2,None,0,0,0,0,1,1,0.0
18,ESCOBA_3,Brgy. Escopa 3,None,0,0,0,0,1,1,0.0
18,ESCOBA_4,Brgy. Escopa 4,None,0,0,0,0,1,1,0.0
18,E_RODRIGUEZ,Brgy. E. Rodriguez,Medium,213,18,306,18,10,16,60.0
18,FAIRVIEW,Brgy. Fairview,Medium,563,62,240,62,8,2,-75.0
18,GREATER_LAGRO,Brgy. Greater Lagro,Medium,153,24,343,24,5,13,160.0
18,GULOD,Brgy. Gulod,Medium,347,63,128,63,4,1,-75.0
18,HOLY_SPIRIT,Brgy. Holy Spirit,Low,277,56,429,56,3,6,100.0
18,HORSESHOE,Brgy. Horseshoe,Low,145,2,122,2,71,60,-15.49
18,IMMACULATE_CONCEPTION,Brgy. Immaculate Conception,Medium,274,9,84,9,29,8,-72.41
18,KALIGAYAHAN,Brgy. Kaligayahan,Medium,403,61,231,61,5,2,-60.0
18,KALUSUGAN,Brgy. Kalusugan,Medium,179,5,233,5,34,45,32.35
18,KAMUNING,Brgy. Kamuning,Medium,37,15,317,15,1,20,1900.0
18,KATIPUNAN,Brgy. Katipunan,Medium,210,11,59,11,18,4,-77.78
18,KAUNLARAN,Brgy. Kaunlaran,None,0,0,0,0,1,1,0.0
18,KRISTONG_HARI,Brgy. Kristong Hari,Medium,208,7,154,7,28,21,-25.0
18,KRUS_NA_LIGAS,Brgy. Krus na Ligas,Low,51,11,231,11,3,20,566.67
18,LAGING_HANDA,Brgy. Laging Handa,Low,183,3,188,3,60,61,1.67
18,LIBIS,Brgy. Libis,Medium,165,5,104,5,32,19,-40.62
18,LOURDES,Brgy. Lourdes,Low,58,3,226,3,18,74,311.11
18,LOYOLA_HEIGHTS,Brgy. Loyola Heights,Low,343,11,264,11,30,23,-23.33
18,MAHARLIKA,Brgy. Maharlika,Low,219,3,176,3,72,57,-20.83
18,MALAYA,Brgy. Malaya,None,0,0,0,0,1,1,0.0
18,MANGGA,Brgy. Mangga,Low,200,6,131,6,32,20,-37.5
18,MANRESA,Brgy. Manresa,Low,128,9,367,9,13,39,200.0
18,MARIANA,Brgy. Mariana,Low,86,6,147,6,13,23,76.92
18,MARIBLO,Brgy. Mariblo,Low,95,2,87,2,46,42,-8.7
18,MARILAG,Brgy. Marilag,Low,97,7,259,7,12,36,200.0
18,MASAGANA,Brgy. Masagana,Low,65,3,256,3,20,84,320.0
18,MASAMBONG,Brgy. Masambong,Low,233,5,237,5,45,46,2.22
18,MATANDANG_BALARA,Brgy. Matandang Balara,Medium,163,70,268,70,1,2,100.0
18,MILAGROSA,Brgy. Milagrosa,Low,143,4,29,4,34,6,-82.35
18,NAGKAISANG_NAYON,Brgy. Nagkaisang Nayon,Medium,154,54,466,54,1,7,600.0
18,NAYONG_KANLURAN,Brgy. Nayong Kanluran,Medium,208,3,238,3,68,78,14.71
18,NEW_ERA,Brgy. New Era,Low,74,8,86,8,8,9,12.5
18,NORTH_FAIRVIEW,Brgy. North Fairview,Medium,421,45,165,45,8,2,-75.0
18,NOVALICHES_PROPER,Brgy. Novaliches Proper,Medium,89,16,277,16,4,16,300.0
18,NS_AMORANTO,Brgy. N. S. Amoranto,Medium,66,6,125,6,10,19,90.0
18,OBRERO,Brgy. Obrero,Low,148,5,15,5,28,2,-92.86
18,OLD_CAPITOL_SITE,Brgy. Old Capitol Site,Medium,218,2,168,2,108,83,-23.15
18,PAANG_BUNDOK,Brgy. Paang Bundok,None,0,0,0,0,1,1,0.0
18,PAG_IBIG_SA_NAYON,Brgy. Pag-Ibig sa Nayon,Medium,138,6,228,6,22,37,68.18
18,PALIGSAHAN,Brgy. Paligsahan,Low,145,2,31,2,71,14,-80.28
18,PALTOK,Brgy. Paltok,Medium,301,19,140,19,14,6,-57.14
18,PANSOL,Brgy. Pansol,Medium,220,36,267,36,5,6,20.0
18,PARAISO,Brgy. Paraiso,Low,132,2,174,2,65,86,32.31
18,PASONG_PUTIK_PROPER,Brgy. Pasong Putik Proper,Medium,470,40,453,40,10,10,0.0
18,PASONG_TAMO,Brgy. Pasong Tamo,Medium,263,111,558,111,1,4,300.0
18,PAYATAS,Brgy. Payatas,Medium,518,140,368,140,2,1,-50.0
18,PHILAM,Brgy. Philam,Low,142,2,59,2,70,28,-60.0
18,PINAGKAISAHAN,Brgy. Pinagkaisahan,Low,176,3,122,3,57,39,-31.58
18,PINYAHAN,Brgy. Pinyahan,Low,257,11,212,11,22,18,-18.18
18,PROJECT_6,Brgy. Project 6,Low,239,6,84,6,38,13,-65.79
18,QUIRINO_2A,Brgy. Quirino 2-A,Medium,223,5,109,5,43,20,-53.49
18,QUIRINO_2B,Brgy. Quirino 2-B,Medium,93,4,178,4,22,43,95.45
18,QUIRINO_2C,Brgy. Quirino 2-C,Medium,68,4,120,4,16,29,81.25
18,QUIRINO_3A,Brgy. Quirino 3-A,Medium,128,2,137,2,63,67,6.35
18,QUIRINO_3B,Brgy. Quirino 3-B,Medium,62,4,218,4,14,53,278.57
18,RAMON_MAGSAYSAY,Brgy. Ramon Magsaysay,Medium,135,15,134,15,8,7,-12.5
18,ROXAS,Brgy. Roxas,Low,181,6,253,6,29,41,41.38
18,SACRED_HEART,Brgy. Sacred Heart,None,0,0,0,0,1,1,0.0
18,SAINT_IGNATIUS,Brgy. Saint Ignatius,Low,102,2,27,2,50,12,-76.0
18,SAINT_PETER,Brgy. Saint Peter,Low,100,3,192,3,32,63,96.87
18,SALVACION,Brgy. Salvacion,None,0,0,0,0,1,1,0.0
18,SANGANDAAN,Brgy. Sangandaan,Medium,340,22,138,22,14,5,-64.29
18,SANTOL,Brgy. Santol,Low,95,4,121,4,22,29,31.82
18,SAN_AGUSTIN,Brgy. San Agustin,Low,224,13,228,13,16,16,0.0
18,SAN_ANTONIO,Brgy. San Antonio,Medium,335,23,412,23,13,16,23.08
18,SAN_BARTOLOME,Brgy. San Bartolome,Medium,233,52,214,52,3,3,0.0
18,SAN_ISIDRO,Brgy. San Isidro,Low,187,4,108,4,45,26,-42.22
18,SAN_ISIDRO_LABRADOR,Brgy. San Isidro Labrador,Low,182,4,58,4,44,13,-70.45
18,SAN_JOSE,Brgy. San Jose,None,0,0,0,0,1,1,0.0
18,SAN_MARTIN_DE_PORRES,Brgy. San Martin de Porres,Low,190,6,125,6,30,19,-36.67
18,SAN_ROQUE,Brgy. San Roque,None,0,0,0,0,1,1,0.0
18,SAN_VICENTE,Brgy. San Vicente,Low,186,4,205,4,45,50,11.11
18,SAUYO,Brgy. Sauyo,Medium,256,77,788,77,2,9,350.0
18,SIENA,Brgy. Siena,Medium,28,3,177,3,8,58,625.0
18,SIKATUNA_VILLAGE,Brgy. Sikatuna Village,Low,103,4,125,4,24,30,25.0
18,SILANGAN,Brgy. Silangan,Medium,245,5,204,5,48,39,-18.75
18,SOCORRO,Brgy. Socorro,Medium,217,23,163,23,8,6,-25.0
18,SOUTH_TRIANGLE,Brgy. South Triangle,Medium,194,15,77,15,11,4,-63.64
18,STA_CRUZ,Brgy. Sta. Cruz,Low,63,2,123,2,30,60,100.0
18,STA_LUCIA,Brgy. Sta. Lucia,Medium,298,29,332,29,9,10,11.11
18,STA_MONICA,Brgy. Sta. Monica,Medium,233,52,312,52,3,5,66.67
18,STA_TERESITA,Brgy. Sta. Teresita,None,0,0,0,0,1,1,0.0
18,STO_CRISTO,Brgy. Sto. Cristo,Medium,214,26,283,26,7,9,28.57
18,STO_DOMINGO,Brgy. Sto. Domingo,Low,95,6,190,6,14,30,114.29
18,STO_NINO,Brgy. Sto. Nino,None,0,0,0,0,1,1,0.0
18,TAGUMPAY,Brgy. Tagumpay,Low,163,2,119,2,80,58,-27.5
18,TALAYAN,Brgy. Talayan,Low,79,3,101,3,25,32,28.0
18,TALIPAPA,Brgy. Talipapa,Medium,263,39,163,39,5,3,-40.0
18,TANDANG_SORA,Brgy. Tandang Sora,Medium,379,84,268,84,3,2,-33.33
18,TATALON,Brgy. Tatalon,Low,645,28,308,28,22,10,-54.55
18,TEACHERS_VILLAGE_EAST,Brgy. Teachers Village East,Low,156,2,24,2,77,11,-85.71
18,TEACHERS_VILLAGE_WEST,Brgy. Teachers Village West,Low,60,2,243,2,29,120,313.79
18,UGONG_NORTE,Brgy. Ugong Norte,Low,183,4,136,4,44,33,-25.0
18,UNANG_SIGAW,Brgy. Unang Sigaw,Low,93,4,258,4,22,63,186.36
18,UP_CAMPUS,Brgy. UP Campus,Medium,90,48,268,48,0,4,400000000.0
18,UP_VILLAGE,Brgy. UP Village,Low,84,2,63,2,41,30,-26.83
18,VALENCIA,Brgy. Valencia,Low,165,6,35,6,26,4,-84.62
18,VASRA,Brgy. Vasra,Low,78,4,48,4,18,11,-38.89
18,VETERANS_VILLAGE,Brgy. Veterans Village,Medium,74,13,272,13,4,19,375.0
18,VILLA_MARIA_CLARA,Brgy. Villa Maria Clara,None,0,0,0,0,1,1,0.0
18,WEST_KAMIAS,Brgy. West Kamias,Medium,141,5,60,5,27,11,-59.26
18,WEST_TRIANGLE,Brgy. West Triangle,Medium,54,3,166,3,17,54,217.65
18,WHITE_PLAINS,Brgy. White Plains,Low,217,2,26,2,107,12,-88.79
19,ALICIA,Brgy. Alicia,Medium,60,7,172,7,7,23,228.57
19,AMIHAN,Brgy. Amihan,Medium,113,4,184,4,27,45,66.67
19,APOLONIO_SAMSON,Brgy. Apolonio Samson,Medium,117,34,106,34,2,2,0.0
19,BAESA,Brgy. Baesa,Low,389,28,519,28,12,17,41.67
19,BAGBAG,Brgy. Bagbag,Medium,182,65,290,65,1,3,200.0
19,BAGONG_LIPUNAN_NG_CRAME,Brgy. Bagong Lipunan ng Crame,Medium,271,14,195,14,18,12,-33.33
19,BAGONG_PAG_ASA,Brgy. Bagong Pag-asa,Medium,232,30,95,30,6,2,-66.67
19,BAGONG_SILANGAN,Brgy. Bagong Silangan,Low,724,54,554,54,12,9,-25.0
19,BAGUMBAYAN,Brgy. Bagumbayan,Medium,216,23,306,23,8,12,50.0
19,BAGUMBUHAY,Brgy. Bagumbuhay,Medium,152,7,189,7,20,26,30.0
19,BAHAY_TORO,Brgy. Bahay Toro,Medium,655,60,382,60,9,5,-44.44
19,BALINGASA,Brgy. Balingasa,Medium,249,20,194,20,11,8,-27.27
19,BALUMBATO,Brgy. Balumbato,Low,74,4,104,4,17,25,47.06
19,BATASAN_HILLS,Brgy. Batasan Hills,Medium,482,167,224,167,1,0,-100.0
19,BAYANIHAN,Brgy. Bayanihan,Medium,150,1,33,1,149,32,-78.52
19,BLUE_RIDGE_A,Brgy. Blue Ridge A,None,0,0,0,0,1,1,0.0
19,BLUE_RIDGE_B,Brgy. Blue Ridge B,Medium,121,2,61,2,59,29,-50.85
19,BOTOCAN,Brgy. Botocan,Low,124,4,98,4,30,23,-23.33
19,BUNGAD,Brgy. Bungad,Medium,208,8,215,8,25,25,0.0
19,CAMP_AGUINALDO,Brgy. Camp Aguinaldo,Low,178,2,194,2,88,96,9.09
19,CAPRI,Brgy. Capri,Low,118,7,197,7,15,27,80.0
19,CENTRAL,Brgy. Central,Medium,247,20,242,20,11,11,0.0
19,COMMONWEALTH,Brgy. Commonwealth,Medium,377,214,460,214,0,1,100000000.0
19,CULIAT,Brgy. Culiat,Medium,263,68,499,68,2,6,200.0
19,DAMAR,Brgy. Damar,Low,166,1,158,1,165,157,-4.85
19,DAMAYAN,Brgy. Damayan,Medium,108,7,198,7,14,27,92.86
19,DAMAYANG_LAGI,Brgy. Damayang Lagi,Medium,147,20,152,20,6,6,0.0
19,DEL_MONTE,Brgy. Del Monte,Medium,171,11,93,11,14,7,-50.0
19,DIOQUINO_ZOBEL,Brgy. Dioquino Zobel,None,0,0,0,0,1,1,0.0
19,DONA_AURORA,Brgy. Dona Aurora,None,0,0,0,0,1,1,0.0
19,DONA_IMELDA,Brgy. Dona Imelda,Medium,279,12,252,12,22,20,-9.09
19,DONA_JOSEFA,Brgy. Dona Josefa,None,0,0,0,0,1,1,0.0
19,DON_MANUEL,Brgy. Don Manuel,Low,146,1,75,1,145,74,-48.97
19,DUYAN_DUYAN,Brgy. Duyan-Duyan,Low,100,1,131,1,99,130,31.31
19,EAST_KAMIAS,Brgy. East Kamias,Medium,195,7,97,7,26,12,-53.85
19,ESCOBA_1,Brgy. Escopa 1,None,0,0,0,0,1,1,0.0
19,ESCOBA_2,Brgy. Escopa 2,None,0,0,0,0,1,1,0.0
19,ESCOBA_3,Brgy. Escopa 3,None,0,0,0,0,1,1,0.0
19,ESCOBA_4,Brgy. Escopa 4,None,0,0,0,0,1,1,0.0
19,E_RODRIGUEZ,Brgy. E. Rodriguez,Medium,129,18,224,18,6,11,83.33
19,FAIRVIEW,Brgy. Fairview,Medium,589,62,549,62,8,7,-12.5
19,GREATER_LAGRO,Brgy. Greater Lagro,Low,129,12,217,12,9,17,88.89
19,GULOD,Brgy. Gulod,Medium,523,63,321,63,7,4,-42.86
19,HOLY_SPIRIT,Brgy. Holy Spirit,None,0,0,0,0,1,1,0.0
19,HORSESHOE,Brgy. Horseshoe,Medium,172,3,162,3,56,53,-5.36
19,IMMACULATE_CONCEPTION,Brgy. Immaculate Conception,Medium,55,9,47,9,5,4,-20.0
19,KALIGAYAHAN,Brgy. Kaligayahan,Low,181,31,390,31,4,11,175.0
19,KALUSUGAN,Brgy. Kalusugan,Medium,102,5,68,5,19,12,-36.84
19,KAMUNING,Brgy. Kamuning,Medium,170,15,160,15,10,9,-10.0
19,KATIPUNAN,Brgy. Katipunan,Medium,133,11,69,11,11,5,-54.55
19,KAUNLARAN,Brgy. Kaunlaran,None,0,0,0,0,1,1,0.0
19,KRISTONG_HARI,Brgy. Kristong Hari,Medium,40,7,123,7,4,16,300.0
19,KRUS_NA_LIGAS,Brgy. Krus na Ligas,Low,155,11,171,11,13,14,7.69
19,LAGING_HANDA,Brgy. Laging Handa,Low,82,3,103,3,26,33,26.92
19,LIBIS,Brgy. Libis,Medium,186,5,150,5,36,29,-19.44
19,LOURDES,Brgy. Lourdes,Medium,71,5,194,5,13,37,184.62
19,LOYOLA_HEIGHTS,Brgy. Loyola Heights,Low,183,11,149,11,15,12,-20.0
19,MAHARLIKA,Brgy. Maharlika,Medium,63,5,68,5,11,12,9.09
19,MALAYA,Brgy. Malaya,None,0,0,0,0,1,1,0.0
19,MANGGA,Brgy. Mangga,Low,182,6,68,6,29,10,-65.52
19,MANRESA,Brgy. Manresa,Medium,249,18,246,18,12,12,0.0
19,MARIANA,Brgy. Mariana,Medium,96,12,100,12,7,7,0.0
19,MARIBLO,Brgy. Mariblo,Medium,46,4,110,4,10,26,160.0
19,MARILAG,Brgy. Marilag,Low,166,7,125,7,22,16,-27.27
19,MASAGANA,Brgy. Masagana,Low,94,3,147,3,30,48,60.0
19,MASAMBONG,Brgy. Masambong,Medium,166,9,118,9,17,12,-29.41
19,MATANDANG_BALARA,Brgy. Matandang Balara,Medium,402,70,472,70,4,5,25.0
19,MILAGROSA,Brgy. Milagrosa,Low,110,4,195,4,26,47,80.77
19,NAGKAISANG_NAYON,Brgy. Nagkaisang Nayon,Medium,319,54,84,54,4,0,-100.0
19,NAYONG_KANLURAN,Brgy. Nayong Kanluran,Medium,146,3,98,3,47,31,-34.04
19,NEW_ERA,Brgy. New Era,Low,152,8,131,8,18,15,-16.67
19,NORTH_FAIRVIEW,Brgy. North Fairview,Low,272,23,232,23,10,9,-10.0
19,NOVALICHES_PROPER,Brgy. Novaliches Proper,Medium,250,16,277,16,14,16,14.29
19,NS_AMORANTO,Brgy. N. S. Amoranto,Medium,13,6,83,6,1,12,1100.0
19,OBRERO,Brgy. Obrero,Medium,223,10,96,10,21,8,-61.9
19,OLD_CAPITOL_SITE,Brgy. Old Capitol Site,Medium,44,2,50,2,21,24,14.29
19,PAANG_BUNDOK,Brgy. Paang Bundok,Low,168,3,174,3,55,57,3.64
19,PAG_IBIG_SA_NAYON,Brgy. Pag-Ibig sa Nayon,Medium,17,6,209,6,1,33,3200.0
19,PALIGSAHAN,Brgy. Paligsahan,Low,120,2,152,2,59,75,27.12
19,PALTOK,Brgy. Paltok,Medium,229,19,220,19,11,10,-9.09
19,PANSOL,Brgy. Pansol,Medium,209,36,403,36,4,10,150.0
19,PARAISO,Brgy. Paraiso,Medium,168,4,130,4,41,31,-24.39
19,PASONG_PUTIK_PROPER,Brgy. Pasong Putik Proper,Low,266,20,308,20,12,14,16.67
19,PASONG_TAMO,Brgy. Pasong Tamo,Medium,139,111,305,111,0,1,100000000.0
19,PAYATAS,Brgy. Payatas,Low,672,70,533,70,8,6,-25.0
19,PHILAM,Brgy. Philam,Low,128,2,84,2,63,41,-34.92
19,PINAGKAISAHAN,Brgy. Pinagkaisahan,Medium,192,5,212,5,37,41,10.81
19,PINYAHAN,Brgy. Pinyahan,Medium,122,22,308,22,4,13,225.0
19,PROJECT_6,Brgy. Project 6,Low,147,6,82,6,23,12,-47.83
19,QUIRINO_2A,Brgy. Quirino 2-A,Medium,175,5,154,5,34,29,-14.71
19,QUIRINO_2B,Brgy. Quirino 2-B,Medium,126,4,84,4,30,20,-33.33
19,QUIRINO_2C,Brgy. Quirino 2-C,Medium,84,4,108,4,20,26,30.0
19,QUIRINO_3A,Brgy. Quirino 3-A,Medium,107,2,103,2,52,50,-3.85
19,QUIRINO_3B,Brgy. Quirino 3-B,Medium,133,4,151,4,32,36,12.5
19,RAMON_MAGSAYSAY,Brgy. Ramon Magsaysay,Medium,27,15,263,15,0,16,1600000000.0
19,ROXAS,Brgy. Roxas,Medium,92,11,216,11,7,18,157.14
19,SACRED_HEART,Brgy. Sacred Heart,Low,200,4,98,4,49,23,-53.06
19,SAINT_IGNATIUS,Brgy. Saint Ignatius,Low,141,2,170,2,69,84,21.74
19,SAINT_PETER,Brgy. Saint Peter,Medium,103,5,115,5,19,22,15.79
19,SALVACION,Brgy. Salvacion,Low,186,4,204,4,45,50,11.11
19,SANGANDAAN,Brgy. Sangandaan,Low,68,11,267,11,5,23,360.0
19,SANTOL,Brgy. Santol,Low,211,4,165,4,51,40,-21.57
19,SAN_AGUSTIN,Brgy. San Agustin,Low,215,13,154,13,15,10,-33.33
19,SAN_ANTONIO,Brgy. San Antonio,Medium,232,23,369,23,9,15,66.67
19,SAN_BARTOLOME,Brgy. San Bartolome,Medium,374,52,319,52,6,5,-16.67
19,SAN_ISIDRO,Brgy. San Isidro,Low,133,4,85,4,32,20,-37.5
19,SAN_ISIDRO_LABRADOR,Brgy. San Isidro Labrador,Low,181,4,160,4,44,39,-11.36
19,SAN_JOSE,Brgy. San Jose,None,0,0,0,0,1,1,0.0
19,SAN_MARTIN_DE_PORRES,Brgy. San Martin de Porres,Medium,237,12,148,12,18,11,-38.89
19,SAN_ROQUE,Brgy. San Roque,Low,312,10,287,10,30,27,-10.0
19,SAN_VICENTE,Brgy. San Vicente,Low,192,4,30,4,47,6,-87.23
19,SAUYO,Brgy. Sauyo,Medium,381,77,44,77,3,0,-100.0
19,SIENA,Brgy. Siena,Medium,107,3,119,3,34,38,11.76
19,SIKATUNA_VILLAGE,Brgy. Sikatuna Village,Low,40,4,138,4,9,33,266.67
19,SILANGAN,Brgy. Silangan,Medium,206,5,110,5,40,21,-47.5
19,SOCORRO,Brgy. Socorro,Medium,214,23,174,23,8,6,-25.0
19,SOUTH_TRIANGLE,Brgy. South Triangle,Medium,246,15,270,15,15,17,13.33
19,STA_CRUZ,Brgy. Sta. Cruz,Medium,178,4,186,4,43,45,4.65
19,STA_LUCIA,Brgy. Sta. Lucia,Medium,193,29,120,29,5,3,-40.0
19,STA_MONICA,Brgy. Sta. Monica,Low,442,26,436,26,16,15,-6.25
19,STA_TERESITA,Brgy. Sta. Teresita,None,0,0,0,0,1,1,0.0
19,STO_CRISTO,Brgy. Sto. Cristo,Medium,116,26,122,26,3,3,0.0
19,STO_DOMINGO,Brgy. Sto. Domingo,Medium,229,12,203,12,18,15,-16.67
19,STO_NINO,Brgy. Sto. Nino,None,0,0,0,0,1,1,0.0
19,TAGUMPAY,Brgy. Tagumpay,Medium,143,3,117,3,46,38,-17.39
19,TALAYAN,Brgy. Talayan,Medium,166,5,58,5,32,10,-68.75
19,TALIPAPA,Brgy. Talipapa,Medium,363,39,242,39,8,5,-37.5
19,TANDANG_SORA,Brgy. Tandang Sora,Medium,231,84,578,84,1,5,400.0
19,TATALON,Brgy. Tatalon,Medium,325,56,533,56,4,8,100.0
19,TEACHERS_VILLAGE_EAST,Brgy. Teachers Village East,Low,116,2,130,2,57,64,12.28
19,TEACHERS_VILLAGE_WEST,Brgy. Teachers Village West,Low,41,2,153,2,19,75,294.74
19,UGONG_NORTE,Brgy. Ugong Norte,Medium,80,7,189,7,10,26,160.0
19,UNANG_SIGAW,Brgy. Unang Sigaw,Low,192,4,131,4,47,31,-34.04
19,UP_CAMPUS,Brgy. UP Campus,Medium,365,48,222,48,6,3,-50.0
19,UP_VILLAGE,Brgy. UP Village,Low,218,2,95,2,108,46,-57.41
19,VALENCIA,Brgy. Valencia,Medium,143,11,224,11,12,19,58.33
19,VASRA,Brgy. Vasra,Medium,90,8,72,8,10,8,-20.0
19,VETERANS_VILLAGE,Brgy. Veterans Village,Medium,124,13,210,13,8,15,87.5
19,VILLA_MARIA_CLARA,Brgy. Villa Maria Clara,Low,190,2,153,2,94,75,-20.21
19,WEST_KAMIAS,Brgy. West Kamias,Medium,131,5,125,5,25,24,-4.0
19,WEST_TRIANGLE,Brgy. West Triangle,Medium,170,3,100,3,55,32,-41.82
19,WHITE_PLAINS,Brgy. White Plains,Medium,177,4,140,4,43,34,-20.93
20,ALICIA,Brgy. Alicia,Medium,106,7,72,7,14,9,-35.71
20,AMIHAN,Brgy. Amihan,Medium,125,4,155,4,30,37,23.33
20,APOLONIO_SAMSON,Brgy. Apolonio Samson,Medium,153,34,223,34,3,5,66.67
20,BAESA,Brgy. Baesa,Low,529,28,440,28,17,14,-17.65
20,BAGBAG,Brgy. Bagbag,Medium,238,65,520,65,2,7,250.0
20,BAGONG_LIPUNAN_NG_CRAME,Brgy. Bagong Lipunan ng Crame,Medium,165,14,267,14,10,18,80.0
20,BAGONG_PAG_ASA,Brgy. Bagong Pag-asa,Medium,254,30,147,30,7,3,-57.14
20,BAGONG_SILANGAN,Brgy. Bagong Silangan,Medium,494,107,260,107,3,1,-66.67
20,BAGUMBAYAN,Brgy. Bagumbayan,Medium,233,23,286,23,9,11,22.22
20,BAGUMBUHAY,Brgy. Bagumbuhay,Medium,88,7,179,7,11,24,118.18
20,BAHAY_TORO,Brgy. Bahay Toro,Medium,470,60,553,60,6,8,33.33
20,BALINGASA,Brgy. Balingasa,Medium,77,20,325,20,2,15,650.0
20,BALUMBATO,Brgy. Balumbato,Low,194,4,167,4,47,40,-14.89
20,BATASAN_HILLS,Brgy. Batasan Hills,Medium,87,167,383,167,0,1,100000000.0
20,BAYANIHAN,Brgy. Bayanihan,Medium,45,1,117,1,44,116,163.64
20,BLUE_RIDGE_A,Brgy. Blue Ridge A,None,0,0,0,0,1,1,0.0
20,BLUE_RIDGE_B,Brgy. Blue Ridge B,Medium,81,2,156,2,39,77,97.44
20,BOTOCAN,Brgy. Botocan,Low,154,4,226,4,37,55,48.65
20,BUNGAD,Brgy. Bungad,Medium,69,8,52,8,7,5,-28.57
20,CAMP_AGUINALDO,Brgy. Camp Aguinaldo,Low,138,2,87,2,68,42,-38.24
20,CAPRI,Brgy. Capri,Medium,101,13,80,13,6,5,-16.67
20,CENTRAL,Brgy. Central,Medium,311,20,325,20,14,15,7.14
20,COMMONWEALTH,Brgy. Commonwealth,Medium,755,214,502,214,2,1,-50.0
20,CULIAT,Brgy. Culiat,Medium,124,68,496,68,0,6,600000000.0
20,DAMAR,Brgy. Damar,Low,69,1,124,1,68,123,80.88
20,DAMAYAN,Brgy. Damayan,Medium,118,7,140,7,15,19,26.67
20,DAMAYANG_LAGI,Brgy. Damayang Lagi,Medium,258,20,288,20,11,13,18.18
20,DEL_MONTE,Brgy. Del Monte,Medium,196,11,281,11,16,24,50.0
20,DIOQUINO_ZOBEL,Brgy. Dioquino Zobel,None,0,0,0,0,1,1,0.0
20,DONA_AURORA,Brgy. Dona Aurora,None,0,0,0,0,1,1,0.0
20,DONA_IMELDA,Brgy. Dona Imelda,Medium,174,12,222,12,13,17,30.77
20,DONA_JOSEFA,Brgy. Dona Josefa,Low,29,1,125,1,28,124,342.86
20,DON_MANUEL,Brgy. Don Manuel,Low,189,1,58,1,188,57,-69.68
20,DUYAN_DUYAN,Brgy. Duyan-Duyan,Low,111,1,74,1,110,73,-33.64
20,EAST_KAMIAS,Brgy. East Kamias,Medium,83,7,204,7,10,28,180.0
20,ESCOBA_1,Brgy. Escopa 1,None,0,0,0,0,1,1,0.0
20,ESCOBA_2,Brgy. Escopa 2,None,0,0,0,0,1,1,0.0
20,ESCOBA_3,Brgy. Escopa 3,None,0,0,0,0,1,1,0.0
20,ESCOBA_4,Brgy. Escopa 4,None,0,0,0,0,1,1,0.0
20,E_RODRIGUEZ,Brgy. E. Rodriguez,Medium,224,18,336,18,11,17,54.55
20,FAIRVIEW,Brgy. Fairview,Medium,302,62,249,62,3,3,0.0
20,GREATER_LAGRO,Brgy. Greater Lagro,Medium,224,24,122,24,8,4,-50.0
20,GULOD,Brgy. Gulod,Medium,267,63,148,63,3,1,-66.67
20,HOLY_SPIRIT,Brgy. Holy Spirit,Low,389,56,510,56,5,8,60.0
20,HORSESHOE,Brgy. Horseshoe,Medium,173,3,200,3,56,65,16.07
20,IMMACULATE_CONCEPTION,Brgy. Immaculate Conception,Medium,40,9,170,9,3,17,466.67
20,KALIGAYAHAN,Brgy. Kaligayahan,Low,360,31,235,31,10,6,-40.0
20,KALUSUGAN,Brgy. Kalusugan,Medium,223,5,72,5,43,13,-69.77
20,KAMUNING,Brgy. Kamuning,Medium,269,15,167,15,16,10,-37.5
20,KATIPUNAN,Brgy. Katipunan,Medium,155,11,133,11,13,11,-15.38
20,KAUNLARAN,Brgy. Kaunlaran,None,0,0,0,0,1,1,0.0
20,KRISTONG_HARI,Brgy. Kristong Hari,Medium,91,7,101,7,12,13,8.33
20,KRUS_NA_LIGAS,Brgy. Krus na Ligas,Low,178,11,138,11,15,11,-26.67
20,LAGING_HANDA,Brgy. Laging Handa,Low,157,3,109,3,51,35,-31.37
20,LIBIS,Brgy. Libis,Medium,21,5,94,5,3,17,466.67
20,LOURDES,Brgy. Lourdes,Medium,191,5,77,5,37,14,-62.16
20,LOYOLA_HEIGHTS,Brgy. Loyola Heights,Low,327,11,102,11,28,8,-71.43
20,MAHARLIKA,Brgy. Maharlika,Medium,82,5,115,5,15,22,46.67
20,MALAYA,Brgy. Malaya,None,0,0,0,0,1,1,0.0
20,MANGGA,Brgy. Mangga,Low,181,6,64,6,29,9,-68.97
20,MANRESA,Brgy. Manresa,Medium,286,18,26,18,14,0,-100.0
20,MARIANA,Brgy. Mariana,Medium,249,12,259,12,19,20,5.26
20,MARIBLO,Brgy. Mariblo,Medium,88,4,74,4,21,17,-19.05
20,MARILAG,Brgy. Marilag,Low,74,7,62,7,9,7,-22.22
20,MASAGANA,Brgy. Masagana,Low,59,3,157,3,18,51,183.33
20,MASAMBONG,Brgy. Masambong,Medium,205,9,219,9,21,23,9.52
20,MATANDANG_BALARA,Brgy. Matandang Balara,Medium,782,70,297,70,10,3,-70.0
20,MILAGROSA,Brgy. Milagrosa,Low,167,4,63,4,40,14,-65.0
20,NAGKAISANG_NAYON,Brgy. Nagkaisang Nayon,Medium,56,54,225,54,0,3,300000000.0
20,NAYONG_KANLURAN,Brgy. Nayong Kanluran,Medium,116,3,93,3,37,30,-18.92
20,NEW_ERA,Brgy. New Era,Medium,174,15,86,15,10,4,-60.0
20,NORTH_FAIRVIEW,Brgy. North Fairview,Low,323,23,305,23,13,12,-7.69
20,NOVALICHES_PROPER,Brgy. Novaliches Proper,Medium,284,16,143,16,16,7,-56.25
20,NS_AMORANTO,Brgy. N. S. Amoranto,Medium,230,6,233,6,37,37,0.0
20,OBRERO,Brgy. Obrero,Medium,234,10,155,10,22,14,-36.36
20,OLD_CAPITOL_SITE,Brgy. Old Capitol Site,Medium,117,2,97,2,57,47,-17.54
20,PAANG_BUNDOK,Brgy. Paang Bundok,Low,176,3,122,3,57,39,-31.58
20,PAG_IBIG_SA_NAYON,Brgy. Pag-Ibig sa Nayon,Medium,155,6,203,6,24,32,33.33
20,PALIGSAHAN,Brgy. Paligsahan,Medium,136,4,113,4,33,27,-18.18
20,PALTOK,Brgy. Paltok,Medium,174,19,238,19,8,11,37.5
20,PANSOL,Brgy. Pansol,Medium,300,36,155,36,7,3,-57.14
20,PARAISO,Brgy. Paraiso,Medium,26,4,149,4,5,36,620.0
20,PASONG_PUTIK_PROPER,Brgy. Pasong Putik Proper,Low,239,20,418,20,10,19,90.0
20,PASONG_TAMO,Brgy. Pasong Tamo,Medium,386,111,674,111,2,5,150.0
20,PAYATAS,Brgy. Payatas,Medium,79,140,69,140,0,0,0.0
20,PHILAM,Brgy. Philam,Low,88,2,55,2,43,26,-39.53
20,PINAGKAISAHAN,Brgy. Pinagkaisahan,Medium,168,5,130,5,32,25,-21.87
20,PINYAHAN,Brgy. Pinyahan,Medium,128,22,220,22,4,9,125.0
20,PROJECT_6,Brgy. Project 6,Medium,257,12,275,12,20,21,5.0
20,QUIRINO_2A,Brgy. Quirino 2-A,Medium,171,5,95,5,33,18,-45.45
20,QUIRINO_2B,Brgy. Quirino 2-B,Medium,121,4,44,4,29,10,-65.52
20,QUIRINO_2C,Brgy. Quirino 2-C,Medium,70,4,117,4,16,28,75.0
20,QUIRINO_3A,Brgy. Quirino 3-A,Medium,74,2,54,2,36,26,-27.78
20,QUIRINO_3B,Brgy. Quirino 3-B,Medium,62,4,117,4,14,28,100.0
20,RAMON_MAGSAYSAY,Brgy. Ramon Magsaysay,Medium,59,15,80,15,2,4,100.0
20,ROXAS,Brgy. Roxas,Medium,72,11,169,11,5,14,180.0
20,SACRED_HEART,Brgy. Sacred Heart,Low,98,4,180,4,23,44,91.3
20,SAINT_IGNATIUS,Brgy. Saint Ignatius,Low,73,2,154,2,35,76,117.14
20,SAINT_PETER,Brgy. Saint Peter,Medium,31,5,131,5,5,25,400.0
20,SALVACION,Brgy. Salvacion,Low,130,4,68,4,31,16,-48.39
20,SANGANDAAN,Brgy. Sangandaan,Medium,320,22,252,22,13,10,-23.08
20,SANTOL,Brgy. Santol,Medium,204,7,240,7,28,33,17.86
20,SAN_AGUSTIN,Brgy. San Agustin,Low,352,13,286,13,26,21,-19.23
20,SAN_ANTONIO,Brgy. San Antonio,Medium,276,23,355,23,11,14,27.27
20,SAN_BARTOLOME,Brgy. San Bartolome,Medium,456,52,346,52,7,5,-28.57
20,SAN_ISIDRO,Brgy. San Isidro,Low,130,4,157,4,31,38,22.58
20,SAN_ISIDRO_LABRADOR,Brgy. San Isidro Labrador,Low,165,4,227,4,40,55,37.5
20,SAN_JOSE,Brgy. San Jose,None,0,0,0,0,1,1,0.0
20,SAN_MARTIN_DE_PORRES,Brgy. San Martin de Porres,Medium,92,12,202,12,6,15,150.0
20,SAN_ROQUE,Brgy. San Roque,Low,194,10,300,10,18,29,61.11
20,SAN_VICENTE,Brgy. San Vicente,Medium,176,8,85,8,21,9,-57.14
20,SAUYO,Brgy. Sauyo,Medium,282,77,173,77,2,1,-50.0
20,SIENA,Brgy. Siena,Medium,56,3,43,3,17,13,-23.53
20,SIKATUNA_VILLAGE,Brgy. Sikatuna Village,Low,138,4,123,4,33,29,-12.12
20,SILANGAN,Brgy. Silangan,High,189,10,210,10,17,20,17.65
20,SOCORRO,Brgy. Socorro,Medium,170,23,72,23,6,2,-66.67
20,SOUTH_TRIANGLE,Brgy. South Triangle,Medium,327,15,155,15,20,9,-55.0
20,STA_CRUZ,Brgy. Sta. Cruz,Medium,96,4,140,4,23,34,47.83
20,STA_LUCIA,Brgy. Sta. Lucia,Medium,226,29,237,29,6,7,16.67
20,STA_MONICA,Brgy. Sta. Monica,Medium,346,52,283,52,5,4,-20.0
20,STA_TERESITA,Brgy. Sta. Teresita,Low,214,6,62,6,34,9,-73.53
20,STO_CRISTO,Brgy. Sto. Cristo,Medium,210,26,152,26,7,4,-42.86
20,STO_DOMINGO,Brgy. Sto. Domingo,Medium,191,12,201,12,14,15,7.14
20,STO_NINO,Brgy. Sto. Nino,None,0,0,0,0,1,1,0.0
20,TAGUMPAY,Brgy. Tagumpay,Medium,123,3,70,3,40,22,-45.0
20,TALAYAN,Brgy. Talayan,Medium,221,5,149,5,43,28,-34.88
20,TALIPAPA,Brgy. Talipapa,Medium,293,39,403,39,6,9,50.0
20,TANDANG_SORA,Brgy. Tandang Sora,Medium,176,84,567,84,1,5,400.0
20,TATALON,Brgy. Tatalon,Medium,408,56,42,56,6,0,-100.0
20,TEACHERS_VILLAGE_EAST,Brgy. Teachers Village East,Low,91,2,196,2,44,97,120.45
20,TEACHERS_VILLAGE_WEST,Brgy. Teachers Village West,Low,104,2,59,2,51,28,-45.1
20,UGONG_NORTE,Brgy. Ugong Norte,Medium,180,7,218,7,24,30,25.0
20,UNANG_SIGAW,Brgy. Unang Sigaw,Low,82,4,187,4,19,45,136.84
20,UP_CAMPUS,Brgy. UP Campus,Medium,265,48,122,48,4,1,-75.0
20,UP_VILLAGE,Brgy. UP Village,Low,210,2,104,2,104,51,-50.96
20,VALENCIA,Brgy. Valencia,Medium,177,11,293,11,15,25,66.67
20,VASRA,Brgy. Vasra,Medium,150,8,162,8,17,19,11.76
20,VETERANS_VILLAGE,Brgy. Veterans Village,Medium,84,13,214,13,5,15,200.0
20,VILLA_MARIA_CLARA,Brgy. Villa Maria Clara,Low,59,2,72,2,28,35,25.0
20,WEST_KAMIAS,Brgy. West Kamias,Medium,199,5,193,5,38,37,-2.63
20,WEST_TRIANGLE,Brgy. West Triangle,Medium,112,3,46,3,36,14,-61.11
20,WHITE_PLAINS,Brgy. White Plains,Medium,97,4,32,4,23,7,-69.57
21,ALICIA,Brgy. Alicia,Medium,168,7,131,7,23,17,-26.09
21,AMIHAN,Brgy. Amihan,Medium,146,4,175,4,35,42,20.0
21,APOLONIO_SAMSON,Brgy. Apolonio Samson,Medium,165,34,354,34,3,9,200.0
21,BAESA,Brgy. Baesa,Low,493,28,59,28,16,1,-93.75
21,BAGBAG,Brgy. Bagbag,Medium,403,65,335,65,5,4,-20.0
21,BAGONG_LIPUNAN_NG_CRAME,Brgy. Bagong Lipunan ng Crame,Medium,204,14,267,14,13,18,38.46
21,BAGONG_PAG_ASA,Brgy. Bagong Pag-asa,Medium,213,30,66,30,6,1,-83.33
21,BAGONG_SILANGAN,Brgy. Bagong Silangan,Medium,352,107,133,107,2,0,-100.0
21,BAGUMBAYAN,Brgy. Bagumbayan,Medium,259,23,384,23,10,15,50.0
21,BAGUMBUHAY,Brgy. Bagumbuhay,Medium,173,7,182,7,23,25,8.7
21,BAHAY_TORO,Brgy. Bahay Toro,Medium,445,60,230,60,6,2,-66.67
21,BALINGASA,Brgy. Balingasa,Medium,76,20,225,20,2,10,400.0
21,BALUMBATO,Brgy. Balumbato,Low,178,4,151,4,43,36,-16.28
21,BATASAN_HILLS,Brgy. Batasan Hills,Medium,428,167,353,167,1,1,0.0
21,BAYANIHAN,Brgy. Bayanihan,Medium,98,1,140,1,97,139,43.3
21,BLUE_RIDGE_A,Brgy. Blue Ridge A,None,0,0,0,0,1,1,0.0
21,BLUE_RIDGE_B,Brgy. Blue Ridge B,Medium,157,2,83,2,77,40,-48.05
21,BOTOCAN,Brgy. Botocan,Low,65,4,55,4,15,12,-20.0
21,BUNGAD,Brgy. Bungad,Medium,185,8,198,8,22,23,4.55
21,CAMP_AGUINALDO,Brgy. Camp Aguinaldo,Low,111,2,58,2,54,28,-48.15
21,CAPRI,Brgy. Capri,Low,64,7,49,7,8,6,-25.0
21,CENTRAL,Brgy. Central,Medium,90,20,192,20,3,8,166.67
21,COMMONWEALTH,Brgy. Commonwealth,Medium,664,214,356,214,2,0,-100.0
21,CULIAT,Brgy. Culiat,Medium,245,68,593,68,2,7,250.0
21,DAMAR,Brgy. Damar,Low,57,1,154,1,56,153,173.21
21,DAMAYAN,Brgy. Damayan,Medium,59,7,125,7,7,16,128.57
21,DAMAYANG_LAGI,Brgy. Damayang Lagi,Medium,255,20,67,20,11,2,-81.82
21,DEL_MONTE,Brgy. Del Monte,Medium,170,11,136,11,14,11,-21.43
21,DIOQUINO_ZOBEL,Brgy. Dioquino Zobel,None,0,0,0,0,1,1,0.0
21,DONA_AURORA,Brgy. Dona Aurora,None,0,0,0,0,1,1,0.0
21,DONA_IMELDA,Brgy. Dona Imelda,Medium,195,12,184,12,15,14,-6.67
21,DONA_JOSEFA,Brgy. Dona Josefa,Low,90,1,104,1,89,103,15.73
21,DON_MANUEL,Brgy. Don Manuel,Low,115,1,181,1,114,180,57.89
21,DUYAN_DUYAN,Brgy. Duyan-Duyan,Low,123,1,175,1,122,174,42.62
21,EAST_KAMIAS,Brgy. East Kamias,Medium,103,7,94,7,13,12,-7.69
21,ESCOBA_1,Brgy. Escopa 1,None,0,0,0,0,1,1,0.0
21,ESCOBA_2,Brgy. Escopa 2,None,0,0,0,0,1,1,0.0
21,ESCOBA_3,Brgy. Escopa 3,None,0,0,0,0,1,1,0.0
21,ESCOBA_4,Brgy. Escopa 4,None,0,0,0,0,1,1,0.0
21,E_RODRIGUEZ,Brgy. E. Rodriguez,Medium,175,18,340,18,8,17,112.5
21,FAIRVIEW,Brgy. Fairview,Medium,172,62,338,62,1,4,300.0
21,GREATER_LAGRO,Brgy. Greater Lagro,Low,123,12,78,12,9,5,-44.44
21,GULOD,Brgy. Gulod,Medium,397,63,106,63,5,0,-100.0
21,HOLY_SPIRIT,Brgy. Holy Spirit,Low,501,56,382,56,7,5,-28.57
21,HORSESHOE,Brgy. Horseshoe,Medium,57,3,134,3,18,43,138.89
21,IMMACULATE_CONCEPTION,Brgy. Immaculate Conception,Medium,160,9,191,9,16,20,25.0
21,KALIGAYAHAN,Brgy. Kaligayahan,Low,408,31,518,31,12,15,25.0
21,KALUSUGAN,Brgy. Kalusugan,Medium,30,5,190,5,5,37,640.0
21,KAMUNING,Brgy. Kamuning,Medium,214,15,80,15,13,4,-69.23
21,KATIPUNAN,Brgy. Katipunan,Medium,190,11,45,11,16,3,-81.25
21,KAUNLARAN,Brgy. Kaunlaran,None,0,0,0,0,1,1,0.0
21,KRISTONG_HARI,Brgy. Kristong Hari,Medium,211,7,156,7,29,21,-27.59
21,KRUS_NA_LIGAS,Brgy. Krus na Ligas,Low,224,11,201,11,19,17,-10.53
21,LAGING_HANDA,Brgy. Laging Handa,Low,109,3,172,3,35,56,60.0
21,LIBIS,Brgy. Libis,High,167,9,59,9,17,5,-70.59
21,LOURDES,Brgy. Lourdes,Medium,137,5,58,5,26,10,-61.54
21,LOYOLA_HEIGHTS,Brgy. Loyola Heights,Low,78,11,125,11,6,10,66.67
21,MAHARLIKA,Brgy. Maharlika,Medium,154,5,85,5,29,16,-44.83
21,MALAYA,Brgy. Malaya,None,0,0,0,0,1,1,0.0
21,MANGGA,Brgy. Mangga,Low,126,6,114,6,20,18,-10.0
21,MANRESA,Brgy. Manresa,Medium,69,18,32,18,2,0,-100.0
21,MARIANA,Brgy. Mariana,Medium,183,12,113,12,14,8,-42.86
21,MARIBLO,Brgy. Mariblo,Medium,96,4,193,4,23,47,104.35
21,MARILAG,Brgy. Marilag,Low,141,7,133,7,19,18,-5.26
21,MASAGANA,Brgy. Masagana,Low,146,3,232,3,47,76,61.7
21,MASAMBONG,Brgy. Masambong,Medium,57,9,139,9,5,14,180.0
21,MATANDANG_BALARA,Brgy. Matandang Balara,Medium,470,70,629,70,5,7,40.0
21,MILAGROSA,Brgy. Milagrosa,Low,123,4,173,4,29,42,44.83
21,NAGKAISANG_NAYON,Brgy. Nagkaisang Nayon,Medium,213,54,181,54,2,2,0.0
21,NAYONG_KANLURAN,Brgy. Nayong Kanluran,Medium,59,3,132,3,18,43,138.89
21,NEW_ERA,Brgy. New Era,Low,98,8,146,8,11,17,54.55
21,NORTH_FAIRVIEW,Brgy. North Fairview,Low,238,23,296,23,9,11,22.22
21,NOVALICHES_PROPER,Brgy. Novaliches Proper,Medium,237,16,307,16,13,18,38.46
21,NS_AMORANTO,Brgy. N. S. Amoranto,Medium,126,6,131,6,20,20,0.0
21,OBRERO,Brgy. Obrero,Medium,68,10,248,10,5,23,360.0
21,OLD_CAPITOL_SITE,Brgy. Old Capitol Site,Medium,175,2,104,2,86,51,-40.7
21,PAANG_BUNDOK,Brgy. Paang Bundok,Low,217,3,226,3,71,74,4.23
21,PAG_IBIG_SA_NAYON,Brgy. Pag-Ibig sa Nayon,Medium,117,6,134,6,18,21,16.67
21,PALIGSAHAN,Brgy. Paligsahan,Low,169,2,66,2,83,32,-61.45
21,PALTOK,Brgy. Paltok,Medium,106,19,329,19,4,16,300.0
21,PANSOL,Brgy. Pansol,Medium,302,36,290,36,7,7,0.0
21,PARAISO,Brgy. Paraiso,Medium,165,4,125,4,40,30,-25.0
21,PASONG_PUTIK_PROPER,Brgy. Pasong Putik Proper,Low,212,20,447,20,9,21,133.33
21,PASONG_TAMO,Brgy. Pasong Tamo,Medium,590,111,463,111,4,3,-25.0
21,PAYATAS,Brgy. Payatas,Low,555,70,438,70,6,5,-16.67
21,PHILAM,Brgy. Philam,Low,70,2,125,2,34,61,79.41
21,PINAGKAISAHAN,Brgy. Pinagkaisahan,Medium,174,5,84,5,33,15,-54.55
21,PINYAHAN,Brgy. Pinyahan,Medium,242,22,151,22,10,5,-50.0
21,PROJECT_6,Brgy. Project 6,Medium,248,12,167,12,19,12,-36.84
21,QUIRINO_2A,Brgy. Quirino 2-A,Medium,41,5,89,5,7,16,128.57
21,QUIRINO_2B,Brgy. Quirino 2-B,Medium,82,4,85,4,19,20,5.26
21,QUIRINO_2C,Brgy. Quirino 2-C,Medium,186,4,200,4,45,49,8.89
21,QUIRINO_3A,Brgy. Quirino 3-A,Medium,144,2,52,2,71,25,-64.79
21,QUIRINO_3B,Brgy. Quirino 3-B,Medium,159,4,98,4,38,23,-39.47
21,RAMON_MAGSAYSAY,Brgy. Ramon Magsaysay,Medium,31,15,127,15,1,7,600.0
21,ROXAS,Brgy. Roxas,Medium,98,11,124,11,7,10,42.86
21,SACRED_HEART,Brgy. Sacred Heart,Low,64,4,127,4,15,30,100.0
21,SAINT_IGNATIUS,Brgy. Saint Ignatius,Low,29,2,113,2,13,55,323.08
21,SAINT_PETER,Brgy. Saint Peter,Medium,174,5,88,5,33,16,-51.52
21,SALVACION,Brgy. Salvacion,Low,126,4,172,4,30,42,40.0
21,SANGANDAAN,Brgy. Sangandaan,Medium,92,22,78,22,3,2,-33.33
21,SANTOL,Brgy. Santol,Low,182,4,106,4,44,25,-43.18
21,SAN_AGUSTIN,Brgy. San Agustin,Low,165,13,283,13,11,20,81.82
21,SAN_ANTONIO,Brgy. San Antonio,Medium,273,23,257,23,10,10,0.0
21,SAN_BARTOLOME,Brgy. San Bartolome,Medium,181,52,84,52,2,0,-100.0
21,SAN_ISIDRO,Brgy. San Isidro,Low,146,4,137,4,35,33,-5.71
21,SAN_ISIDRO_LABRADOR,Brgy. San Isidro Labrador,Low,151,4,124,4,36,30,-16.67
21,SAN_JOSE,Brgy. San Jose,None,0,0,0,0,1,1,0.0
21,SAN_MARTIN_DE_PORRES,Brgy. San Martin de Porres,Medium,73,12,261,12,5,20,300.0
21,SAN_ROQUE,Brgy. San Roque,Low,297,10,83,10,28,7,-75.0
21,SAN_VICENTE,Brgy. San Vicente,Medium,91,8,180,8,10,21,110.0
21,SAUYO,Brgy. Sauyo,Medium,331,77,558,77,3,6,100.0
21,SIENA,Brgy. Siena,Medium,130,3,156,3,42,51,21.43
21,SIKATUNA_VILLAGE,Brgy. Sikatuna Village,Low,157,4,21,4,38,4,-89.47
21,SILANGAN,Brgy. Silangan,Medium,179,5,123,5,34,23,-32.35
21,SOCORRO,Brgy. Socorro,Medium,199,23,97,23,7,3,-57.14
21,SOUTH_TRIANGLE,Brgy. South Triangle,Medium,233,15,197,15,14,12,-14.29
21,STA_CRUZ,Brgy. Sta. Cruz,Medium,125,4,55,4,30,12,-60.0
21,STA_LUCIA,Brgy. Sta. Lucia,Medium,91,29,311,29,2,9,350.0
21,STA_MONICA,Brgy. Sta. Monica,Low,321,26,223,26,11,7,-36.36
21,STA_TERESITA,Brgy. Sta. Teresita,Low,200,6,200,6,32,32,0.0
21,STO_CRISTO,Brgy. Sto. Cristo,Medium,163,26,342,26,5,12,140.0
21,STO_DOMINGO,Brgy. Sto. Domingo,Medium,31,12,95,12,1,6,500.0
21,STO_NINO,Brgy. Sto. Nino,None,0,0,0,0,1,1,0.0
21,TAGUMPAY,Brgy. Tagumpay,Medium,113,3,105,3,36,34,-5.56
21,TALAYAN,Brgy. Talayan,Medium,80,5,63,5,15,11,-26.67
21,TALIPAPA,Brgy. Talipapa,Medium,441,39,144,39,10,2,-80.0
21,TANDANG_SORA,Brgy. Tandang Sora,Medium,759,84,594,84,8,6,-25.0
21,TATALON,Brgy. Tatalon,Medium,507,56,392,56,8,6,-25.0
21,TEACHERS_VILLAGE_EAST,Brgy. Teachers Village East,Low,123,2,64,2,60,31,-48.33
21,TEACHERS_VILLAGE_WEST,Brgy. Teachers Village West,Low,146,2,110,2,72,54,-25.0
21,UGONG_NORTE,Brgy. Ugong Norte,Medium,112,7,197,7,15,27,80.0
21,UNANG_SIGAW,Brgy. Unang Sigaw,Low,159,4,191,4,38,46,21.05
21,UP_CAMPUS,Brgy. UP Campus,Medium,278,48,444,48,4,8,100.0
21,UP_VILLAGE,Brgy. UP Village,Low,147,2,129,2,72,63,-12.5
21,VALENCIA,Brgy. Valencia,Medium,158,11,263,11,13,22,69.23
21,VASRA,Brgy. Vasra,Medium,123,8,192,8,14,23,64.29
21,VETERANS_VILLAGE,Brgy. Veterans Village,Medium,199,13,271,13,14,19,35.71
21,VILLA_MARIA_CLARA,Brgy. Villa Maria Clara,Low,64,2,138,2,31,68,119.35
21,WEST_KAMIAS,Brgy. West Kamias,Medium,150,5,188,5,29,36,24.14
21,WEST_TRIANGLE,Brgy. West Triangle,Medium,140,3,167,3,45,54,20.0
21,WHITE_PLAINS,Brgy. White Plains,Medium,138,4,137,4,33,33,0.0
22,ALICIA,Brgy. Alicia,Medium,206,7,178,7,28,24,-14.29
22,AMIHAN,Brgy. Amihan,Medium,164,4,174,4,40,42,5.0
22,APOLONIO_SAMSON,Brgy. Apolonio Samson,Medium,498,34,170,34,13,4,-69.23
22,BAESA,Brgy. Baesa,Medium,366,56,430,56,5,6,20.0
22,BAGBAG,Brgy. Bagbag,Medium,263,65,216,65,3,2,-33.33
22,BAGONG_LIPUNAN_NG_CRAME,Brgy. Bagong Lipunan ng Crame,Medium,145,14,141,14,9,9,0.0
22,BAGONG_PAG_ASA,Brgy. Bagong Pag-asa,Medium,296,30,86,30,8,1,-87.5
22,BAGONG_SILANGAN,Brgy. Bagong Silangan,Low,432,54,289,54,7,4,-42.86
22,BAGUMBAYAN,Brgy. Bagumbayan,Medium,318,23,237,23,12,9,-25.0
22,BAGUMBUHAY,Brgy. Bagumbuhay,Medium,159,7,143,7,21,19,-9.52
22,BAHAY_TORO,Brgy. Bahay Toro,Medium,643,60,267,60,9,3,-66.67
22,BALINGASA,Brgy. Balingasa,Medium,122,20,58,20,5,1,-80.0
22,BALUMBATO,Brgy. Balumbato,Medium,106,7,249,7,14,34,142.86
22,BATASAN_HILLS,Brgy. Batasan Hills,Medium,516,167,390,167,2,1,-50.0
22,BAYANIHAN,Brgy. Bayanihan,Medium,156,1,94,1,155,93,-40.0
22,BLUE_RIDGE_A,Brgy. Blue Ridge A,None,0,0,0,0,1,1,0.0
22,BLUE_RIDGE_B,Brgy. Blue Ridge B,Low,135,1,52,1,134,51,-61.94
22,BOTOCAN,Brgy. Botocan,Low,142,4,41,4,34,9,-73.53
22,BUNGAD,Brgy. Bungad,Medium,108,8,143,8,12,16,33.33
22,CAMP_AGUINALDO,Brgy. Camp Aguinaldo,Low,97,2,159,2,47,78,65.96
22,CAPRI,Brgy. Capri,Medium,95,13,218,13,6,15,150.0
22,CENTRAL,Brgy. Central,Medium,108,20,210,20,4,9,125.0
22,COMMONWEALTH,Brgy. Commonwealth,Medium,663,214,882,214,2,3,50.0
22,CULIAT,Brgy. Culiat,Medium,592,68,506,68,7,6,-14.29
22,DAMAR,Brgy. Damar,Low,117,1,158,1,116,157,35.34
22,DAMAYAN,Brgy. Damayan,Medium,65,7,107,7,8,14,75.0
22,DAMAYANG_LAGI,Brgy. Damayang Lagi,Medium,184,20,103,20,8,4,-50.0
22,DEL_MONTE,Brgy. Del Monte,Medium,79,11,155,11,6,13,116.67
22,DIOQUINO_ZOBEL,Brgy. Dioquino Zobel,None,0,0,0,0,1,1,0.0
22,DONA_AURORA,Brgy. Dona Aurora,None,0,0,0,0,1,1,0.0
22,DONA_IMELDA,Brgy. Dona Imelda,Medium,149,12,59,12,11,3,-72.73
22,DONA_JOSEFA,Brgy. Dona Josefa,Low,87,1,176,1,86,175,103.49
22,DON_MANUEL,Brgy. Don Manuel,Low,170,1,191,1,169,190,12.43
22,DUYAN_DUYAN,Brgy. Duyan-Duyan,Low,106,1,157,1,105,156,48.57
22,EAST_KAMIAS,Brgy. East Kamias,Medium,163,7,77,7,22,10,-54.55
22,ESCOBA_1,Brgy. Escopa 1,None,0,0,0,0,1,1,0.0
22,ESCOBA_2,Brgy. Escopa 2,None,0,0,0,0,1,1,0.0
22,ESCOBA_3,Brgy. Escopa 3,None,0,0,0,0,1,1,0.0
22,ESCOBA_4,Brgy. Escopa 4,None,0,0,0,0,1,1,0.0
22,E_RODRIGUEZ,Brgy. E. Rodriguez,Medium,64,18,114,18,2,5,150.0
22,FAIRVIEW,Brgy. Fairview,Medium,279,62,405,62,3,5,66.67
22,GREATER_LAGRO,Brgy. Greater Lagro,Low,203,12,181,12,15,14,-6.67
22,GULOD,Brgy. Gulod,Medium,480,63,305,63,6,3,-50.0
22,HOLY_SPIRIT,Brgy. Holy Spirit,None,0,0,0,0,1,1,0.0
22,HORSESHOE,Brgy. Horseshoe,Medium,212,3,121,3,69,39,-43.48
22,IMMACULATE_CONCEPTION,Brgy. Immaculate Conception,Medium,136,9,229,9,14,24,71.43
22,KALIGAYAHAN,Brgy. Kaligayahan,Low,211,31,181,31,5,4,-20.0
22,KALUSUGAN,Brgy. Kalusugan,High,146,10,199,10,13,18,38.46
22,KAMUNING,Brgy. Kamuning,Medium,325,15,231,15,20,14,-30.0
22,KATIPUNAN,Brgy. Katipunan,Medium,209,11,214,11,18,18,0.0
22,KAUNLARAN,Brgy. Kaunlaran,None,0,0,0,0,1,1,0.0
22,KRISTONG_HARI,Brgy. Kristong Hari,Medium,119,7,150,7,16,20,25.0
22,KRUS_NA_LIGAS,Brgy. Krus na Ligas,Low,139,11,189,11,11,16,45.45
22,LAGING_HANDA,Brgy. Laging Handa,Low,50,3,187,3,15,61,306.67
22,LIBIS,Brgy. Libis,Medium,150,5,229,5,29,44,51.72
22,LOURDES,Brgy. Lourdes,Medium,134,5,87,5,25,16,-36.0
22,LOYOLA_HEIGHTS,Brgy. Loyola Heights,Low,110,11,104,11,9,8,-11.11
22,MAHARLIKA,Brgy. Maharlika,Medium,173,5,187,5,33,36,9.09
22,MALAYA,Brgy. Malaya,None,0,0,0,0,1,1,0.0
22,MANGGA,Brgy. Mangga,Low,41,6,187,6,5,30,500.0
22,MANRESA,Brgy. Manresa,Medium,154,18,122,18,7,5,-28.57
22,MARIANA,Brgy. Mariana,Medium,49,12,260,12,3,20,566.67
22,MARIBLO,Brgy. Mariblo,Medium,121,4,112,4,29,27,-6.9
22,MARILAG,Brgy. Marilag,Low,40,7,33,7,4,3,-25.0
22,MASAGANA,Brgy. Masagana,Low,88,3,148,3,28,48,71.43
22,MASAMBONG,Brgy. Masambong,Medium,102,9,84,9,10,8,-20.0
22,MATANDANG_BALARA,Brgy. Matandang Balara,Medium,365,70,272,70,4,2,-50.0
22,MILAGROSA,Brgy. Milagrosa,Low,81,4,67,4,19,15,-21.05
22,NAGKAISANG_NAYON,Brgy. Nagkaisang Nayon,Medium,209,54,220,54,2,3,50.0
22,NAYONG_KANLURAN,Brgy. Nayong Kanluran,Medium,184,3,126,3,60,41,-31.67
22,NEW_ERA,Brgy. New Era,Low,265,8,86,8,32,9,-71.87
22,NORTH_FAIRVIEW,Brgy. North Fairview,Low,210,23,243,23,8,9,12.5
22,NOVALICHES_PROPER,Brgy. Novaliches Proper,Medium,107,16,213,16,5,12,140.0
22,NS_AMORANTO,Brgy. N. S. Amoranto,Medium,206,6,64,6,33,9,-72.73
22,OBRERO,Brgy. Obrero,Medium,90,10,109,10,8,9,12.5
22,OLD_CAPITOL_SITE,Brgy. Old Capitol Site,Medium,101,2,153,2,49,75,53.06
22,PAANG_BUNDOK,Brgy. Paang Bundok,Low,99,3,58,3,32,18,-43.75
22,PAG_IBIG_SA_NAYON,Brgy. Pag-Ibig sa Nayon,Medium,262,6,196,6,42,31,-26.19
22,PALIGSAHAN,Brgy. Paligsahan,Medium,199,4,136,4,48,33,-31.25
22,PALTOK,Brgy. Paltok,Medium,337,19,259,19,16,12,-25.0
22,PANSOL,Brgy. Pansol,Medium,182,36,360,36,4,9,125.0
22,PARAISO,Brgy. Paraiso,Medium,169,4,212,4,41,52,26.83
22,PASONG_PUTIK_PROPER,Brgy. Pasong Putik Proper,Low,156,20,217,20,6,9,50.0
22,PASONG_TAMO,Brgy. Pasong Tamo,Medium,720,111,618,111,5,4,-20.0
22,PAYATAS,Brgy. Payatas,Low,278,70,602,70,2,7,250.0
22,PHILAM,Brgy. Philam,Low,159,2,88,2,78,43,-44.87
22,PINAGKAISAHAN,Brgy. Pinagkaisahan,Medium,4,5,225,5,0,44,4400000000.0
22,PINYAHAN,Brgy. Pinyahan,Medium,264,22,246,22,11,10,-9.09
22,PROJECT_6,Brgy. Project 6,Medium,112,12,217,12,8,17,112.5
22,QUIRINO_2A,Brgy. Quirino 2-A,Medium,68,5,134,5,12,25,108.33
22,QUIRINO_2B,Brgy. Quirino 2-B,Medium,103,4,47,4,24,10,-58.33
22,QUIRINO_2C,Brgy. Quirino 2-C,Medium,90,4,200,4,21,49,133.33
22,QUIRINO_3A,Brgy. Quirino 3-A,Medium,115,2,120,2,56,59,5.36
22,QUIRINO_3B,Brgy. Quirino 3-B,Medium,138,4,185,4,33,45,36.36
22,RAMON_MAGSAYSAY,Brgy. Ramon Magsaysay,Medium,87,15,95,15,4,5,25.0
22,ROXAS,Brgy. Roxas,High,241,22,214,22,9,8,-11.11
22,SACRED_HEART,Brgy. Sacred Heart,Low,61,4,190,4,14,46,228.57
22,SAINT_IGNATIUS,Brgy. Saint Ignatius,Low,27,2,99,2,12,48,300.0
22,SAINT_PETER,Brgy. Saint Peter,Medium,166,5,68,5,32,12,-62.5
22,SALVACION,Brgy. Salvacion,Low,94,4,93,4,22,22,0.0
22,SANGANDAAN,Brgy. Sangandaan,Medium,297,22,59,22,12,1,-91.67
22,SANTOL,Brgy. Santol,Medium,122,7,188,7,16,25,56.25
22,SAN_AGUSTIN,Brgy. San Agustin,Low,208,13,138,13,15,9,-40.0
22,SAN_ANTONIO,Brgy. San Antonio,Medium,262,23,306,23,10,12,20.0
22,SAN_BARTOLOME,Brgy. San Bartolome,Medium,334,52,96,52,5,0,-100.0
22,SAN_ISIDRO,Brgy. San Isidro,Low,189,4,225,4,46,55,19.57
22,SAN_ISIDRO_LABRADOR,Brgy. San Isidro Labrador,Low,156,4,114,4,38,27,-28.95
22,SAN_JOSE,Brgy. San Jose,None,0,0,0,0,1,1,0.0
22,SAN_MARTIN_DE_PORRES,Brgy. San Martin de Porres,Medium,39,12,122,12,2,9,350.0
22,SAN_ROQUE,Brgy. San Roque,Low,214,10,122,10,20,11,-45.0
22,SAN_VICENTE,Brgy. San Vicente,Low,27,4,220,4,5,54,980.0
22,SAUYO,Brgy. Sauyo,Medium,218,77,295,77,1,2,100.0
22,SIENA,Brgy. Siena,Medium,219,3,164,3,72,53,-26.39
22,SIKATUNA_VILLAGE,Brgy. Sikatuna Village,Low,102,4,187,4,24,45,87.5
22,SILANGAN,Brgy. Silangan,Medium,123,5,120,5,23,23,0.0
22,SOCORRO,Brgy. Socorro,Medium,171,23,145,23,6,5,-16.67
22,SOUTH_TRIANGLE,Brgy. South Triangle,Medium,52,15,47,15,2,2,0.0
22,STA_CRUZ,Brgy. Sta. Cruz,Medium,17,4,55,4,3,12,300.0
22,STA_LUCIA,Brgy. Sta. Lucia,Medium,152,29,270,29,4,8,100.0
22,STA_MONICA,Brgy. Sta. Monica,Medium,309,52,341,52,4,5,25.0
22,STA_TERESITA,Brgy. Sta. Teresita,Low,159,6,125,6,25,19,-24.0
22,STO_CRISTO,Brgy. Sto. Cristo,Medium,245,26,246,26,8,8,0.0
22,STO_DOMINGO,Brgy. Sto. Domingo,Medium,130,12,194,12,9,15,66.67
22,STO_NINO,Brgy. Sto. Nino,None,0,0,0,0,1,1,0.0
22,TAGUMPAY,Brgy. Tagumpay,Medium,227,3,183,3,74,60,-18.92
22,TALAYAN,Brgy. Talayan,Medium,152,5,118,5,29,22,-24.14
22,TALIPAPA,Brgy. Talipapa,Medium,306,39,310,39,6,6,0.0
22,TANDANG_SORA,Brgy. Tandang Sora,Medium,290,84,204,84,2,1,-50.0
22,TATALON,Brgy. Tatalon,High,633,111,530,111,4,3,-25.0
22,TEACHERS_VILLAGE_EAST,Brgy. Teachers Village East,Low,107,2,132,2,52,65,25.0
22,TEACHERS_VILLAGE_WEST,Brgy. Teachers Village West,Low,172,2,179,2,85,88,3.53
22,UGONG_NORTE,Brgy. Ugong Norte,Medium,252,7,263,7,35,36,2.86
22,UNANG_SIGAW,Brgy. Unang Sigaw,Low,102,4,94,4,24,22,-8.33
22,UP_CAMPUS,Brgy. UP Campus,Medium,409,48,296,48,7,5,-28.57
22,UP_VILLAGE,Brgy. UP Village,Low,44,2,184,2,21,91,333.33
22,VALENCIA,Brgy. Valencia,Medium,233,11,271,11,20,23,15.0
22,VASRA,Brgy. Vasra,Medium,93,8,62,8,10,6,-40.0
22,VETERANS_VILLAGE,Brgy. Veterans Village,Medium,71,13,228,13,4,16,300.0
22,VILLA_MARIA_CLARA,Brgy. Villa Maria Clara,Low,123,2,190,2,60,94,56.67
22,WEST_KAMIAS,Brgy. West Kamias,Medium,101,5,146,5,19,28,47.37
22,WEST_TRIANGLE,Brgy. West Triangle,Medium,198,3,208,3,65,68,4.62
22,WHITE_PLAINS,Brgy. White Plains,Medium,238,4,46,4,58,10,-82.76
23,ALICIA,Brgy. Alicia,Medium,74,7,209,7,9,28,211.11
23,AMIHAN,Brgy. Amihan,Low,144,2,163,2,71,80,12.68
23,APOLONIO_SAMSON,Brgy. Apolonio Samson,Medium,414,34,372,34,11,9,-18.18
23,BAESA,Brgy. Baesa,Medium,529,56,180,56,8,2,-75.0
23,BAGBAG,Brgy. Bagbag,Medium,639,65,390,65,8,5,-37.5
23,BAGONG_LIPUNAN_NG_CRAME,Brgy. Bagong Lipunan ng Crame,Medium,114,14,92,14,7,5,-28.57
23,BAGONG_PAG_ASA,Brgy. Bagong Pag-asa,Medium,237,30,319,30,6,9,50.0
23,BAGONG_SILANGAN,Brgy. Bagong Silangan,Low,414,54,411,54,6,6,0.0
23,BAGUMBAYAN,Brgy. Bagumbayan,Medium,132,23,182,23,4,6,50.0
23,BAGUMBUHAY,Brgy. Bagumbuhay,Medium,44,7,103,7,5,13,160.0
23,BAHAY_TORO,Brgy. Bahay Toro,Medium,554,60,430,60,8,6,-25.0
23,BALINGASA,Brgy. Balingasa,Medium,292,20,253,20,13,11,-15.38
23,BALUMBATO,Brgy. Balumbato,Medium,218,7,95,7,30,12,-60.0
23,BATASAN_HILLS,Brgy. Batasan Hills,Medium,627,167,401,167,2,1,-50.0
23,BAYANIHAN,Brgy. Bayanihan,Medium,70,1,137,1,69,136,97.1
23,BLUE_RIDGE_A,Brgy. Blue Ridge A,None,0,0,0,0,1,1,0.0
23,BLUE_RIDGE_B,Brgy. Blue Ridge B,Low,37,1,130,1,36,129,258.33
23,BOTOCAN,Brgy. Botocan,Low,83,4,47,4,19,10,-47.37
23,BUNGAD,Brgy. Bungad,Medium,51,8,91,8,5,10,100.0
23,CAMP_AGUINALDO,Brgy. Camp Aguinaldo,Low,59,2,184,2,28,91,225.0
23,CAPRI,Brgy. Capri,Medium,288,13,58,13,21,3,-85.71
23,CENTRAL,Brgy. Central,Medium,214,20,224,20,9,10,11.11
23,COMMONWEALTH,Brgy. Commonwealth,Low,471,107,375,107,3,2,-33.33
23,CULIAT,Brgy. Culiat,Medium,350,68,631,68,4,8,100.0
23,DAMAR,Brgy. Damar,Low,110,1,107,1,109,106,-2.75
23,DAMAYAN,Brgy. Damayan,Medium,206,7,178,7,28,24,-14.29
23,DAMAYANG_LAGI,Brgy. Damayang Lagi,Medium,200,20,134,20,9,5,-44.44
23,DEL_MONTE,Brgy. Del Monte,Medium,261,11,266,11,22,23,4.55
23,DIOQUINO_ZOBEL,Brgy. Dioquino Zobel,None,0,0,0,0,1,1,0.0
23,DONA_AURORA,Brgy. Dona Aurora,None,0,0,0,0,1,1,0.0
23,DONA_IMELDA,Brgy. Dona Imelda,Medium,131,12,249,12,9,19,111.11
23,DONA_JOSEFA,Brgy. Dona Josefa,Low,185,1,42,1,184,41,-77.72
23,DON_MANUEL,Brgy. Don Manuel,Low,95,1,196,1,94,195,107.45
23,DUYAN_DUYAN,Brgy. Duyan-Duyan,Low,189,1,190,1,188,189,0.53
23,EAST_KAMIAS,Brgy. East Kamias,Medium,138,7,76,7,18,9,-50.0
23,ESCOBA_1,Brgy. Escopa 1,None,0,0,0,0,1,1,0.0
23,ESCOBA_2,Brgy. Escopa 2,None,0,0,0,0,1,1,0.0
23,ESCOBA_3,Brgy. Escopa 3,None,0,0,0,0,1,1,0.0
23,ESCOBA_4,Brgy. Escopa 4,None,0,0,0,0,1,1,0.0
23,E_RODRIGUEZ,Brgy. E. Rodriguez,Medium,123,18,111,18,5,5,0.0
23,FAIRVIEW,Brgy. Fairview,Medium,79,62,246,62,0,2,200000000.0
23,GREATER_LAGRO,Brgy. Greater Lagro,Low,227,12,313,12,17,25,47.06
23,GULOD,Brgy. Gulod,Medium,323,63,443,63,4,6,50.0
23,HOLY_SPIRIT,Brgy. Holy Spirit,None,0,0,0,0,1,1,0.0
23,HORSESHOE,Brgy. Horseshoe,Medium,147,3,93,3,48,30,-37.5
23,IMMACULATE_CONCEPTION,Brgy. Immaculate Conception,Medium,163,9,181,9,17,19,11.76
23,KALIGAYAHAN,Brgy. Kaligayahan,Low,226,31,171,31,6,4,-33.33
23,KALUSUGAN,Brgy. Kalusugan,High,50,10,79,10,4,6,50.0
23,KAMUNING,Brgy. Kamuning,Medium,227,15,212,15,14,13,-7.14
23,KATIPUNAN,Brgy. Katipunan,Medium,94,11,77,11,7,6,-14.29
23,KAUNLARAN,Brgy. Kaunlaran,None,0,0,0,0,1,1,0.0
23,KRISTONG_HARI,Brgy. Kristong Hari,Medium,235,7,40,7,32,4,-87.5
23,KRUS_NA_LIGAS,Brgy. Krus na Ligas,Low,167,11,267,11,14,23,64.29
23,LAGING_HANDA,Brgy. Laging Handa,Low,241,3,130,3,79,42,-46.84
23,LIBIS,Brgy. Libis,Medium,107,5,74,5,20,13,-35.0
23,LOURDES,Brgy. Lourdes,Medium,208,5,53,5,40,9,-77.5
23,LOYOLA_HEIGHTS,Brgy. Loyola Heights,Low,203,11,243,11,17,21,23.53
23,MAHARLIKA,Brgy. Maharlika,Medium,85,5,109,5,16,20,25.0
23,MALAYA,Brgy. Malaya,None,0,0,0,0,1,1,0.0
23,MANGGA,Brgy. Mangga,Low,84,6,154,6,13,24,84.62
23,MANRESA,Brgy. Manresa,Medium,248,18,231,18,12,11,-8.33
23,MARIANA,Brgy. Mariana,Medium,98,12,73,12,7,5,-28.57
23,MARIBLO,Brgy. Mariblo,Medium,191,4,105,4,46,25,-45.65
23,MARILAG,Brgy. Marilag,Low,208,7,151,7,28,20,-28.57
23,MASAGANA,Brgy. Masagana,Low,54,3,134,3,17,43,152.94
23,MASAMBONG,Brgy. Masambong,Medium,88,9,218,9,8,23,187.5
23,MATANDANG_BALARA,Brgy. Matandang Balara,Medium,455,70,450,70,5,5,0.0
23,MILAGROSA,Brgy. Milagrosa,Low,118,4,151,4,28,36,28.57
23,NAGKAISANG_NAYON,Brgy. Nagkaisang Nayon,Medium,554,54,291,54,9,4,-55.56
23,NAYONG_KANLURAN,Brgy. Nayong Kanluran,Medium,32,3,34,3,9,10,11.11
23,NEW_ERA,Brgy. New Era,Low,201,8,245,8,24,29,20.83
23,NORTH_FAIRVIEW,Brgy. North Fairview,Low,364,23,267,23,14,10,-28.57
23,NOVALICHES_PROPER,Brgy. Novaliches Proper,Medium,173,16,165,16,9,9,0.0
23,NS_AMORANTO,Brgy. N. S. Amoranto,Medium,219,6,63,6,35,9,-74.29
23,OBRERO,Brgy. Obrero,Medium,105,10,87,10,9,7,-22.22
23,OLD_CAPITOL_SITE,Brgy. Old Capitol Site,Medium,122,2,76,2,60,37,-38.33
23,PAANG_BUNDOK,Brgy. Paang Bundok,Low,87,3,160,3,28,52,85.71
23,PAG_IBIG_SA_NAYON,Brgy. Pag-Ibig sa Nayon,Medium,38,6,183,6,5,29,480.0
23,PALIGSAHAN,Brgy. Paligsahan,Medium,144,4,115,4,35,27,-22.86
23,PALTOK,Brgy. Paltok,Medium,59,19,165,19,2,7,250.0
23,PANSOL,Brgy. Pansol,Medium,202,36,369,36,4,9,125.0
23,PARAISO,Brgy. Paraiso,Medium,88,4,69,4,21,16,-23.81
23,PASONG_PUTIK_PROPER,Brgy. Pasong Putik Proper,Low,143,20,220,20,6,10,66.67
23,PASONG_TAMO,Brgy. Pasong Tamo,Medium,308,111,421,111,1,2,100.0
23,PAYATAS,Brgy. Payatas,Low,289,70,680,70,3,8,166.67
23,PHILAM,Brgy. Philam,Low,206,2,146,2,102,72,-29.41
23,PINAGKAISAHAN,Brgy. Pinagkaisahan,Medium,63,5,178,5,11,34,209.09
23,PINYAHAN,Brgy. Pinyahan,Medium,81,22,176,22,2,7,250.0
23,PROJECT_6,Brgy. Project 6,Low,203,6,168,6,32,27,-15.62
23,QUIRINO_2A,Brgy. Quirino 2-A,Medium,174,5,234,5,33,45,36.36
23,QUIRINO_2B,Brgy. Quirino 2-B,Medium,169,4,32,4,41,7,-82.93
23,QUIRINO_2C,Brgy. Quirino 2-C,Medium,64,4,204,4,15,50,233.33
23,QUIRINO_3A,Brgy. Quirino 3-A,Medium,144,2,94,2,71,46,-35.21
23,QUIRINO_3B,Brgy. Quirino 3-B,Medium,219,4,115,4,53,27,-49.06
23,RAMON_MAGSAYSAY,Brgy. Ramon Magsaysay,Medium,187,15,168,15,11,10,-9.09
23,ROXAS,Brgy. Roxas,Medium,177,11,146,11,15,12,-20.0
23,SACRED_HEART,Brgy. Sacred Heart,Low,140,4,187,4,34,45,32.35
23,SAINT_IGNATIUS,Brgy. Saint Ignatius,Low,62,2,144,2,30,71,136.67
23,SAINT_PETER,Brgy. Saint Peter,Medium,49,5,106,5,8,20,150.0
23,SALVACION,Brgy. Salvacion,Low,211,4,94,4,51,22,-56.86
23,SANGANDAAN,Brgy. Sangandaan,Medium,58,22,192,22,1,7,600.0
23,SANTOL,Brgy. Santol,Medium,106,7,193,7,14,26,85.71
23,SAN_AGUSTIN,Brgy. San Agustin,Low,389,13,184,13,28,13,-53.57
23,SAN_ANTONIO,Brgy. San Antonio,Medium,81,23,240,23,2,9,350.0
23,SAN_BARTOLOME,Brgy. San Bartolome,Medium,116,52,261,52,1,4,300.0
23,SAN_ISIDRO,Brgy. San Isidro,Low,135,4,62,4,32,14,-56.25
23,SAN_ISIDRO_LABRADOR,Brgy. San Isidro Labrador,Low,127,4,189,4,30,46,53.33
23,SAN_JOSE,Brgy. San Jose,None,0,0,0,0,1,1,0.0
23,SAN_MARTIN_DE_PORRES,Brgy. San Martin de Porres,Medium,175,12,115,12,13,8,-38.46
23,SAN_ROQUE,Brgy. San Roque,Low,92,10,239,10,8,22,175.0
23,SAN_VICENTE,Brgy. San Vicente,Low,233,4,112,4,57,27,-52.63
23,SAUYO,Brgy. Sauyo,Medium,486,77,449,77,5,4,-20.0
23,SIENA,Brgy. Siena,Medium,103,3,36,3,33,11,-66.67
23,SIKATUNA_VILLAGE,Brgy. Sikatuna Village,Low,247,4,82,4,60,19,-68.33
23,SILANGAN,Brgy. Silangan,Medium,190,5,219,5,37,42,13.51
23,SOCORRO,Brgy. Socorro,Medium,104,23,241,23,3,9,200.0
23,SOUTH_TRIANGLE,Brgy. South Triangle,Medium,103,15,268,15,5,16,220.0
23,STA_CRUZ,Brgy. Sta. Cruz,Medium,77,4,208,4,18,51,183.33
23,STA_LUCIA,Brgy. Sta. Lucia,Medium,284,29,376,29,8,11,37.5
23,STA_MONICA,Brgy. Sta. Monica,Low,295,26,383,26,10,13,30.0
23,STA_TERESITA,Brgy. Sta. Teresita,Low,133,6,111,6,21,17,-19.05
23,STO_CRISTO,Brgy. Sto. Cristo,Medium,197,26,174,26,6,5,-16.67
23,STO_DOMINGO,Brgy. Sto. Domingo,Medium,134,12,205,12,10,16,60.0
23,STO_NINO,Brgy. Sto. Nino,None,0,0,0,0,1,1,0.0
23,TAGUMPAY,Brgy. Tagumpay,Medium,172,3,59,3,56,18,-67.86
23,TALAYAN,Brgy. Talayan,Medium,210,5,160,5,41,31,-24.39
23,TALIPAPA,Brgy. Talipapa,Medium,180,39,384,39,3,8,166.67
23,TANDANG_SORA,Brgy. Tandang Sora,Medium,701,84,330,84,7,2,-71.43
23,TATALON,Brgy. Tatalon,Medium,305,56,151,56,4,1,-75.0
23,TEACHERS_VILLAGE_EAST,Brgy. Teachers Village East,Low,196,2,85,2,97,41,-57.73
23,TEACHERS_VILLAGE_WEST,Brgy. Teachers Village West,Low,186,2,148,2,92,73,-20.65
23,UGONG_NORTE,Brgy. Ugong Norte,Low,166,4,68,4,40,16,-60.0
23,UNANG_SIGAW,Brgy. Unang Sigaw,Low,85,4,84,4,20,20,0.0
23,UP_CAMPUS,Brgy. UP Campus,Medium,21,48,291,48,0,5,500000000.0
23,UP_VILLAGE,Brgy. UP Village,Low,230,2,150,2,114,74,-35.09
23,VALENCIA,Brgy. Valencia,Medium,14,11,211,11,0,18,1800000000.0
23,VASRA,Brgy. Vasra,Medium,160,8,204,8,19,24,26.32
23,VETERANS_VILLAGE,Brgy. Veterans Village,Medium,221,13,154,13,16,10,-37.5
23,VILLA_MARIA_CLARA,Brgy. Villa Maria Clara,Low,123,2,62,2,60,30,-50.0
23,WEST_KAMIAS,Brgy. West Kamias,Medium,189,5,128,5,36,24,-33.33
23,WEST_TRIANGLE,Brgy. West Triangle,Medium,122,3,145,3,39,47,20.51
23,WHITE_PLAINS,Brgy. White Plains,Medium,188,4,51,4,46,11,-76.09
24,ALICIA,Brgy. Alicia,Medium,66,7,84,7,8,11,37.5
24,AMIHAN,Brgy. Amihan,Medium,132,4,238,4,32,58,81.25
24,APOLONIO_SAMSON,Brgy. Apolonio Samson,Medium,137,34,120,34,3,2,-33.33
24,BAESA,Brgy. Baesa,Medium,282,56,210,56,4,2,-50.0
24,BAGBAG,Brgy. Bagbag,Medium,260,65,329,65,3,4,33.33
24,BAGONG_LIPUNAN_NG_CRAME,Brgy. Bagong Lipunan ng Crame,Medium,277,14,301,14,18,20,11.11
24,BAGONG_PAG_ASA,Brgy. Bagong Pag-asa,Medium,208,30,325,30,5,9,80.0
24,BAGONG_SILANGAN,Brgy. Bagong Silangan,Low,748,54,580,54,12,9,-25.0
24,BAGUMBAYAN,Brgy. Bagumbayan,Medium,289,23,235,23,11,9,-18.18
24,BAGUMBUHAY,Brgy. Bagumbuhay,Medium,60,7,172,7,7,23,228.57
24,BAHAY_TORO,Brgy. Bahay Toro,Medium,424,60,383,60,6,5,-16.67
24,BALINGASA,Brgy. Balingasa,Medium,204,20,68,20,9,2,-77.78
24,BALUMBATO,Brgy. Balumbato,Low,34,4,176,4,7,43,514.29
24,BATASAN_HILLS,Brgy. Batasan Hills,Medium,658,167,400,167,2,1,-50.0
24,BAYANIHAN,Brgy. Bayanihan,Medium,65,1,119,1,64,118,84.37
24,BLUE_RIDGE_A,Brgy. Blue Ridge A,None,0,0,0,0,1,1,0.0
24,BLUE_RIDGE_B,Brgy. Blue Ridge B,Low,67,1,54,1,66,53,-19.7
24,BOTOCAN,Brgy. Botocan,Low,156,4,67,4,38,15,-60.53
24,BUNGAD,Brgy. Bungad,Medium,53,8,103,8,5,11,120.0
24,CAMP_AGUINALDO,Brgy. Camp Aguinaldo,Low,19,2,66,2,8,32,300.0
24,CAPRI,Brgy. Capri,Medium,218,13,191,13,15,13,-13.33
24,CENTRAL,Brgy. Central,Medium,233,20,38,20,10,0,-100.0
24,COMMONWEALTH,Brgy. Commonwealth,Medium,222,214,734,214,0,2,200000000.0
24,CULIAT,Brgy. Culiat,Medium,425,68,483,68,5,6,20.0
24,DAMAR,Brgy. Damar,Low,74,1,216,1,73,215,194.52
24,DAMAYAN,Brgy. Damayan,Medium,76,7,39,7,9,4,-55.56
24,DAMAYANG_LAGI,Brgy. Damayang Lagi,Medium,236,20,374,20,10,17,70.0
24,DEL_MONTE,Brgy. Del Monte,Medium,226,11,181,11,19,15,-21.05
24,DIOQUINO_ZOBEL,Brgy. Dioquino Zobel,None,0,0,0,0,1,1,0.0
24,DONA_AURORA,Brgy. Dona Aurora,None,0,0,0,0,1,1,0.0
24,DONA_IMELDA,Brgy. Dona Imelda,Medium,96,12,26,12,7,1,-85.71
24,DONA_JOSEFA,Brgy. Dona Josefa,Low,105,1,34,1,104,33,-68.27
24,DON_MANUEL,Brgy. Don Manuel,Low,93,1,98,1,92,97,5.43
24,DUYAN_DUYAN,Brgy. Duyan-Duyan,Low,90,1,159,1,89,158,77.53
24,EAST_KAMIAS,Brgy. East Kamias,Medium,87,7,141,7,11,19,72.73
24,ESCOBA_1,Brgy. Escopa 1,None,0,0,0,0,1,1,0.0
24,ESCOBA_2,Brgy. Escopa 2,None,0,0,0,0,1,1,0.0
24,ESCOBA_3,Brgy. Escopa 3,None,0,0,0,0,1,1,0.0
24,ESCOBA_4,Brgy. Escopa 4,None,0,0,0,0,1,1,0.0
24,E_RODRIGUEZ,Brgy. E. Rodriguez,Medium,177,18,208,18,8,10,25.0
24,FAIRVIEW,Brgy. Fairview,Medium,240,62,360,62,2,4,100.0
24,GREATER_LAGRO,Brgy. Greater Lagro,Low,21,12,101,12,0,7,700000000.0
24,GULOD,Brgy. Gulod,Medium,288,63,249,63,3,2,-33.33
24,HOLY_SPIRIT,Brgy. Holy Spirit,None,0,0,0,0,1,1,0.0
24,HORSESHOE,Brgy. Horseshoe,Medium,97,3,244,3,31,80,158.06
24,IMMACULATE_CONCEPTION,Brgy. Immaculate Conception,Medium,30,9,111,9,2,11,450.0
24,KALIGAYAHAN,Brgy. Kaligayahan,Low,461,31,442,31,13,13,0.0
24,KALUSUGAN,Brgy. Kalusugan,High,95,10,194,10,8,18,125.0
24,KAMUNING,Brgy. Kamuning,Medium,259,15,274,15,16,17,6.25
24,KATIPUNAN,Brgy. Katipunan,Medium,161,11,251,11,13,21,61.54
24,KAUNLARAN,Brgy. Kaunlaran,None,0,0,0,0,1,1,0.0
24,KRISTONG_HARI,Brgy. Kristong Hari,Medium,199,7,72,7,27,9,-66.67
24,KRUS_NA_LIGAS,Brgy. Krus na Ligas,Low,320,11,289,11,28,25,-10.71
24,LAGING_HANDA,Brgy. Laging Handa,Low,137,3,200,3,44,65,47.73
24,LIBIS,Brgy. Libis,Medium,59,5,158,5,10,30,200.0
24,LOURDES,Brgy. Lourdes,Medium,91,5,159,5,17,30,76.47
24,LOYOLA_HEIGHTS,Brgy. Loyola Heights,Low,249,11,127,11,21,10,-52.38
24,MAHARLIKA,Brgy. Maharlika,Medium,208,5,91,5,40,17,-57.5
24,MALAYA,Brgy. Malaya,None,0,0,0,0,1,1,0.0
24,MANGGA,Brgy. Mangga,Low,106,6,157,6,16,25,56.25
24,MANRESA,Brgy. Manresa,Medium,267,18,152,18,13,7,-46.15
24,MARIANA,Brgy. Mariana,Medium,97,12,265,12,7,21,200.0
24,MARIBLO,Brgy. Mariblo,Medium,79,4,169,4,18,41,127.78
24,MARILAG,Brgy. Marilag,Low,255,7,164,7,35,22,-37.14
24,MASAGANA,Brgy. Masagana,Low,219,3,106,3,72,34,-52.78
24,MASAMBONG,Brgy. Masambong,Medium,183,9,225,9,19,24,26.32
24,MATANDANG_BALARA,Brgy. Matandang Balara,Medium,577,70,372,70,7,4,-42.86
24,MILAGROSA,Brgy. Milagrosa,Low,89,4,98,4,21,23,9.52
24,NAGKAISANG_NAYON,Brgy. Nagkaisang Nayon,Medium,405,54,373,54,6,5,-16.67
24,NAYONG_KANLURAN,Brgy. Nayong Kanluran,Medium,165,3,163,3,54,53,-1.85
24,NEW_ERA,Brgy. New Era,Low,285,8,340,8,34,41,20.59
24,NORTH_FAIRVIEW,Brgy. North Fairview,Low,208,23,89,23,8,2,-75.0
24,NOVALICHES_PROPER,Brgy. Novaliches Proper,Medium,248,16,302,16,14,17,21.43
24,NS_AMORANTO,Brgy. N. S. Amoranto,Medium,141,6,121,6,22,19,-13.64
24,OBRERO,Brgy. Obrero,Medium,104,10,84,10,9,7,-22.22
24,OLD_CAPITOL_SITE,Brgy. Old Capitol Site,Medium,115,2,175,2,56,86,53.57
24,PAANG_BUNDOK,Brgy. Paang Bundok,Low,103,3,143,3,33,46,39.39
24,PAG_IBIG_SA_NAYON,Brgy. Pag-Ibig sa Nayon,Medium,215,6,32,6,34,4,-88.24
24,PALIGSAHAN,Brgy. Paligsahan,Medium,150,4,156,4,36,38,5.56
24,PALTOK,Brgy. Paltok,Medium,257,19,250,19,12,12,0.0
24,PANSOL,Brgy. Pansol,Medium,164,36,204,36,3,4,33.33
24,PARAISO,Brgy. Paraiso,Medium,171,4,65,4,41,15,-63.41
24,PASONG_PUTIK_PROPER,Brgy. Pasong Putik Proper,Low,225,20,64,20,10,2,-80.0
24,PASONG_TAMO,Brgy. Pasong Tamo,Medium,672,111,202,111,5,0,-100.0
24,PAYATAS,Brgy. Payatas,Low,103,70,304,70,0,3,300000000.0
24,PHILAM,Brgy. Philam,Low,67,2,52,2,32,25,-21.87
24,PINAGKAISAHAN,Brgy. Pinagkaisahan,Medium,69,5,170,5,12,33,175.0
24,PINYAHAN,Brgy. Pinyahan,Medium,298,22,150,22,12,5,-58.33
24,PROJECT_6,Brgy. Project 6,Medium,113,12,71,12,8,4,-50.0
24,QUIRINO_2A,Brgy. Quirino 2-A,Medium,35,5,179,5,6,34,466.67
24,QUIRINO_2B,Brgy. Quirino 2-B,Medium,78,4,189,4,18,46,155.56
24,QUIRINO_2C,Brgy. Quirino 2-C,Medium,160,4,137,4,39,33,-15.38
24,QUIRINO_3A,Brgy. Quirino 3-A,Medium,45,2,131,2,21,64,204.76
24,QUIRINO_3B,Brgy. Quirino 3-B,Medium,155,4,262,4,37,64,72.97
24,RAMON_MAGSAYSAY,Brgy. Ramon Magsaysay,Medium,195,15,346,15,12,22,83.33
24,ROXAS,Brgy. Roxas,Medium,99,11,32,11,8,1,-87.5
24,SACRED_HEART,Brgy. Sacred Heart,Low,132,4,100,4,32,24,-25.0
24,SAINT_IGNATIUS,Brgy. Saint Ignatius,Low,143,2,87,2,70,42,-40.0
24,SAINT_PETER,Brgy. Saint Peter,Medium,152,5,110,5,29,21,-27.59
24,SALVACION,Brgy. Salvacion,Low,107,4,115,4,25,27,8.0
24,SANGANDAAN,Brgy. Sangandaan,Medium,313,22,152,22,13,5,-61.54
24,SANTOL,Brgy. Santol,Medium,116,7,118,7,15,15,0.0
24,SAN_AGUSTIN,Brgy. San Agustin,Low,262,13,390,13,19,29,52.63
24,SAN_ANTONIO,Brgy. San Antonio,Medium,230,23,54,23,9,1,-88.89
24,SAN_BARTOLOME,Brgy. San Bartolome,Medium,439,52,301,52,7,4,-42.86
24,SAN_ISIDRO,Brgy. San Isidro,Low,127,4,105,4,30,25,-16.67
24,SAN_ISIDRO_LABRADOR,Brgy. San Isidro Labrador,Low,198,4,205,4,48,50,4.17
24,SAN_JOSE,Brgy. San Jose,None,0,0,0,0,1,1,0.0
24,SAN_MARTIN_DE_PORRES,Brgy. San Martin de Porres,Medium,205,12,89,12,16,6,-62.5
24,SAN_ROQUE,Brgy. San Roque,Low,291,10,176,10,28,16,-42.86
24,SAN_VICENTE,Brgy. San Vicente,Medium,240,8,165,8,29,19,-34.48
24,SAUYO,Brgy. Sauyo,Medium,227,77,641,77,1,7,600.0
24,SIENA,Brgy. Siena,Medium,175,3,184,3,57,60,5.26
24,SIKATUNA_VILLAGE,Brgy. Sikatuna Village,Low,150,4,32,4,36,7,-80.56
24,SILANGAN,Brgy. Silangan,Medium,40,5,166,5,7,32,357.14
24,SOCORRO,Brgy. Socorro,Medium,270,23,247,23,10,9,-10.0
24,SOUTH_TRIANGLE,Brgy. South Triangle,Medium,86,15,126,15,4,7,75.0
24,STA_CRUZ,Brgy. Sta. Cruz,Medium,85,4,90,4,20,21,5.0
24,STA_LUCIA,Brgy. Sta. Lucia,Medium,177,29,17,29,5,0,-100.0
24,STA_MONICA,Brgy. Sta. Monica,Low,575,26,119,26,21,3,-85.71
24,STA_TERESITA,Brgy. Sta. Teresita,Low,161,6,174,6,25,28,12.0
24,STO_CRISTO,Brgy. Sto. Cristo,Medium,150,26,367,26,4,13,225.0
24,STO_DOMINGO,Brgy. Sto. Domingo,Medium,232,12,222,12,18,17,-5.56
24,STO_NINO,Brgy. Sto. Nino,None,0,0,0,0,1,1,0.0
24,TAGUMPAY,Brgy. Tagumpay,Medium,137,3,131,3,44,42,-4.55
24,TALAYAN,Brgy. Talayan,Medium,81,5,262,5,15,51,240.0
24,TALIPAPA,Brgy. Talipapa,Medium,220,39,436,39,4,10,150.0
24,TANDANG_SORA,Brgy. Tandang Sora,Medium,294,84,539,84,2,5,150.0
24,TATALON,Brgy. Tatalon,Medium,528,56,244,56,8,3,-62.5
24,TEACHERS_VILLAGE_EAST,Brgy. Teachers Village East,Low,141,2,183,2,69,90,30.43
24,TEACHERS_VILLAGE_WEST,Brgy. Teachers Village West,Low,89,2,164,2,43,81,88.37
24,UGONG_NORTE,Brgy. Ugong Norte,Medium,141,7,65,7,19,8,-57.89
24,UNANG_SIGAW,Brgy. Unang Sigaw,Low,172,4,103,4,42,24,-42.86
24,UP_CAMPUS,Brgy. UP Campus,Medium,127,48,65,48,1,0,-100.0
24,UP_VILLAGE,Brgy. UP Village,Low,37,2,158,2,17,78,358.82
24,VALENCIA,Brgy. Valencia,Medium,59,11,192,11,4,16,300.0
24,VASRA,Brgy. Vasra,Medium,186,8,174,8,22,20,-9.09
24,VETERANS_VILLAGE,Brgy. Veterans Village,Medium,232,13,128,13,16,8,-50.0
24,VILLA_MARIA_CLARA,Brgy. Villa Maria Clara,Low,169,2,119,2,83,58,-30.12
24,WEST_KAMIAS,Brgy. West Kamias,Medium,180,5,94,5,35,17,-51.43
24,WEST_TRIANGLE,Brgy. West Triangle,Medium,77,3,79,3,24,25,4.17
24,WHITE_PLAINS,Brgy. White Plains,Medium,148,4,174,4,36,42,16.67
25,ALICIA,Brgy. Alicia,Medium,168,7,168,7,23,23,0.0
25,AMIHAN,Brgy. Amihan,Low,189,2,154,2,93,76,-18.28
25,APOLONIO_SAMSON,Brgy. Apolonio Samson,Medium,240,34,446,34,6,12,100.0
25,BAESA,Brgy. Baesa,Medium,428,56,255,56,6,3,-50.0
25,BAGBAG,Brgy. Bagbag,Medium,419,65,265,65,5,3,-40.0
25,BAGONG_LIPUNAN_NG_CRAME,Brgy. Bagong Lipunan ng Crame,Low,82,7,124,7,10,16,60.0
25,BAGONG_PAG_ASA,Brgy. Bagong Pag-asa,Medium,275,30,151,30,8,4,-50.0
25,BAGONG_SILANGAN,Brgy. Bagong Silangan,Medium,129,107,324,107,0,2,200000000.0
25,BAGUMBAYAN,Brgy. Bagumbayan,Low,132,12,258,12,10,20,100.0
25,BAGUMBUHAY,Brgy. Bagumbuhay,Low,223,4,177,4,54,43,-20.37
25,BAHAY_TORO,Brgy. Bahay Toro,Medium,281,60,326,60,3,4,33.33
25,BALINGASA,Brgy. Balingasa,Medium,313,20,108,20,14,4,-71.43
25,BALUMBATO,Brgy. Balumbato,Low,240,4,44,4,59,10,-83.05
25,BATASAN_HILLS,Brgy. Batasan Hills,Medium,219,167,492,167,0,1,100000000.0
25,BAYANIHAN,Brgy. Bayanihan,Low,82,1,82,1,81,81,0.0
25,BLUE_RIDGE_A,Brgy. Blue Ridge A,None,0,0,0,0,1,1,0.0
25,BLUE_RIDGE_B,Brgy. Blue Ridge B,Low,28,1,125,1,27,124,359.26
25,BOTOCAN,Brgy. Botocan,Low,205,4,134,4,50,32,-36.0
25,BUNGAD,Brgy. Bungad,Medium,157,8,213,8,18,25,38.89
25,CAMP_AGUINALDO,Brgy. Camp Aguinaldo,None,0,0,0,0,1,1,0.0
25,CAPRI,Brgy. Capri,High,227,26,100,26,7,2,-71.43
25,CENTRAL,Brgy. Central,Medium,123,20,268,20,5,12,140.0
25,COMMONWEALTH,Brgy. Commonwealth,Medium,686,214,543,214,2,1,-50.0
25,CULIAT,Brgy. Culiat,Medium,460,68,572,68,5,7,40.0
25,DAMAR,Brgy. Damar,Low,79,1,157,1,78,156,100.0
25,DAMAYAN,Brgy. Damayan,Medium,213,7,158,7,29,21,-27.59
25,DAMAYANG_LAGI,Brgy. Damayang Lagi,Medium,293,20,96,20,13,3,-76.92
25,DEL_MONTE,Brgy. Del Monte,Medium,241,11,149,11,20,12,-40.0
25,DIOQUINO_ZOBEL,Brgy. Dioquino Zobel,None,0,0,0,0,1,1,0.0
25,DONA_AURORA,Brgy. Dona Aurora,None,0,0,0,0,1,1,0.0
25,DONA_IMELDA,Brgy. Dona Imelda,Medium,221,12,155,12,17,11,-35.29
25,DONA_JOSEFA,Brgy. Dona Josefa,None,0,0,0,0,1,1,0.0
25,DON_MANUEL,Brgy. Don Manuel,Low,158,1,110,1,157,109,-30.57
25,DUYAN_DUYAN,Brgy. Duyan-Duyan,None,0,0,0,0,1,1,0.0
25,EAST_KAMIAS,Brgy. East Kamias,Medium,182,7,138,7,25,18,-28.0
25,ESCOBA_1,Brgy. Escopa 1,None,0,0,0,0,1,1,0.0
25,ESCOBA_2,Brgy. Escopa 2,None,0,0,0,0,1,1,0.0
25,ESCOBA_3,Brgy. Escopa 3,None,0,0,0,0,1,1,0.0
25,ESCOBA_4,Brgy. Escopa 4,None,0,0,0,0,1,1,0.0
25,E_RODRIGUEZ,Brgy. E. Rodriguez,Low,68,9,69,9,6,6,0.0
25,FAIRVIEW,Brgy. Fairview,Medium,489,62,462,62,6,6,0.0
25,GREATER_LAGRO,Brgy. Greater Lagro,Medium,116,24,108,24,3,3,0.0
25,GULOD,Brgy. Gulod,Medium,421,63,243,63,5,2,-60.0
25,HOLY_SPIRIT,Brgy. Holy Spirit,Low,516,56,345,56,8,5,-37.5
25,HORSESHOE,Brgy. Horseshoe,Low,55,2,148,2,26,73,180.77
25,IMMACULATE_CONCEPTION,Brgy. Immaculate Conception,Medium,237,9,182,9,25,19,-24.0
25,KALIGAYAHAN,Brgy. Kaligayahan,Medium,63,61,288,61,0,3,300000000.0
25,KALUSUGAN,Brgy. Kalusugan,Medium,111,5,202,5,21,39,85.71
25,KAMUNING,Brgy. Kamuning,Medium,267,15,274,15,16,17,6.25
25,KATIPUNAN,Brgy. Katipunan,Medium,100,11,256,11,8,22,175.0
25,KAUNLARAN,Brgy. Kaunlaran,None,0,0,0,0,1,1,0.0
25,KRISTONG_HARI,Brgy. Kristong Hari,Medium,180,7,162,7,24,22,-8.33
25,KRUS_NA_LIGAS,Brgy. Krus na Ligas,Low,140,11,221,11,11,19,72.73
25,LAGING_HANDA,Brgy. Laging Handa,Low,33,3,78,3,10,25,150.0
25,LIBIS,Brgy. Libis,Medium,94,5,190,5,17,37,117.65
25,LOURDES,Brgy. Lourdes,Low,83,3,91,3,26,29,11.54
25,LOYOLA_HEIGHTS,Brgy. Loyola Heights,Low,335,11,141,11,29,11,-62.07
25,MAHARLIKA,Brgy. Maharlika,Medium,166,5,185,5,32,36,12.5
25,MALAYA,Brgy. Malaya,None,0,0,0,0,1,1,0.0
25,MANGGA,Brgy. Mangga,Low,132,6,175,6,21,28,33.33
25,MANRESA,Brgy. Manresa,Medium,186,18,70,18,9,2,-77.78
25,MARIANA,Brgy. Mariana,Medium,138,12,267,12,10,21,110.0
25,MARIBLO,Brgy. Mariblo,Medium,158,4,103,4,38,24,-36.84
25,MARILAG,Brgy. Marilag,Low,70,7,208,7,9,28,211.11
25,MASAGANA,Brgy. Masagana,Low,133,3,109,3,43,35,-18.6
25,MASAMBONG,Brgy. Masambong,Medium,172,9,222,9,18,23,27.78
25,MATANDANG_BALARA,Brgy. Matandang Balara,Medium,518,70,534,70,6,6,0.0
25,MILAGROSA,Brgy. Milagrosa,Low,109,4,143,4,26,34,30.77
25,NAGKAISANG_NAYON,Brgy. Nagkaisang Nayon,High,590,108,373,108,4,2,-50.0
25,NAYONG_KANLURAN,Brgy. Nayong Kanluran,Medium,66,3,113,3,21,36,71.43
25,NEW_ERA,Brgy. New Era,Low,212,8,236,8,25,28,12.0
25,NORTH_FAIRVIEW,Brgy. North Fairview,Medium,357,45,343,45,6,6,0.0
25,NOVALICHES_PROPER,Brgy. Novaliches Proper,Medium,230,16,297,16,13,17,30.77
25,NS_AMORANTO,Brgy. N. S. Amoranto,Medium,120,6,108,6,19,17,-10.53
25,OBRERO,Brgy. Obrero,Medium,210,10,197,10,20,18,-10.0
25,OLD_CAPITOL_SITE,Brgy. Old Capitol Site,Medium,73,2,97,2,35,47,34.29
25,PAANG_BUNDOK,Brgy. Paang Bundok,Low,163,3,132,3,53,43,-18.87
25,PAG_IBIG_SA_NAYON,Brgy. Pag-Ibig sa Nayon,Medium,80,6,59,6,12,8,-33.33
25,PALIGSAHAN,Brgy. Paligsahan,Low,72,2,114,2,35,56,60.0
25,PALTOK,Brgy. Paltok,Medium,271,19,149,19,13,6,-53.85
25,PANSOL,Brgy. Pansol,Medium,279,36,404,36,6,10,66.67
25,PARAISO,Brgy. Paraiso,Medium,76,4,178,4,18,43,138.89
25,PASONG_PUTIK_PROPER,Brgy. Pasong Putik Proper,Low,472,20,312,20,22,14,-36.36
25,PASONG_TAMO,Brgy. Pasong Tamo,Medium,213,111,118,111,0,0,0.0
25,PAYATAS,Brgy. Payatas,Medium,238,140,739,140,0,4,400000000.0
25,PHILAM,Brgy. Philam,Low,94,2,131,2,46,64,39.13
25,PINAGKAISAHAN,Brgy. Pinagkaisahan,Medium,108,5,102,5,20,19,-5.0
25,PINYAHAN,Brgy. Pinyahan,Low,385,11,293,11,34,25,-26.47
25,PROJECT_6,Brgy. Project 6,Medium,124,12,99,12,9,7,-22.22
25,QUIRINO_2A,Brgy. Quirino 2-A,Medium,47,5,119,5,8,22,175.0
25,QUIRINO_2B,Brgy. Quirino 2-B,Low,52,2,112,2,25,55,120.0
25,QUIRINO_2C,Brgy. Quirino 2-C,Medium,192,4,97,4,47,23,-51.06
25,QUIRINO_3A,Brgy. Quirino 3-A,Medium,115,2,21,2,56,9,-83.93
25,QUIRINO_3B,Brgy. Quirino 3-B,Medium,77,4,97,4,18,23,27.78
25,RAMON_MAGSAYSAY,Brgy. Ramon Magsaysay,Medium,76,15,203,15,4,12,200.0
25,ROXAS,Brgy. Roxas,Medium,213,11,269,11,18,23,27.78
25,SACRED_HEART,Brgy. Sacred Heart,None,0,0,0,0,1,1,0.0
25,SAINT_IGNATIUS,Brgy. Saint Ignatius,Low,108,2,188,2,53,93,75.47
25,SAINT_PETER,Brgy. Saint Peter,Medium,113,5,184,5,21,35,66.67
25,SALVACION,Brgy. Salvacion,Low,157,4,114,4,38,27,-28.95
25,SANGANDAAN,Brgy. Sangandaan,Medium,54,22,213,22,1,8,700.0
25,SANTOL,Brgy. Santol,Low,47,4,49,4,10,11,10.0
25,SAN_AGUSTIN,Brgy. San Agustin,Medium,263,26,271,26,9,9,0.0
25,SAN_ANTONIO,Brgy. San Antonio,Medium,131,23,239,23,4,9,125.0
25,SAN_BARTOLOME,Brgy. San Bartolome,Medium,388,52,300,52,6,4,-33.33
25,SAN_ISIDRO,Brgy. San Isidro,Low,151,4,61,4,36,14,-61.11
25,SAN_ISIDRO_LABRADOR,Brgy. San Isidro Labrador,Low,109,4,40,4,26,9,-65.38
25,SAN_JOSE,Brgy. San Jose,None,0,0,0,0,1,1,0.0
25,SAN_MARTIN_DE_PORRES,Brgy. San Martin de Porres,Low,178,6,203,6,28,32,14.29
25,SAN_ROQUE,Brgy. San Roque,None,0,0,0,0,1,1,0.0
25,SAN_VICENTE,Brgy. San Vicente,Low,138,4,223,4,33,54,63.64
25,SAUYO,Brgy. Sauyo,Medium,647,77,105,77,7,0,-100.0
25,SIENA,Brgy. Siena,Medium,216,3,64,3,71,20,-71.83
25,SIKATUNA_VILLAGE,Brgy. Sikatuna Village,Low,170,4,104,4,41,25,-39.02
25,SILANGAN,Brgy. Silangan,Medium,179,5,126,5,34,24,-29.41
25,SOCORRO,Brgy. Socorro,Medium,253,23,300,23,10,12,20.0
25,SOUTH_TRIANGLE,Brgy. South Triangle,Medium,113,15,247,15,6,15,150.0
25,STA_CRUZ,Brgy. Sta. Cruz,Medium,154,4,85,4,37,20,-45.95
25,STA_LUCIA,Brgy. Sta. Lucia,Medium,176,29,306,29,5,9,80.0
25,STA_MONICA,Brgy. Sta. Monica,Medium,319,52,376,52,5,6,20.0
25,STA_TERESITA,Brgy. Sta. Teresita,None,0,0,0,0,1,1,0.0
25,STO_CRISTO,Brgy. Sto. Cristo,Medium,323,26,204,26,11,6,-45.45
25,STO_DOMINGO,Brgy. Sto. Domingo,Medium,128,12,199,12,9,15,66.67
25,STO_NINO,Brgy. Sto. Nino,None,0,0,0,0,1,1,0.0
25,TAGUMPAY,Brgy. Tagumpay,Low,72,2,83,2,35,40,14.29
25,TALAYAN,Brgy. Talayan,Medium,213,5,139,5,41,26,-36.59
25,TALIPAPA,Brgy. Talipapa,Medium,8,39,359,39,0,8,800000000.0
25,TANDANG_SORA,Brgy. Tandang Sora,Medium,658,84,547,84,6,5,-16.67
25,TATALON,Brgy. Tatalon,Medium,438,56,348,56,6,5,-16.67
25,TEACHERS_VILLAGE_EAST,Brgy. Teachers Village East,Low,101,2,58,2,49,28,-42.86
25,TEACHERS_VILLAGE_WEST,Brgy. Teachers Village West,Low,170,2,37,2,84,17,-79.76
25,UGONG_NORTE,Brgy. Ugong Norte,Low,107,4,185,4,25,45,80.0
25,UNANG_SIGAW,Brgy. Unang Sigaw,Low,141,4,26,4,34,5,-85.29
25,UP_CAMPUS,Brgy. UP Campus,Medium,263,48,340,48,4,6,50.0
25,UP_VILLAGE,Brgy. UP Village,None,0,0,0,0,1,1,0.0
25,VALENCIA,Brgy. Valencia,Medium,106,11,137,11,8,11,37.5
25,VASRA,Brgy. Vasra,Medium,155,8,151,8,18,17,-5.56
25,VETERANS_VILLAGE,Brgy. Veterans Village,Medium,254,13,218,13,18,15,-16.67
25,VILLA_MARIA_CLARA,Brgy. Villa Maria Clara,None,0,0,0,0,1,1,0.0
25,WEST_KAMIAS,Brgy. West Kamias,Medium,185,5,160,5,36,31,-13.89
25,WEST_TRIANGLE,Brgy. West Triangle,Medium,200,3,203,3,65,66,1.54
25,WHITE_PLAINS,Brgy. White Plains,Low,56,2,158,2,27,78,188.89
26,ALICIA,Brgy. Alicia,Medium,194,7,191,7,26,26,0.0
26,AMIHAN,Brgy. Amihan,Low,132,2,68,2,65,33,-49.23
26,APOLONIO_SAMSON,Brgy. Apolonio Samson,Medium,353,34,258,34,9,6,-33.33
26,BAESA,Brgy. Baesa,Medium,581,56,282,56,9,4,-55.56
26,BAGBAG,Brgy. Bagbag,Medium,525,65,386,65,7,4,-42.86
26,BAGONG_LIPUNAN_NG_CRAME,Brgy. Bagong Lipunan ng Crame,Low,112,7,248,7,15,34,126.67
26,BAGONG_PAG_ASA,Brgy. Bagong Pag-asa,Medium,262,30,377,30,7,11,57.14
26,BAGONG_SILANGAN,Brgy. Bagong Silangan,Medium,213,107,233,107,0,1,100000000.0
26,BAGUMBAYAN,Brgy. Bagumbayan,Low,304,12,122,12,24,9,-62.5
26,BAGUMBUHAY,Brgy. Bagumbuhay,Medium,204,7,30,7,28,3,-89.29
26,BAHAY_TORO,Brgy. Bahay Toro,Medium,296,60,384,60,3,5,66.67
26,BALINGASA,Brgy. Balingasa,Medium,172,20,183,20,7,8,14.29
26,BALUMBATO,Brgy. Balumbato,Low,221,4,180,4,54,44,-18.52
26,BATASAN_HILLS,Brgy. Batasan Hills,Medium,786,167,578,167,3,2,-33.33
26,BAYANIHAN,Brgy. Bayanihan,Low,156,1,172,1,155,171,10.32
26,BLUE_RIDGE_A,Brgy. Blue Ridge A,None,0,0,0,0,1,1,0.0
26,BLUE_RIDGE_B,Brgy. Blue Ridge B,Low,115,1,174,1,114,173,51.75
26,BOTOCAN,Brgy. Botocan,Low,212,4,153,4,52,37,-28.85
26,BUNGAD,Brgy. Bungad,Medium,116,8,51,8,13,5,-61.54
26,CAMP_AGUINALDO,Brgy. Camp Aguinaldo,None,0,0,0,0,1,1,0.0
26,CAPRI,Brgy. Capri,Medium,117,13,271,13,8,19,137.5
26,CENTRAL,Brgy. Central,Medium,131,20,328,20,5,15,200.0
26,COMMONWEALTH,Brgy. Commonwealth,Medium,296,214,561,214,0,1,100000000.0
26,CULIAT,Brgy. Culiat,Medium,656,68,201,68,8,1,-87.5
26,DAMAR,Brgy. Damar,Low,162,1,95,1,161,94,-41.61
26,DAMAYAN,Brgy. Damayan,Medium,94,7,234,7,12,32,166.67
26,DAMAYANG_LAGI,Brgy. Damayang Lagi,Medium,163,20,263,20,7,12,71.43
26,DEL_MONTE,Brgy. Del Monte,Medium,286,11,191,11,25,16,-36.0
26,DIOQUINO_ZOBEL,Brgy. Dioquino Zobel,None,0,0,0,0,1,1,0.0
26,DONA_AURORA,Brgy. Dona Aurora,None,0,0,0,0,1,1,0.0
26,DONA_IMELDA,Brgy. Dona Imelda,Medium,149,12,268,12,11,21,90.91
26,DONA_JOSEFA,Brgy. Dona Josefa,None,0,0,0,0,1,1,0.0
26,DON_MANUEL,Brgy. Don Manuel,Low,52,1,131,1,51,130,154.9
26,DUYAN_DUYAN,Brgy. Duyan-Duyan,None,0,0,0,0,1,1,0.0
26,EAST_KAMIAS,Brgy. East Kamias,Medium,200,7,222,7,27,30,11.11
26,ESCOBA_1,Brgy. Escopa 1,None,0,0,0,0,1,1,0.0
26,ESCOBA_2,Brgy. Escopa 2,None,0,0,0,0,1,1,0.0
26,ESCOBA_3,Brgy. Escopa 3,None,0,0,0,0,1,1,0.0
26,ESCOBA_4,Brgy. Escopa 4,None,0,0,0,0,1,1,0.0
26,E_RODRIGUEZ,Brgy. E. Rodriguez,Medium,233,18,145,18,11,7,-36.36
26,FAIRVIEW,Brgy. Fairview,Medium,513,62,474,62,7,6,-14.29
26,GREATER_LAGRO,Brgy. Greater Lagro,Medium,131,24,322,24,4,12,200.0
26,GULOD,Brgy. Gulod,High,150,126,267,126,0,1,100000000.0
26,HOLY_SPIRIT,Brgy. Holy Spirit,Low,876,56,118,56,14,1,-92.86
26,HORSESHOE,Brgy. Horseshoe,Low,130,2,124,2,64,61,-4.69
26,IMMACULATE_CONCEPTION,Brgy. Immaculate Conception,Medium,213,9,77,9,22,7,-68.18
26,KALIGAYAHAN,Brgy. Kaligayahan,Medium,35,61,250,61,0,3,300000000.0
26,KALUSUGAN,Brgy. Kalusugan,Medium,157,5,218,5,30,42,40.0
26,KAMUNING,Brgy. Kamuning,Medium,271,15,157,15,17,9,-47.06
26,KATIPUNAN,Brgy. Katipunan,Medium,185,11,126,11,15,10,-33.33
26,KAUNLARAN,Brgy. Kaunlaran,None,0,0,0,0,1,1,0.0
26,KRISTONG_HARI,Brgy. Kristong Hari,Medium,109,7,195,7,14,26,85.71
26,KRUS_NA_LIGAS,Brgy. Krus na Ligas,Low,76,11,28,11,5,1,-80.0
26,LAGING_HANDA,Brgy. Laging Handa,Low,214,3,16,3,70,4,-94.29
26,LIBIS,Brgy. Libis,Medium,60,5,234,5,11,45,309.09
26,LOURDES,Brgy. Lourdes,Medium,104,5,47,5,19,8,-57.89
26,LOYOLA_HEIGHTS,Brgy. Loyola Heights,Low,75,11,39,11,5,2,-60.0
26,MAHARLIKA,Brgy. Maharlika,Medium,133,5,94,5,25,17,-32.0
26,MALAYA,Brgy. Malaya,None,0,0,0,0,1,1,0.0
26,MANGGA,Brgy. Mangga,Low,16,6,203,6,1,32,3100.0
26,MANRESA,Brgy. Manresa,Medium,246,18,50,18,12,1,-91.67
26,MARIANA,Brgy. Mariana,Medium,223,12,36,12,17,2,-88.24
26,MARIBLO,Brgy. Mariblo,Medium,204,4,163,4,50,39,-22.0
26,MARILAG,Brgy. Marilag,Low,274,7,205,7,38,28,-26.32
26,MASAGANA,Brgy. Masagana,Low,157,3,155,3,51,50,-1.96
26,MASAMBONG,Brgy. Masambong,Medium,104,9,241,9,10,25,150.0
26,MATANDANG_BALARA,Brgy. Matandang Balara,Medium,357,70,236,70,4,2,-50.0
26,MILAGROSA,Brgy. Milagrosa,Low,88,4,154,4,21,37,76.19
26,NAGKAISANG_NAYON,Brgy. Nagkaisang Nayon,Medium,208,54,502,54,2,8,300.0
26,NAYONG_KANLURAN,Brgy. Nayong Kanluran,Medium,66,3,67,3,21,21,0.0
26,NEW_ERA,Brgy. New Era,Low,118,8,149,8,13,17,30.77
26,NORTH_FAIRVIEW,Brgy. North Fairview,Medium,170,45,441,45,2,8,300.0
26,NOVALICHES_PROPER,Brgy. Novaliches Proper,Medium,33,16,218,16,1,12,1100.0
26,NS_AMORANTO,Brgy. N. S. Amoranto,Medium,175,6,128,6,28,20,-28.57
26,OBRERO,Brgy. Obrero,Medium,137,10,129,10,12,11,-8.33
26,OLD_CAPITOL_SITE,Brgy. Old Capitol Site,Medium,131,2,83,2,64,40,-37.5
26,PAANG_BUNDOK,Brgy. Paang Bundok,Low,140,3,96,3,45,31,-31.11
26,PAG_IBIG_SA_NAYON,Brgy. Pag-Ibig sa Nayon,Medium,176,6,105,6,28,16,-42.86
26,PALIGSAHAN,Brgy. Paligsahan,Low,229,2,154,2,113,76,-32.74
26,PALTOK,Brgy. Paltok,Medium,175,19,309,19,8,15,87.5
26,PANSOL,Brgy. Pansol,Medium,274,36,480,36,6,12,100.0
26,PARAISO,Brgy. Paraiso,Medium,110,4,196,4,26,48,84.62
26,PASONG_PUTIK_PROPER,Brgy. Pasong Putik Proper,Medium,129,40,309,40,2,6,200.0
26,PASONG_TAMO,Brgy. Pasong Tamo,Medium,174,111,380,111,0,2,200000000.0
26,PAYATAS,Brgy. Payatas,Medium,413,140,143,140,1,0,-100.0
26,PHILAM,Brgy. Philam,Low,156,2,180,2,77,89,15.58
26,PINAGKAISAHAN,Brgy. Pinagkaisahan,Medium,51,5,132,5,9,25,177.78
26,PINYAHAN,Brgy. Pinyahan,Medium,297,22,265,22,12,11,-8.33
26,PROJECT_6,Brgy. Project 6,Low,285,6,133,6,46,21,-54.35
26,QUIRINO_2A,Brgy. Quirino 2-A,Medium,168,5,190,5,32,37,15.62
26,QUIRINO_2B,Brgy. Quirino 2-B,Medium,207,4,192,4,50,47,-6.0
26,QUIRINO_2C,Brgy. Quirino 2-C,Medium,185,4,138,4,45,33,-26.67
26,QUIRINO_3A,Brgy. Quirino 3-A,Medium,76,2,70,2,37,34,-8.11
26,QUIRINO_3B,Brgy. Quirino 3-B,Medium,136,4,153,4,33,37,12.12
26,RAMON_MAGSAYSAY,Brgy. Ramon Magsaysay,Medium,130,15,87,15,7,4,-42.86
26,ROXAS,Brgy. Roxas,Medium,179,11,15,11,15,0,-100.0
26,SACRED_HEART,Brgy. Sacred Heart,None,0,0,0,0,1,1,0.0
26,SAINT_IGNATIUS,Brgy. Saint Ignatius,Low,46,2,57,2,22,27,22.73
26,SAINT_PETER,Brgy. Saint Peter,Medium,173,5,119,5,33,22,-33.33
26,SALVACION,Brgy. Salvacion,Low,56,4,166,4,13,40,207.69
26,SANGANDAAN,Brgy. Sangandaan,Medium,190,22,309,22,7,13,85.71
26,SANTOL,Brgy. Santol,Low,221,4,105,4,54,25,-53.7
26,SAN_AGUSTIN,Brgy. San Agustin,Medium,295,26,312,26,10,11,10.0
26,SAN_ANTONIO,Brgy. San Antonio,Medium,180,23,154,23,6,5,-16.67
26,SAN_BARTOLOME,Brgy. San Bartolome,Medium,325,52,273,52,5,4,-20.0
26,SAN_ISIDRO,Brgy. San Isidro,Low,208,4,133,4,51,32,-37.25
26,SAN_ISIDRO_LABRADOR,Brgy. San Isidro Labrador,Low,114,4,229,4,27,56,107.41
26,SAN_JOSE,Brgy. San Jose,None,0,0,0,0,1,1,0.0
26,SAN_MARTIN_DE_PORRES,Brgy. San Martin de Porres,Low,145,6,176,6,23,28,21.74
26,SAN_ROQUE,Brgy. San Roque,None,0,0,0,0,1,1,0.0
26,SAN_VICENTE,Brgy. San Vicente,Low,152,4,58,4,37,13,-64.86
26,SAUYO,Brgy. Sauyo,Medium,580,77,710,77,6,8,33.33
26,SIENA,Brgy. Siena,Medium,69,3,107,3,22,34,54.55
26,SIKATUNA_VILLAGE,Brgy. Sikatuna Village,Low,132,4,210,4,32,51,59.37
26,SILANGAN,Brgy. Silangan,Medium,246,5,70,5,48,13,-72.92
26,SOCORRO,Brgy. Socorro,Medium,87,23,348,23,2,14,600.0
26,SOUTH_TRIANGLE,Brgy. South Triangle,Medium,100,15,250,15,5,15,200.0
26,STA_CRUZ,Brgy. Sta. Cruz,Medium,28,4,120,4,6,29,383.33
26,STA_LUCIA,Brgy. Sta. Lucia,Medium,89,29,312,29,2,9,350.0
26,STA_MONICA,Brgy. Sta. Monica,Medium,556,52,339,52,9,5,-44.44
26,STA_TERESITA,Brgy. Sta. Teresita,None,0,0,0,0,1,1,0.0
26,STO_CRISTO,Brgy. Sto. Cristo,Medium,79,26,185,26,2,6,200.0
26,STO_DOMINGO,Brgy. Sto. Domingo,Medium,127,12,295,12,9,23,155.56
26,STO_NINO,Brgy. Sto. Nino,None,0,0,0,0,1,1,0.0
26,TAGUMPAY,Brgy. Tagumpay,Low,65,2,55,2,31,26,-16.13
26,TALAYAN,Brgy. Talayan,Medium,119,5,68,5,22,12,-45.45
26,TALIPAPA,Brgy. Talipapa,Medium,465,39,107,39,10,1,-90.0
26,TANDANG_SORA,Brgy. Tandang Sora,Medium,396,84,209,84,3,1,-66.67
26,TATALON,Brgy. Tatalon,Medium,259,56,385,56,3,5,66.67
26,TEACHERS_VILLAGE_EAST,Brgy. Teachers Village East,Low,202,2,132,2,100,65,-35.0
26,TEACHERS_VILLAGE_WEST,Brgy. Teachers Village West,Low,64,2,67,2,31,32,3.23
26,UGONG_NORTE,Brgy. Ugong Norte,Low,100,4,246,4,24,60,150.0
26,UNANG_SIGAW,Brgy. Unang Sigaw,Low,178,4,82,4,43,19,-55.81
26,UP_CAMPUS,Brgy. UP Campus,Medium,341,48,529,48,6,10,66.67
26,UP_VILLAGE,Brgy. UP Village,Low,154,2,229,2,76,113,48.68
26,VALENCIA,Brgy. Valencia,Medium,120,11,116,11,9,9,0.0
26,VASRA,Brgy. Vasra,Medium,35,8,91,8,3,10,233.33
26,VETERANS_VILLAGE,Brgy. Veterans Village,Medium,175,13,136,13,12,9,-25.0
26,VILLA_MARIA_CLARA,Brgy. Villa Maria Clara,None,0,0,0,0,1,1,0.0
26,WEST_KAMIAS,Brgy. West Kamias,Medium,182,5,203,5,35,39,11.43
26,WEST_TRIANGLE,Brgy. West Triangle,Medium,60,3,93,3,19,30,57.89
26,WHITE_PLAINS,Brgy. White Plains,Low,195,2,192,2,96,95,-1.04
27,ALICIA,Brgy. Alicia,Medium,178,7,143,7,24,19,-20.83
27,AMIHAN,Brgy. Amihan,Low,115,2,194,2,56,96,71.43
27,APOLONIO_SAMSON,Brgy. Apolonio Samson,Medium,468,34,108,34,12,2,-83.33
27,BAESA,Brgy. Baesa,Medium,182,56,404,56,2,6,200.0
27,BAGBAG,Brgy. Bagbag,Medium,595,65,310,65,8,3,-62.5
27,BAGONG_LIPUNAN_NG_CRAME,Brgy. Bagong Lipunan ng Crame,Low,242,7,295,7,33,41,24.24
27,BAGONG_PAG_ASA,Brgy. Bagong Pag-asa,Medium,161,30,176,30,4,4,0.0
27,BAGONG_SILANGAN,Brgy. Bagong Silangan,Medium,474,107,390,107,3,2,-33.33
27,BAGUMBAYAN,Brgy. Bagumbayan,Low,176,12,260,12,13,20,53.85
27,BAGUMBUHAY,Brgy. Bagumbuhay,Medium,73,7,22,7,9,2,-77.78
27,BAHAY_TORO,Brgy. Bahay Toro,Medium,451,60,261,60,6,3,-50.0
27,BALINGASA,Brgy. Balingasa,Medium,98,20,223,20,3,10,233.33
27,BALUMBATO,Brgy. Balumbato,Low,161,4,190,4,39,46,17.95
27,BATASAN_HILLS,Brgy. Batasan Hills,Medium,548,167,417,167,2,1,-50.0
27,BAYANIHAN,Brgy. Bayanihan,Low,105,1,173,1,104,172,65.38
27,BLUE_RIDGE_A,Brgy. Blue Ridge A,None,0,0,0,0,1,1,0.0
27,BLUE_RIDGE_B,Brgy. Blue Ridge B,Low,133,1,177,1,132,176,33.33
27,BOTOCAN,Brgy. Botocan,Low,63,4,117,4,14,28,100.0
27,BUNGAD,Brgy. Bungad,Medium,138,8,189,8,16,22,37.5
27,CAMP_AGUINALDO,Brgy. Camp Aguinaldo,None,0,0,0,0,1,1,0.0
27,CAPRI,Brgy. Capri,Medium,60,13,255,13,3,18,500.0
27,CENTRAL,Brgy. Central,Medium,189,20,249,20,8,11,37.5
27,COMMONWEALTH,Brgy. Commonwealth,Medium,862,214,377,214,3,0,-100.0
27,CULIAT,Brgy. Culiat,Medium,258,68,524,68,2,6,200.0
27,DAMAR,Brgy. Damar,Low,16,1,31,1,15,30,100.0
27,DAMAYAN,Brgy. Damayan,Medium,134,7,170,7,18,23,27.78
27,DAMAYANG_LAGI,Brgy. Damayang Lagi,Medium,106,20,168,20,4,7,75.0
27,DEL_MONTE,Brgy. Del Monte,Medium,197,11,172,11,16,14,-12.5
27,DIOQUINO_ZOBEL,Brgy. Dioquino Zobel,None,0,0,0,0,1,1,0.0
27,DONA_AURORA,Brgy. Dona Aurora,None,0,0,0,0,1,1,0.0
27,DONA_IMELDA,Brgy. Dona Imelda,Medium,131,12,57,12,9,3,-66.67
27,DONA_JOSEFA,Brgy. Dona Josefa,None,0,0,0,0,1,1,0.0
27,DON_MANUEL,Brgy. Don Manuel,Low,89,1,164,1,88,163,85.23
27,DUYAN_DUYAN,Brgy. Duyan-Duyan,None,0,0,0,0,1,1,0.0
27,EAST_KAMIAS,Brgy. East Kamias,Medium,207,7,153,7,28,20,-28.57
27,ESCOBA_1,Brgy. Escopa 1,None,0,0,0,0,1,1,0.0
27,ESCOBA_2,Brgy. Escopa 2,None,0,0,0,0,1,1,0.0
27,ESCOBA_3,Brgy. Escopa 3,None,0,0,0,0,1,1,0.0
27,ESCOBA_4,Brgy. Escopa 4,None,0,0,0,0,1,1,0.0
27,E_RODRIGUEZ,Brgy. E. Rodriguez,Low,54,9,225,9,5,24,380.0
27,FAIRVIEW,Brgy. Fairview,Medium,386,62,542,62,5,7,40.0
27,GREATER_LAGRO,Brgy. Greater Lagro,Medium,210,24,306,24,7,11,57.14
27,GULOD,Brgy. Gulod,High,363,126,486,126,1,2,100.0
27,HOLY_SPIRIT,Brgy. Holy Spirit,Low,383,56,472,56,5,7,40.0
27,HORSESHOE,Brgy. Horseshoe,Low,169,2,167,2,83,82,-1.2
27,IMMACULATE_CONCEPTION,Brgy. Immaculate Conception,Medium,84,9,233,9,8,24,200.0
27,KALIGAYAHAN,Brgy. Kaligayahan,Medium,24,61,494,61,0,7,700000000.0
27,KALUSUGAN,Brgy. Kalusugan,Medium,185,5,114,5,36,21,-41.67
27,KAMUNING,Brgy. Kamuning,Medium,71,15,137,15,3,8,166.67
27,KATIPUNAN,Brgy. Katipunan,Medium,248,11,61,11,21,4,-80.95
27,KAUNLARAN,Brgy. Kaunlaran,None,0,0,0,0,1,1,0.0
27,KRISTONG_HARI,Brgy. Kristong Hari,Medium,95,7,188,7,12,25,108.33
27,KRUS_NA_LIGAS,Brgy. Krus na Ligas,None,0,0,0,0,1,1,0.0
27,LAGING_HANDA,Brgy. Laging Handa,Low,193,3,226,3,63,74,17.46
27,LIBIS,Brgy. Libis,Medium,116,5,116,5,22,22,0.0
27,LOURDES,Brgy. Lourdes,Medium,169,5,143,5,32,27,-15.62
27,LOYOLA_HEIGHTS,Brgy. Loyola Heights,Low,200,11,306,11,17,26,52.94
27,MAHARLIKA,Brgy. Maharlika,Medium,119,5,103,5,22,19,-13.64
27,MALAYA,Brgy. Malaya,None,0,0,0,0,1,1,0.0
27,MANGGA,Brgy. Mangga,Low,198,6,61,6,32,9,-71.87
27,MANRESA,Brgy. Manresa,Medium,176,18,298,18,8,15,87.5
27,MARIANA,Brgy. Mariana,Medium,230,12,200,12,18,15,-16.67
27,MARIBLO,Brgy. Mariblo,Medium,92,4,154,4,22,37,68.18
27,MARILAG,Brgy. Marilag,Low,32,7,111,7,3,14,366.67
27,MASAGANA,Brgy. Masagana,Low,214,3,74,3,70,23,-67.14
27,MASAMBONG,Brgy. Masambong,Medium,60,9,251,9,5,26,420.0
27,MATANDANG_BALARA,Brgy. Matandang Balara,Medium,596,70,571,70,7,7,0.0
27,MILAGROSA,Brgy. Milagrosa,Low,19,4,172,4,3,42,1300.0
27,NAGKAISANG_NAYON,Brgy. Nagkaisang Nayon,Medium,498,54,225,54,8,3,-62.5
27,NAYONG_KANLURAN,Brgy. Nayong Kanluran,Medium,185,3,214,3,60,70,16.67
27,NEW_ERA,Brgy. New Era,Low,41,8,246,8,4,29,625.0
27,NORTH_FAIRVIEW,Brgy. North Fairview,Medium,141,45,61,45,2,0,-100.0
27,NOVALICHES_PROPER,Brgy. Novaliches Proper,Medium,238,16,244,16,13,14,7.69
27,NS_AMORANTO,Brgy. N. S. Amoranto,Medium,133,6,203,6,21,32,52.38
27,OBRERO,Brgy. Obrero,Low,299,5,250,5,58,49,-15.52
27,OLD_CAPITOL_SITE,Brgy. Old Capitol Site,Medium,99,2,128,2,48,63,31.25
27,PAANG_BUNDOK,Brgy. Paang Bundok,Low,230,3,139,3,75,45,-40.0
27,PAG_IBIG_SA_NAYON,Brgy. Pag-Ibig sa Nayon,Medium,110,6,41,6,17,5,-70.59
27,PALIGSAHAN,Brgy. Paligsahan,Low,102,2,165,2,50,81,62.0
27,PALTOK,Brgy. Paltok,Medium,216,19,284,19,10,13,30.0
27,PANSOL,Brgy. Pansol,Medium,386,36,467,36,9,11,22.22
27,PARAISO,Brgy. Paraiso,Medium,146,4,97,4,35,23,-34.29
27,PASONG_PUTIK_PROPER,Brgy. Pasong Putik Proper,Low,374,20,234,20,17,10,-41.18
27,PASONG_TAMO,Brgy. Pasong Tamo,Medium,294,111,681,111,1,5,400.0
27,PAYATAS,Brgy. Payatas,Medium,562,140,347,140,3,1,-66.67
27,PHILAM,Brgy. Philam,Low,122,2,147,2,60,72,20.0
27,PINAGKAISAHAN,Brgy. Pinagkaisahan,Low,153,3,105,3,50,34,-32.0
27,PINYAHAN,Brgy. Pinyahan,Low,195,11,125,11,16,10,-37.5
27,PROJECT_6,Brgy. Project 6,Low,49,6,134,6,7,21,200.0
27,QUIRINO_2A,Brgy. Quirino 2-A,Medium,144,5,15,5,27,2,-92.59
27,QUIRINO_2B,Brgy. Quirino 2-B,Medium,144,4,196,4,35,48,37.14
27,QUIRINO_2C,Brgy. Quirino 2-C,Low,119,2,167,2,58,82,41.38
27,QUIRINO_3A,Brgy. Quirino 3-A,Medium,132,2,117,2,65,57,-12.31
27,QUIRINO_3B,Brgy. Quirino 3-B,Medium,66,4,148,4,15,36,140.0
27,RAMON_MAGSAYSAY,Brgy. Ramon Magsaysay,Medium,310,15,244,15,19,15,-21.05
27,ROXAS,Brgy. Roxas,Medium,247,11,26,11,21,1,-95.24
27,SACRED_HEART,Brgy. Sacred Heart,None,0,0,0,0,1,1,0.0
27,SAINT_IGNATIUS,Brgy. Saint Ignatius,Low,102,2,21,2,50,9,-82.0
27,SAINT_PETER,Brgy. Saint Peter,Medium,85,5,170,5,16,33,106.25
27,SALVACION,Brgy. Salvacion,Low,213,4,85,4,52,20,-61.54
27,SANGANDAAN,Brgy. Sangandaan,Medium,204,22,244,22,8,10,25.0
27,SANTOL,Brgy. Santol,Low,205,4,126,4,50,30,-40.0
27,SAN_AGUSTIN,Brgy. San Agustin,Medium,309,26,348,26,10,12,20.0
27,SAN_ANTONIO,Brgy. San Antonio,Medium,182,23,99,23,6,3,-50.0
27,SAN_BARTOLOME,Brgy. San Bartolome,Medium,342,52,49,52,5,0,-100.0
27,SAN_ISIDRO,Brgy. San Isidro,Low,128,4,175,4,31,42,35.48
27,SAN_ISIDRO_LABRADOR,Brgy. San Isidro Labrador,Low,55,4,66,4,12,15,25.0
27,SAN_JOSE,Brgy. San Jose,None,0,0,0,0,1,1,0.0
27,SAN_MARTIN_DE_PORRES,Brgy. San Martin de Porres,Low,117,6,184,6,18,29,61.11
27,SAN_ROQUE,Brgy. San Roque,None,0,0,0,0,1,1,0.0
27,SAN_VICENTE,Brgy. San Vicente,Low,183,4,183,4,44,44,0.0
27,SAUYO,Brgy. Sauyo,Medium,118,77,193,77,0,1,100000000.0
27,SIENA,Brgy. Siena,Medium,130,3,159,3,42,52,23.81
27,SIKATUNA_VILLAGE,Brgy. Sikatuna Village,Low,152,4,73,4,37,17,-54.05
27,SILANGAN,Brgy. Silangan,Medium,132,5,138,5,25,26,4.0
27,SOCORRO,Brgy. Socorro,Low,352,12,93,12,28,6,-78.57
27,SOUTH_TRIANGLE,Brgy. South Triangle,Medium,229,15,131,15,14,7,-50.0
27,STA_CRUZ,Brgy. Sta. Cruz,Medium,194,4,138,4,47,33,-29.79
27,STA_LUCIA,Brgy. Sta. Lucia,Medium,333,29,67,29,10,1,-90.0
27,STA_MONICA,Brgy. Sta. Monica,Medium,252,52,291,52,3,4,33.33
27,STA_TERESITA,Brgy. Sta. Teresita,None,0,0,0,0,1,1,0.0
27,STO_CRISTO,Brgy. Sto. Cristo,Medium,255,26,301,26,8,10,25.0
27,STO_DOMINGO,Brgy. Sto. Domingo,Medium,174,12,81,12,13,5,-61.54
27,STO_NINO,Brgy. Sto. Nino,None,0,0,0,0,1,1,0.0
27,TAGUMPAY,Brgy. Tagumpay,Low,149,2,184,2,73,91,24.66
27,TALAYAN,Brgy. Talayan,Medium,196,5,142,5,38,27,-28.95
27,TALIPAPA,Brgy. Talipapa,Medium,407,39,143,39,9,2,-77.78
27,TANDANG_SORA,Brgy. Tandang Sora,Medium,97,84,410,84,0,3,300000000.0
27,TATALON,Brgy. Tatalon,Medium,528,56,552,56,8,8,0.0
27,TEACHERS_VILLAGE_EAST,Brgy. Teachers Village East,Low,79,2,86,2,38,42,10.53
27,TEACHERS_VILLAGE_WEST,Brgy. Teachers Village West,Low,150,2,140,2,74,69,-6.76
27,UGONG_NORTE,Brgy. Ugong Norte,Low,206,4,210,4,50,51,2.0
27,UNANG_SIGAW,Brgy. Unang Sigaw,Low,96,4,182,4,23,44,91.3
27,UP_CAMPUS,Brgy. UP Campus,Medium,341,48,317,48,6,5,-16.67
27,UP_VILLAGE,Brgy. UP Village,None,0,0,0,0,1,1,0.0
27,VALENCIA,Brgy. Valencia,Low,167,6,151,6,26,24,-7.69
27,VASRA,Brgy. Vasra,Medium,116,8,209,8,13,25,92.31
27,VETERANS_VILLAGE,Brgy. Veterans Village,Medium,154,13,124,13,10,8,-20.0
27,VILLA_MARIA_CLARA,Brgy. Villa Maria Clara,None,0,0,0,0,1,1,0.0
27,WEST_KAMIAS,Brgy. West Kamias,Medium,146,5,164,5,28,31,10.71
27,WEST_TRIANGLE,Brgy. West Triangle,Medium,134,3,90,3,43,29,-32.56
27,WHITE_PLAINS,Brgy. White Plains,Low,187,2,81,2,92,39,-57.61
28,ALICIA,Brgy. Alicia,Medium,204,7,176,7,28,24,-14.29
28,AMIHAN,Brgy. Amihan,Low,128,2,139,2,63,68,7.94
28,APOLONIO_SAMSON,Brgy. Apolonio Samson,High,321,68,305,68,3,3,0.0
28,BAESA,Brgy. Baesa,Medium,32,56,126,56,0,1,100000000.0
28,BAGBAG,Brgy. Bagbag,Medium,116,65,491,65,0,6,600000000.0
28,BAGONG_LIPUNAN_NG_CRAME,Brgy. Bagong Lipunan ng Crame,Low,195,7,140,7,26,19,-26.92
28,BAGONG_PAG_ASA,Brgy. Bagong Pag-asa,Medium,38,30,325,30,0,9,900000000.0
28,BAGONG_SILANGAN,Brgy. Bagong Silangan,Low,257,54,100,54,3,0,-100.0
28,BAGUMBAYAN,Brgy. Bagumbayan,Low,100,12,167,12,7,12,71.43
28,BAGUMBUHAY,Brgy. Bagumbuhay,Medium,260,7,228,7,36,31,-13.89
28,BAHAY_TORO,Brgy. Bahay Toro,Medium,403,60,115,60,5,0,-100.0
28,BALINGASA,Brgy. Balingasa,Medium,154,20,90,20,6,3,-50.0
28,BALUMBATO,Brgy. Balumbato,Medium,44,7,265,7,5,36,620.0
28,BATASAN_HILLS,Brgy. Batasan Hills,Medium,238,167,865,167,0,4,400000000.0
28,BAYANIHAN,Brgy. Bayanihan,Low,32,1,155,1,31,154,396.77
28,BLUE_RIDGE_A,Brgy. Blue Ridge A,None,0,0,0,0,1,1,0.0
28,BLUE_RIDGE_B,Brgy. Blue Ridge B,Low,168,1,8,1,167,7,-95.81
28,BOTOCAN,Brgy. Botocan,Low,223,4,148,4,54,36,-33.33
28,BUNGAD,Brgy. Bungad,Medium,122,8,83,8,14,9,-35.71
28,CAMP_AGUINALDO,Brgy. Camp Aguinaldo,Low,51,2,99,2,24,48,100.0
28,CAPRI,Brgy. Capri,Medium,117,13,70,13,8,4,-50.0
28,CENTRAL,Brgy. Central,Medium,43,20,293,20,1,13,1200.0
28,COMMONWEALTH,Brgy. Commonwealth,Medium,549,214,449,214,1,1,0.0
28,CULIAT,Brgy. Culiat,Medium,193,68,386,68,1,4,300.0
28,DAMAR,Brgy. Damar,Low,48,1,171,1,47,170,261.7
28,DAMAYAN,Brgy. Damayan,Medium,162,7,37,7,22,4,-81.82
28,DAMAYANG_LAGI,Brgy. Damayang Lagi,Medium,202,20,215,20,9,9,0.0
28,DEL_MONTE,Brgy. Del Monte,Medium,201,11,84,11,17,6,-64.71
28,DIOQUINO_ZOBEL,Brgy. Dioquino Zobel,None,0,0,0,0,1,1,0.0
28,DONA_AURORA,Brgy. Dona Aurora,None,0,0,0,0,1,1,0.0
28,DONA_IMELDA,Brgy. Dona Imelda,Medium,142,12,146,12,10,11,10.0
28,DONA_JOSEFA,Brgy. Dona Josefa,Low,121,1,234,1,120,233,94.17
28,DON_MANUEL,Brgy. Don Manuel,Low,91,1,78,1,90,77,-14.44
28,DUYAN_DUYAN,Brgy. Duyan-Duyan,Low,62,1,41,1,61,40,-34.43
28,EAST_KAMIAS,Brgy. East Kamias,Medium,241,7,260,7,33,36,9.09
28,ESCOBA_1,Brgy. Escopa 1,None,0,0,0,0,1,1,0.0
28,ESCOBA_2,Brgy. Escopa 2,None,0,0,0,0,1,1,0.0
28,ESCOBA_3,Brgy. Escopa 3,None,0,0,0,0,1,1,0.0
28,ESCOBA_4,Brgy. Escopa 4,None,0,0,0,0,1,1,0.0
28,E_RODRIGUEZ,Brgy. E. Rodriguez,Medium,281,18,23,18,14,0,-100.0
28,FAIRVIEW,Brgy. Fairview,Medium,178,62,464,62,1,6,500.0
28,GREATER_LAGRO,Brgy. Greater Lagro,Medium,128,24,44,24,4,0,-100.0
28,GULOD,Brgy. Gulod,Medium,352,63,228,63,4,2,-50.0
28,HOLY_SPIRIT,Brgy. Holy Spirit,None,0,0,0,0,1,1,0.0
28,HORSESHOE,Brgy. Horseshoe,Medium,39,3,102,3,12,33,175.0
28,IMMACULATE_CONCEPTION,Brgy. Immaculate Conception,Medium,145,9,224,9,15,23,53.33
28,KALIGAYAHAN,Brgy. Kaligayahan,Low,434,31,250,31,13,7,-46.15
28,KALUSUGAN,Brgy. Kalusugan,Medium,131,5,252,5,25,49,96.0
28,KAMUNING,Brgy. Kamuning,Medium,210,15,246,15,13,15,15.38
28,KATIPUNAN,Brgy. Katipunan,Medium,277,11,46,11,24,3,-87.5
28,KAUNLARAN,Brgy. Kaunlaran,None,0,0,0,0,1,1,0.0
28,KRISTONG_HARI,Brgy. Kristong Hari,Medium,81,7,107,7,10,14,40.0
28,KRUS_NA_LIGAS,Brgy. Krus na Ligas,Low,203,11,209,11,17,18,5.88
28,LAGING_HANDA,Brgy. Laging Handa,Low,135,3,76,3,44,24,-45.45
28,LIBIS,Brgy. Libis,Medium,110,5,52,5,21,9,-57.14
28,LOURDES,Brgy. Lourdes,Medium,52,5,94,5,9,17,88.89
28,LOYOLA_HEIGHTS,Brgy. Loyola Heights,Low,82,11,376,11,6,33,450.0
28,MAHARLIKA,Brgy. Maharlika,Medium,79,5,127,5,14,24,71.43
28,MALAYA,Brgy. Malaya,None,0,0,0,0,1,1,0.0
28,MANGGA,Brgy. Mangga,Low,179,6,95,6,28,14,-50.0
28,MANRESA,Brgy. Manresa,Medium,167,18,229,18,8,11,37.5
28,MARIANA,Brgy. Mariana,Medium,91,12,154,12,6,11,83.33
28,MARIBLO,Brgy. Mariblo,Medium,163,4,164,4,39,40,2.56
28,MARILAG,Brgy. Marilag,Low,184,7,150,7,25,20,-20.0
28,MASAGANA,Brgy. Masagana,Low,81,3,258,3,26,85,226.92
28,MASAMBONG,Brgy. Masambong,Medium,153,9,198,9,16,21,31.25
28,MATANDANG_BALARA,Brgy. Matandang Balara,Medium,524,70,431,70,6,5,-16.67
28,MILAGROSA,Brgy. Milagrosa,Low,106,4,92,4,25,22,-12.0
28,NAGKAISANG_NAYON,Brgy. Nagkaisang Nayon,Medium,95,54,363,54,0,5,500000000.0
28,NAYONG_KANLURAN,Brgy. Nayong Kanluran,Medium,84,3,213,3,27,70,159.26
28,NEW_ERA,Brgy. New Era,Low,205,8,164,8,24,19,-20.83
28,NORTH_FAIRVIEW,Brgy. North Fairview,Low,465,23,207,23,19,8,-57.89
28,NOVALICHES_PROPER,Brgy. Novaliches Proper,Medium,278,16,143,16,16,7,-56.25
28,NS_AMORANTO,Brgy. N. S. Amoranto,Medium,93,6,161,6,14,25,78.57
28,OBRERO,Brgy. Obrero,Medium,65,10,120,10,5,11,120.0
28,OLD_CAPITOL_SITE,Brgy. Old Capitol Site,Medium,160,2,168,2,79,83,5.06
28,PAANG_BUNDOK,Brgy. Paang Bundok,Low,147,3,159,3,48,52,8.33
28,PAG_IBIG_SA_NAYON,Brgy. Pag-Ibig sa Nayon,Medium,173,6,214,6,27,34,25.93
28,PALIGSAHAN,Brgy. Paligsahan,Medium,150,4,145,4,36,35,-2.78
28,PALTOK,Brgy. Paltok,Medium,194,19,351,19,9,17,88.89
28,PANSOL,Brgy. Pansol,Medium,152,36,290,36,3,7,133.33
28,PARAISO,Brgy. Paraiso,Medium,150,4,80,4,36,19,-47.22
28,PASONG_PUTIK_PROPER,Brgy. Pasong Putik Proper,Low,304,20,109,20,14,4,-71.43
28,PASONG_TAMO,Brgy. Pasong Tamo,Medium,744,111,306,111,5,1,-80.0
28,PAYATAS,Brgy. Payatas,Low,785,70,58,70,10,0,-100.0
28,PHILAM,Brgy. Philam,Low,134,2,220,2,66,109,65.15
28,PINAGKAISAHAN,Brgy. Pinagkaisahan,Medium,101,5,58,5,19,10,-47.37
28,PINYAHAN,Brgy. Pinyahan,Medium,309,22,203,22,13,8,-38.46
28,PROJECT_6,Brgy. Project 6,Medium,172,12,205,12,13,16,23.08
28,QUIRINO_2A,Brgy. Quirino 2-A,Medium,242,5,88,5,47,16,-65.96
28,QUIRINO_2B,Brgy. Quirino 2-B,Medium,162,4,188,4,39,46,17.95
28,QUIRINO_2C,Brgy. Quirino 2-C,Medium,166,4,186,4,40,45,12.5
28,QUIRINO_3A,Brgy. Quirino 3-A,Medium,168,2,79,2,83,38,-54.22
28,QUIRINO_3B,Brgy. Quirino 3-B,Medium,129,4,92,4,31,22,-29.03
28,RAMON_MAGSAYSAY,Brgy. Ramon Magsaysay,Medium,248,15,88,15,15,4,-73.33
28,ROXAS,Brgy. Roxas,Medium,97,11,227,11,7,19,171.43
28,SACRED_HEART,Brgy. Sacred Heart,Low,272,4,135,4,67,32,-52.24
28,SAINT_IGNATIUS,Brgy. Saint Ignatius,Low,160,2,115,2,79,56,-29.11
28,SAINT_PETER,Brgy. Saint Peter,Medium,87,5,180,5,16,35,118.75
28,SALVACION,Brgy. Salvacion,Low,60,4,207,4,14,50,257.14
28,SANGANDAAN,Brgy. Sangandaan,Medium,293,22,345,22,12,14,16.67
28,SANTOL,Brgy. Santol,Medium,188,7,192,7,25,26,4.0
28,SAN_AGUSTIN,Brgy. San Agustin,Low,132,13,98,13,9,6,-33.33
28,SAN_ANTONIO,Brgy. San Antonio,High,262,45,191,45,4,3,-25.0
28,SAN_BARTOLOME,Brgy. San Bartolome,Medium,325,52,326,52,5,5,0.0
28,SAN_ISIDRO,Brgy. San Isidro,Low,270,4,172,4,66,42,-36.36
28,SAN_ISIDRO_LABRADOR,Brgy. San Isidro Labrador,Low,226,4,201,4,55,49,-10.91
28,SAN_JOSE,Brgy. San Jose,None,0,0,0,0,1,1,0.0
28,SAN_MARTIN_DE_PORRES,Brgy. San Martin de Porres,Low,204,6,111,6,33,17,-48.48
28,SAN_ROQUE,Brgy. San Roque,Low,130,10,321,10,12,31,158.33
28,SAN_VICENTE,Brgy. San Vicente,Low,125,4,114,4,30,27,-10.0
28,SAUYO,Brgy. Sauyo,Medium,709,77,297,77,8,2,-75.0
28,SIENA,Brgy. Siena,Medium,155,3,215,3,50,70,40.0
28,SIKATUNA_VILLAGE,Brgy. Sikatuna Village,Low,126,4,46,4,30,10,-66.67
28,SILANGAN,Brgy. Silangan,Medium,81,5,191,5,15,37,146.67
28,SOCORRO,Brgy. Socorro,Medium,154,23,89,23,5,2,-60.0
28,SOUTH_TRIANGLE,Brgy. South Triangle,Medium,322,15,96,15,20,5,-75.0
28,STA_CRUZ,Brgy. Sta. Cruz,Medium,142,4,178,4,34,43,26.47
28,STA_LUCIA,Brgy. Sta. Lucia,Medium,244,29,467,29,7,15,114.29
28,STA_MONICA,Brgy. Sta. Monica,Medium,565,52,208,52,9,3,-66.67
28,STA_TERESITA,Brgy. Sta. Teresita,Low,281,6,106,6,45,16,-64.44
28,STO_CRISTO,Brgy. Sto. Cristo,Medium,207,26,128,26,6,3,-50.0
28,STO_DOMINGO,Brgy. Sto. Domingo,Medium,210,12,323,12,16,25,56.25
28,STO_NINO,Brgy. Sto. Nino,None,0,0,0,0,1,1,0.0
28,TAGUMPAY,Brgy. Tagumpay,Medium,44,3,206,3,13,67,415.38
28,TALAYAN,Brgy. Talayan,Medium,217,5,164,5,42,31,-26.19
28,TALIPAPA,Brgy. Talipapa,Medium,346,39,203,39,7,4,-42.86
28,TANDANG_SORA,Brgy. Tandang Sora,Medium,95,84,368,84,0,3,300000000.0
28,TATALON,Brgy. Tatalon,Medium,162,56,515,56,1,8,700.0
28,TEACHERS_VILLAGE_EAST,Brgy. Teachers Village East,Low,135,2,117,2,66,57,-13.64
28,TEACHERS_VILLAGE_WEST,Brgy. Teachers Village West,Low,87,2,122,2,42,60,42.86
28,UGONG_NORTE,Brgy. Ugong Norte,Low,213,4,46,4,52,10,-80.77
28,UNANG_SIGAW,Brgy. Unang Sigaw,Low,224,4,167,4,55,40,-27.27
28,UP_CAMPUS,Brgy. UP Campus,Medium,256,48,210,48,4,3,-25.0
28,UP_VILLAGE,Brgy. UP Village,Low,70,2,209,2,34,103,202.94
28,VALENCIA,Brgy. Valencia,Medium,105,11,171,11,8,14,75.0
28,VASRA,Brgy. Vasra,Medium,160,8,99,8,19,11,-42.11
28,VETERANS_VILLAGE,Brgy. Veterans Village,Medium,255,13,320,13,18,23,27.78
28,VILLA_MARIA_CLARA,Brgy. Villa Maria Clara,Low,83,2,109,2,40,53,32.5
28,WEST_KAMIAS,Brgy. West Kamias,Medium,35,5,159,5,6,30,400.0
28,WEST_TRIANGLE,Brgy. West Triangle,Medium,85,3,147,3,27,48,77.78
28,WHITE_PLAINS,Brgy. White Plains,Medium,133,4,181,4,32,44,37.5
29,ALICIA,Brgy. Alicia,Medium,158,7,100,7,21,13,-38.1
29,AMIHAN,Brgy. Amihan,Low,51,2,249,2,24,123,412.5
29,APOLONIO_SAMSON,Brgy. Apolonio Samson,High,186,68,221,68,1,2,100.0
29,BAESA,Brgy. Baesa,Medium,361,56,28,56,5,0,-100.0
29,BAGBAG,Brgy. Bagbag,Medium,563,65,174,65,7,1,-85.71
29,BAGONG_LIPUNAN_NG_CRAME,Brgy. Bagong Lipunan ng Crame,Low,79,7,137,7,10,18,80.0
29,BAGONG_PAG_ASA,Brgy. Bagong Pag-asa,Medium,202,30,234,30,5,6,20.0
29,BAGONG_SILANGAN,Brgy. Bagong Silangan,Low,482,54,352,54,7,5,-28.57
29,BAGUMBAYAN,Brgy. Bagumbayan,Low,177,12,94,12,13,6,-53.85
29,BAGUMBUHAY,Brgy. Bagumbuhay,Medium,133,7,119,7,18,16,-11.11
29,BAHAY_TORO,Brgy. Bahay Toro,Medium,640,60,572,60,9,8,-11.11
29,BALINGASA,Brgy. Balingasa,Medium,258,20,328,20,11,15,36.36
29,BALUMBATO,Brgy. Balumbato,Medium,196,7,160,7,27,21,-22.22
29,BATASAN_HILLS,Brgy. Batasan Hills,Medium,770,167,313,167,3,0,-100.0
29,BAYANIHAN,Brgy. Bayanihan,Low,22,1,152,1,21,151,619.05
29,BLUE_RIDGE_A,Brgy. Blue Ridge A,None,0,0,0,0,1,1,0.0
29,BLUE_RIDGE_B,Brgy. Blue Ridge B,Low,133,1,32,1,132,31,-76.52
29,BOTOCAN,Brgy. Botocan,Low,37,4,115,4,8,27,237.5
29,BUNGAD,Brgy. Bungad,Medium,222,8,54,8,26,5,-80.77
29,CAMP_AGUINALDO,Brgy. Camp Aguinaldo,None,0,0,0,0,1,1,0.0
29,CAPRI,Brgy. Capri,Medium,125,13,173,13,8,12,50.0
29,CENTRAL,Brgy. Central,Medium,112,20,261,20,4,12,200.0
29,COMMONWEALTH,Brgy. Commonwealth,Medium,147,214,376,214,0,0,0.0
29,CULIAT,Brgy. Culiat,Medium,673,68,166,68,8,1,-87.5
29,DAMAR,Brgy. Damar,Low,125,1,30,1,124,29,-76.61
29,DAMAYAN,Brgy. Damayan,Medium,104,7,101,7,13,13,0.0
29,DAMAYANG_LAGI,Brgy. Damayang Lagi,Medium,272,20,207,20,12,9,-25.0
29,DEL_MONTE,Brgy. Del Monte,Medium,158,11,184,11,13,15,15.38
29,DIOQUINO_ZOBEL,Brgy. Dioquino Zobel,None,0,0,0,0,1,1,0.0
29,DONA_AURORA,Brgy. Dona Aurora,None,0,0,0,0,1,1,0.0
29,DONA_IMELDA,Brgy. Dona Imelda,Medium,40,12,154,12,2,11,450.0
29,DONA_JOSEFA,Brgy. Dona Josefa,Low,123,1,69,1,122,68,-44.26
29,DON_MANUEL,Brgy. Don Manuel,Low,87,1,26,1,86,25,-70.93
29,DUYAN_DUYAN,Brgy. Duyan-Duyan,Low,165,1,204,1,164,203,23.78
29,EAST_KAMIAS,Brgy. East Kamias,Medium,221,7,182,7,30,25,-16.67
29,ESCOBA_1,Brgy. Escopa 1,None,0,0,0,0,1,1,0.0
29,ESCOBA_2,Brgy. Escopa 2,None,0,0,0,0,1,1,0.0
29,ESCOBA_3,Brgy. Escopa 3,None,0,0,0,0,1,1,0.0
29,ESCOBA_4,Brgy. Escopa 4,None,0,0,0,0,1,1,0.0
29,E_RODRIGUEZ,Brgy. E. Rodriguez,Medium,299,18,84,18,15,3,-80.0
29,FAIRVIEW,Brgy. Fairview,Medium,448,62,206,62,6,2,-66.67
29,GREATER_LAGRO,Brgy. Greater Lagro,Medium,122,24,172,24,4,6,50.0
29,GULOD,Brgy. Gulod,Medium,660,63,607,63,9,8,-11.11
29,HOLY_SPIRIT,Brgy. Holy Spirit,None,0,0,0,0,1,1,0.0
29,HORSESHOE,Brgy. Horseshoe,Medium,148,3,141,3,48,46,-4.17
29,IMMACULATE_CONCEPTION,Brgy. Immaculate Conception,Medium,116,9,154,9,11,16,45.45
29,KALIGAYAHAN,Brgy. Kaligayahan,Low,199,31,165,31,5,4,-20.0
29,KALUSUGAN,Brgy. Kalusugan,Medium,159,5,88,5,30,16,-46.67
29,KAMUNING,Brgy. Kamuning,Medium,239,15,216,15,14,13,-7.14
29,KATIPUNAN,Brgy. Katipunan,Medium,230,11,192,11,19,16,-15.79
29,KAUNLARAN,Brgy. Kaunlaran,None,0,0,0,0,1,1,0.0
29,KRISTONG_HARI,Brgy. Kristong Hari,Medium,200,7,109,7,27,14,-48.15
29,KRUS_NA_LIGAS,Brgy. Krus na Ligas,Low,107,11,179,11,8,15,87.5
29,LAGING_HANDA,Brgy. Laging Handa,Low,18,3,208,3,5,68,1260.0
29,LIBIS,Brgy. Libis,Medium,197,5,84,5,38,15,-60.53
29,LOURDES,Brgy. Lourdes,Medium,61,5,165,5,11,32,190.91
29,LOYOLA_HEIGHTS,Brgy. Loyola Heights,Low,107,11,252,11,8,21,162.5
29,MAHARLIKA,Brgy. Maharlika,Medium,157,5,38,5,30,6,-80.0
29,MALAYA,Brgy. Malaya,None,0,0,0,0,1,1,0.0
29,MANGGA,Brgy. Mangga,Low,171,6,74,6,27,11,-59.26
29,MANRESA,Brgy. Manresa,Medium,247,18,177,18,12,8,-33.33
29,MARIANA,Brgy. Mariana,Medium,105,12,77,12,7,5,-28.57
29,MARIBLO,Brgy. Mariblo,Medium,137,4,205,4,33,50,51.52
29,MARILAG,Brgy. Marilag,Low,310,7,78,7,43,10,-76.74
29,MASAGANA,Brgy. Masagana,Low,87,3,181,3,28,59,110.71
29,MASAMBONG,Brgy. Masambong,Medium,76,9,189,9,7,20,185.71
29,MATANDANG_BALARA,Brgy. Matandang Balara,Medium,340,70,576,70,3,7,133.33
29,MILAGROSA,Brgy. Milagrosa,Low,18,4,99,4,3,23,666.67
29,NAGKAISANG_NAYON,Brgy. Nagkaisang Nayon,Medium,254,54,191,54,3,2,-33.33
29,NAYONG_KANLURAN,Brgy. Nayong Kanluran,Medium,144,3,130,3,47,42,-10.64
29,NEW_ERA,Brgy. New Era,Low,149,8,98,8,17,11,-35.29
29,NORTH_FAIRVIEW,Brgy. North Fairview,Low,193,23,233,23,7,9,28.57
29,NOVALICHES_PROPER,Brgy. Novaliches Proper,Medium,262,16,259,16,15,15,0.0
29,NS_AMORANTO,Brgy. N. S. Amoranto,Medium,34,6,97,6,4,15,275.0
29,OBRERO,Brgy. Obrero,Medium,211,10,184,10,20,17,-15.0
29,OLD_CAPITOL_SITE,Brgy. Old Capitol Site,Medium,102,2,211,2,50,104,108.0
29,PAANG_BUNDOK,Brgy. Paang Bundok,Low,18,3,236,3,5,77,1440.0
29,PAG_IBIG_SA_NAYON,Brgy. Pag-Ibig sa Nayon,Medium,144,6,92,6,23,14,-39.13
29,PALIGSAHAN,Brgy. Paligsahan,Medium,217,4,192,4,53,47,-11.32
29,PALTOK,Brgy. Paltok,Medium,273,19,387,19,13,19,46.15
29,PANSOL,Brgy. Pansol,Medium,297,36,366,36,7,9,28.57
29,PARAISO,Brgy. Paraiso,Medium,164,4,41,4,40,9,-77.5
29,PASONG_PUTIK_PROPER,Brgy. Pasong Putik Proper,Low,483,20,178,20,23,7,-69.57
29,PASONG_TAMO,Brgy. Pasong Tamo,Medium,190,111,583,111,0,4,400000000.0
29,PAYATAS,Brgy. Payatas,Low,319,70,439,70,3,5,66.67
29,PHILAM,Brgy. Philam,Low,132,2,89,2,65,43,-33.85
29,PINAGKAISAHAN,Brgy. Pinagkaisahan,Medium,67,5,245,5,12,48,300.0
29,PINYAHAN,Brgy. Pinyahan,Medium,139,22,246,22,5,10,100.0
29,PROJECT_6,Brgy. Project 6,Medium,154,12,68,12,11,4,-63.64
29,QUIRINO_2A,Brgy. Quirino 2-A,Medium,92,5,243,5,17,47,176.47
29,QUIRINO_2B,Brgy. Quirino 2-B,Medium,57,4,91,4,13,21,61.54
29,QUIRINO_2C,Brgy. Quirino 2-C,Medium,119,4,102,4,28,24,-14.29
29,QUIRINO_3A,Brgy. Quirino 3-A,Medium,198,2,209,2,98,103,5.1
29,QUIRINO_3B,Brgy. Quirino 3-B,Medium,41,4,110,4,9,26,188.89
29,RAMON_MAGSAYSAY,Brgy. Ramon Magsaysay,Medium,289,15,52,15,18,2,-88.89
29,ROXAS,Brgy. Roxas,Medium,199,11,245,11,17,21,23.53
29,SACRED_HEART,Brgy. Sacred Heart,Low,124,4,69,4,30,16,-46.67
29,SAINT_IGNATIUS,Brgy. Saint Ignatius,Low,170,2,203,2,84,100,19.05
29,SAINT_PETER,Brgy. Saint Peter,Medium,118,5,135,5,22,26,18.18
29,SALVACION,Brgy. Salvacion,Low,222,4,125,4,54,30,-44.44
29,SANGANDAAN,Brgy. Sangandaan,Medium,117,22,66,22,4,2,-50.0
29,SANTOL,Brgy. Santol,Medium,11,7,114,7,0,15,1500000000.0
29,SAN_AGUSTIN,Brgy. San Agustin,Low,151,13,260,13,10,19,90.0
29,SAN_ANTONIO,Brgy. San Antonio,Medium,137,23,303,23,4,12,200.0
29,SAN_BARTOLOME,Brgy. San Bartolome,Medium,441,52,495,52,7,8,14.29
29,SAN_ISIDRO,Brgy. San Isidro,Low,148,4,205,4,36,50,38.89
29,SAN_ISIDRO_LABRADOR,Brgy. San Isidro Labrador,Low,134,4,147,4,32,35,9.37
29,SAN_JOSE,Brgy. San Jose,None,0,0,0,0,1,1,0.0
29,SAN_MARTIN_DE_PORRES,Brgy. San Martin de Porres,Low,64,6,219,6,9,35,288.89
29,SAN_ROQUE,Brgy. San Roque,None,0,0,0,0,1,1,0.0
29,SAN_VICENTE,Brgy. San Vicente,Low,232,4,129,4,57,31,-45.61
29,SAUYO,Brgy. Sauyo,Medium,497,77,267,77,5,2,-60.0
29,SIENA,Brgy. Siena,Medium,168,3,165,3,55,54,-1.82
29,SIKATUNA_VILLAGE,Brgy. Sikatuna Village,Low,176,4,161,4,43,39,-9.3
29,SILANGAN,Brgy. Silangan,Medium,108,5,219,5,20,42,110.0
29,SOCORRO,Brgy. Socorro,Medium,256,23,287,23,10,11,10.0
29,SOUTH_TRIANGLE,Brgy. South Triangle,Medium,110,15,256,15,6,16,166.67
29,STA_CRUZ,Brgy. Sta. Cruz,Medium,133,4,29,4,32,6,-81.25
29,STA_LUCIA,Brgy. Sta. Lucia,Medium,375,29,358,29,11,11,0.0
29,STA_MONICA,Brgy. Sta. Monica,Medium,145,52,194,52,1,2,100.0
29,STA_TERESITA,Brgy. Sta. Teresita,Low,217,6,227,6,35,36,2.86
29,STO_CRISTO,Brgy. Sto. Cristo,Medium,170,26,369,26,5,13,160.0
29,STO_DOMINGO,Brgy. Sto. Domingo,Medium,270,12,52,12,21,3,-85.71
29,STO_NINO,Brgy. Sto. Nino,None,0,0,0,0,1,1,0.0
29,TAGUMPAY,Brgy. Tagumpay,Medium,149,3,47,3,48,14,-70.83
29,TALAYAN,Brgy. Talayan,Medium,194,5,176,5,37,34,-8.11
29,TALIPAPA,Brgy. Talipapa,Medium,144,39,235,39,2,5,150.0
29,TANDANG_SORA,Brgy. Tandang Sora,Medium,285,84,707,84,2,7,250.0
29,TATALON,Brgy. Tatalon,Medium,264,56,58,56,3,0,-100.0
29,TEACHERS_VILLAGE_EAST,Brgy. Teachers Village East,Low,36,2,189,2,17,93,447.06
29,TEACHERS_VILLAGE_WEST,Brgy. Teachers Village West,Low,181,2,213,2,89,105,17.98
29,UGONG_NORTE,Brgy. Ugong Norte,Low,207,4,163,4,50,39,-22.0
29,UNANG_SIGAW,Brgy. Unang Sigaw,Low,42,4,194,4,9,47,422.22
29,UP_CAMPUS,Brgy. UP Campus,Medium,362,48,509,48,6,9,50.0
29,UP_VILLAGE,Brgy. UP Village,Low,210,2,197,2,104,97,-6.73
29,VALENCIA,Brgy. Valencia,Medium,164,11,222,11,13,19,46.15
29,VASRA,Brgy. Vasra,Medium,180,8,94,8,21,10,-52.38
29,VETERANS_VILLAGE,Brgy. Veterans Village,Medium,312,13,187,13,23,13,-43.48
29,VILLA_MARIA_CLARA,Brgy. Villa Maria Clara,Low,124,2,30,2,61,14,-77.05
29,WEST_KAMIAS,Brgy. West Kamias,Medium,46,5,210,5,8,41,412.5
29,WEST_TRIANGLE,Brgy. West Triangle,Medium,53,3,91,3,16,29,81.25
29,WHITE_PLAINS,Brgy. White Plains,Medium,62,4,154,4,14,37,164.29
30,ALICIA,Brgy. Alicia,Medium,163,7,181,7,22,24,9.09
30,AMIHAN,Brgy. Amihan,Medium,101,4,164,4,24,40,66.67
30,APOLONIO_SAMSON,Brgy. Apolonio Samson,Medium,152,34,433,34,3,11,266.67
30,BAESA,Brgy. Baesa,Medium,317,56,251,56,4,3,-25.0
30,BAGBAG,Brgy. Bagbag,Medium,506,65,287,65,6,3,-50.0
30,BAGONG_LIPUNAN_NG_CRAME,Brgy. Bagong Lipunan ng Crame,Medium,205,14,283,14,13,19,46.15
30,BAGONG_PAG_ASA,Brgy. Bagong Pag-asa,Medium,324,30,235,30,9,6,-33.33
30,BAGONG_SILANGAN,Brgy. Bagong Silangan,Medium,353,107,206,107,2,0,-100.0
30,BAGUMBAYAN,Brgy. Bagumbayan,Medium,247,23,197,23,9,7,-22.22
30,BAGUMBUHAY,Brgy. Bagumbuhay,Medium,85,7,66,7,11,8,-27.27
30,BAHAY_TORO,Brgy. Bahay Toro,Medium,465,60,485,60,6,7,16.67
30,BALINGASA,Brgy. Balingasa,Medium,28,20,116,20,0,4,400000000.0
30,BALUMBATO,Brgy. Balumbato,Medium,116,7,128,7,15,17,13.33
30,BATASAN_HILLS,Brgy. Batasan Hills,Medium,910,167,179,167,4,0,-100.0
30,BAYANIHAN,Brgy. Bayanihan,Medium,109,1,86,1,108,85,-21.3
30,BLUE_RIDGE_A,Brgy. Blue Ridge A,None,0,0,0,0,1,1,0.0
30,BLUE_RIDGE_B,Brgy. Blue Ridge B,Medium,133,2,45,2,65,21,-67.69
30,BOTOCAN,Brgy. Botocan,Low,107,4,199,4,25,48,92.0
30,BUNGAD,Brgy. Bungad,Medium,140,8,168,8,16,20,25.0
30,CAMP_AGUINALDO,Brgy. Camp Aguinaldo,Low,158,2,182,2,78,90,15.38
30,CAPRI,Brgy. Capri,Medium,134,13,222,13,9,16,77.78
30,CENTRAL,Brgy. Central,Medium,220,20,263,20,10,12,20.0
30,COMMONWEALTH,Brgy. Commonwealth,Medium,707,214,164,214,2,0,-100.0
30,CULIAT,Brgy. Culiat,Medium,450,68,562,68,5,7,40.0
30,DAMAR,Brgy. Damar,Low,183,1,48,1,182,47,-74.18
30,DAMAYAN,Brgy. Damayan,Medium,194,7,44,7,26,5,-80.77
30,DAMAYANG_LAGI,Brgy. Damayang Lagi,Medium,221,20,156,20,10,6,-40.0
30,DEL_MONTE,Brgy. Del Monte,Medium,188,11,261,11,16,22,37.5
30,DIOQUINO_ZOBEL,Brgy. Dioquino Zobel,None,0,0,0,0,1,1,0.0
30,DONA_AURORA,Brgy. Dona Aurora,None,0,0,0,0,1,1,0.0
30,DONA_IMELDA,Brgy. Dona Imelda,Medium,63,12,209,12,4,16,300.0
30,DONA_JOSEFA,Brgy. Dona Josefa,Low,94,1,156,1,93,155,66.67
30,DON_MANUEL,Brgy. Don Manuel,Low,69,1,97,1,68,96,41.18
30,DUYAN_DUYAN,Brgy. Duyan-Duyan,Low,167,1,191,1,166,190,14.46
30,EAST_KAMIAS,Brgy. East Kamias,Medium,163,7,196,7,22,27,22.73
30,ESCOBA_1,Brgy. Escopa 1,None,0,0,0,0,1,1,0.0
30,ESCOBA_2,Brgy. Escopa 2,None,0,0,0,0,1,1,0.0
30,ESCOBA_3,Brgy. Escopa 3,None,0,0,0,0,1,1,0.0
30,ESCOBA_4,Brgy. Escopa 4,None,0,0,0,0,1,1,0.0
30,E_RODRIGUEZ,Brgy. E. Rodriguez,Medium,163,18,78,18,8,3,-62.5
30,FAIRVIEW,Brgy. Fairview,Medium,446,62,258,62,6,3,-50.0
30,GREATER_LAGRO,Brgy. Greater Lagro,Medium,125,24,119,24,4,3,-25.0
30,GULOD,Brgy. Gulod,Medium,263,63,117,63,3,0,-100.0
30,HOLY_SPIRIT,Brgy. Holy Spirit,Low,389,56,559,56,5,8,60.0
30,HORSESHOE,Brgy. Horseshoe,Medium,108,3,53,3,35,16,-54.29
30,IMMACULATE_CONCEPTION,Brgy. Immaculate Conception,Medium,217,9,138,9,23,14,-39.13
30,KALIGAYAHAN,Brgy. Kaligayahan,Low,149,31,197,31,3,5,66.67
30,KALUSUGAN,Brgy. Kalusugan,Medium,150,5,133,5,29,25,-13.79
30,KAMUNING,Brgy. Kamuning,Medium,152,15,157,15,9,9,0.0
30,KATIPUNAN,Brgy. Katipunan,Medium,198,11,291,11,17,25,47.06
30,KAUNLARAN,Brgy. Kaunlaran,None,0,0,0,0,1,1,0.0
30,KRISTONG_HARI,Brgy. Kristong Hari,Medium,154,7,171,7,21,23,9.52
30,KRUS_NA_LIGAS,Brgy. Krus na Ligas,Low,138,11,357,11,11,31,181.82
30,LAGING_HANDA,Brgy. Laging Handa,Low,136,3,40,3,44,12,-72.73
30,LIBIS,Brgy. Libis,Medium,149,5,92,5,28,17,-39.29
30,LOURDES,Brgy. Lourdes,Medium,215,5,98,5,42,18,-57.14
30,LOYOLA_HEIGHTS,Brgy. Loyola Heights,Low,112,11,39,11,9,2,-77.78
30,MAHARLIKA,Brgy. Maharlika,Medium,183,5,118,5,35,22,-37.14
30,MALAYA,Brgy. Malaya,None,0,0,0,0,1,1,0.0
30,MANGGA,Brgy. Mangga,Low,62,6,161,6,9,25,177.78
30,MANRESA,Brgy. Manresa,Medium,226,18,183,18,11,9,-18.18
30,MARIANA,Brgy. Mariana,Medium,27,12,8,12,1,0,-100.0
30,MARIBLO,Brgy. Mariblo,Medium,97,4,77,4,23,18,-21.74
30,MARILAG,Brgy. Marilag,Low,149,7,113,7,20,15,-25.0
30,MASAGANA,Brgy. Masagana,Low,43,3,64,3,13,20,53.85
30,MASAMBONG,Brgy. Masambong,Medium,163,9,146,9,17,15,-11.76
30,MATANDANG_BALARA,Brgy. Matandang Balara,Medium,269,70,116,70,2,0,-100.0
30,MILAGROSA,Brgy. Milagrosa,Low,126,4,124,4,30,30,0.0
30,NAGKAISANG_NAYON,Brgy. Nagkaisang Nayon,Medium,181,54,315,54,2,4,100.0
30,NAYONG_KANLURAN,Brgy. Nayong Kanluran,Medium,102,3,106,3,33,34,3.03
30,NEW_ERA,Brgy. New Era,Medium,112,15,311,15,6,19,216.67
30,NORTH_FAIRVIEW,Brgy. North Fairview,Medium,398,45,479,45,7,9,28.57
30,NOVALICHES_PROPER,Brgy. Novaliches Proper,Medium,139,16,165,16,7,9,28.57
30,NS_AMORANTO,Brgy. N. S. Amoranto,Medium,120,6,159,6,19,25,31.58
30,OBRERO,Brgy. Obrero,Medium,155,10,157,10,14,14,0.0
30,OLD_CAPITOL_SITE,Brgy. Old Capitol Site,Medium,145,2,93,2,71,45,-36.62
30,PAANG_BUNDOK,Brgy. Paang Bundok,Low,75,3,66,3,24,21,-12.5
30,PAG_IBIG_SA_NAYON,Brgy. Pag-Ibig sa Nayon,Medium,130,6,163,6,20,26,30.0
30,PALIGSAHAN,Brgy. Paligsahan,Medium,105,4,170,4,25,41,64.0
30,PALTOK,Brgy. Paltok,Medium,294,19,168,19,14,7,-50.0
30,PANSOL,Brgy. Pansol,Medium,277,36,330,36,6,8,33.33
30,PARAISO,Brgy. Paraiso,Medium,101,4,147,4,24,35,45.83
30,PASONG_PUTIK_PROPER,Brgy. Pasong Putik Proper,Low,288,20,317,20,13,14,7.69
30,PASONG_TAMO,Brgy. Pasong Tamo,Medium,384,111,828,111,2,6,200.0
30,PAYATAS,Brgy. Payatas,Medium,336,140,341,140,1,1,0.0
30,PHILAM,Brgy. Philam,Low,141,2,161,2,69,79,14.49
30,PINAGKAISAHAN,Brgy. Pinagkaisahan,Medium,150,5,150,5,29,29,0.0
30,PINYAHAN,Brgy. Pinyahan,Medium,214,22,275,22,8,11,37.5
30,PROJECT_6,Brgy. Project 6,Medium,79,12,151,12,5,11,120.0
30,QUIRINO_2A,Brgy. Quirino 2-A,Medium,112,5,151,5,21,29,38.1
30,QUIRINO_2B,Brgy. Quirino 2-B,Medium,36,4,115,4,8,27,237.5
30,QUIRINO_2C,Brgy. Quirino 2-C,Medium,68,4,30,4,16,6,-62.5
30,QUIRINO_3A,Brgy. Quirino 3-A,Medium,156,2,129,2,77,63,-18.18
30,QUIRINO_3B,Brgy. Quirino 3-B,Medium,117,4,170,4,28,41,46.43
30,RAMON_MAGSAYSAY,Brgy. Ramon Magsaysay,Medium,198,15,84,15,12,4,-66.67
30,ROXAS,Brgy. Roxas,Medium,81,11,174,11,6,14,133.33
30,SACRED_HEART,Brgy. Sacred Heart,Low,180,4,48,4,44,11,-75.0
30,SAINT_IGNATIUS,Brgy. Saint Ignatius,Low,45,2,230,2,21,114,442.86
30,SAINT_PETER,Brgy. Saint Peter,Medium,71,5,208,5,13,40,207.69
30,SALVACION,Brgy. Salvacion,Low,76,4,33,4,18,7,-61.11
30,SANGANDAAN,Brgy. Sangandaan,Medium,235,22,135,22,9,5,-44.44
30,SANTOL,Brgy. Santol,Low,178,4,91,4,43,21,-51.16
30,SAN_AGUSTIN,Brgy. San Agustin,Low,295,13,74,13,21,4,-80.95
30,SAN_ANTONIO,Brgy. San Antonio,Medium,251,23,166,23,9,6,-33.33
30,SAN_BARTOLOME,Brgy. San Bartolome,Medium,523,52,533,52,9,9,0.0
30,SAN_ISIDRO,Brgy. San Isidro,Low,20,4,141,4,4,34,750.0
30,SAN_ISIDRO_LABRADOR,Brgy. San Isidro Labrador,Low,219,4,264,4,53,65,22.64
30,SAN_JOSE,Brgy. San Jose,None,0,0,0,0,1,1,0.0
30,SAN_MARTIN_DE_PORRES,Brgy. San Martin de Porres,Medium,264,12,106,12,21,7,-66.67
30,SAN_ROQUE,Brgy. San Roque,Low,91,10,109,10,8,9,12.5
30,SAN_VICENTE,Brgy. San Vicente,Medium,72,8,247,8,8,29,262.5
30,SAUYO,Brgy. Sauyo,Medium,341,77,507,77,3,5,66.67
30,SIENA,Brgy. Siena,Medium,58,3,146,3,18,47,161.11
30,SIKATUNA_VILLAGE,Brgy. Sikatuna Village,Low,185,4,170,4,45,41,-8.89
30,SILANGAN,Brgy. Silangan,Medium,202,5,215,5,39,42,7.69
30,SOCORRO,Brgy. Socorro,Medium,253,23,234,23,10,9,-10.0
30,SOUTH_TRIANGLE,Brgy. South Triangle,Medium,87,15,142,15,4,8,100.0
30,STA_CRUZ,Brgy. Sta. Cruz,Medium,111,4,131,4,26,31,19.23
30,STA_LUCIA,Brgy. Sta. Lucia,Medium,290,29,190,29,9,5,-44.44
30,STA_MONICA,Brgy. Sta. Monica,Medium,561,52,408,52,9,6,-33.33
30,STA_TERESITA,Brgy. Sta. Teresita,Low,104,6,244,6,16,39,143.75
30,STO_CRISTO,Brgy. Sto. Cristo,Medium,248,26,128,26,8,3,-62.5
30,STO_DOMINGO,Brgy. Sto. Domingo,Medium,90,12,198,12,6,15,150.0
30,STO_NINO,Brgy. Sto. Nino,None,0,0,0,0,1,1,0.0
30,TAGUMPAY,Brgy. Tagumpay,Medium,86,3,143,3,27,46,70.37
30,TALAYAN,Brgy. Talayan,Medium,124,5,101,5,23,19,-17.39
30,TALIPAPA,Brgy. Talipapa,Medium,305,39,323,39,6,7,16.67
30,TANDANG_SORA,Brgy. Tandang Sora,Medium,540,84,333,84,5,2,-60.0
30,TATALON,Brgy. Tatalon,Medium,96,56,218,56,0,2,200000000.0
30,TEACHERS_VILLAGE_EAST,Brgy. Teachers Village East,Low,176,2,129,2,87,63,-27.59
30,TEACHERS_VILLAGE_WEST,Brgy. Teachers Village West,Low,46,2,78,2,22,38,72.73
30,UGONG_NORTE,Brgy. Ugong Norte,Low,121,4,85,4,29,20,-31.03
30,UNANG_SIGAW,Brgy. Unang Sigaw,Low,197,4,177,4,48,43,-10.42
30,UP_CAMPUS,Brgy. UP Campus,Medium,263,48,476,48,4,8,100.0
30,UP_VILLAGE,Brgy. UP Village,Low,39,2,189,2,18,93,416.67
30,VALENCIA,Brgy. Valencia,Medium,102,11,187,11,8,16,100.0
30,VASRA,Brgy. Vasra,Medium,148,8,81,8,17,9,-47.06
30,VETERANS_VILLAGE,Brgy. Veterans Village,Medium,117,13,201,13,8,14,75.0
30,VILLA_MARIA_CLARA,Brgy. Villa Maria Clara,Low,125,2,122,2,61,60,-1.64
30,WEST_KAMIAS,Brgy. West Kamias,Medium,91,5,95,5,17,18,5.88
30,WEST_TRIANGLE,Brgy. West Triangle,Medium,78,3,78,3,25,25,0.0
30,WHITE_PLAINS,Brgy. White Plains,Medium,151,4,144,4,36,35,-2.78
